Fitter report for TinySign
Thu Oct  8 15:50:20 2026
Quartus Prime Version 20.1.0 Build 711 06/05/2020 SJ Lite Edition


---------------------
; Table of Contents ;
---------------------
  1. Legal Notice
  2. Fitter Summary
  3. Fitter Settings
  4. Parallel Compilation
  5. Fitter Netlist Optimizations
  6. Incremental Compilation Preservation Summary
  7. Incremental Compilation Partition Settings
  8. Incremental Compilation Placement Preservation
  9. Fitter Resource Usage Summary
 10. Fitter Partition Statistics
 11. Input Pins
 12. Output Pins
 13. I/O Bank Usage
 14. All Package Pins
 15. I/O Assignment Warnings
 16. Fitter Resource Utilization by Entity
 17. Delay Chain Summary
 18. Pad To Core Delay Chain Fanout
 19. Control Signals
 20. Global & Other Fast Signals
 21. Non-Global High Fan-Out Signals
 22. I/O Rules Summary
 23. I/O Rules Details
 24. I/O Rules Matrix
 25. Fitter Device Options
 26. Operating Settings and Conditions
 27. Fitter Messages
 28. Fitter Suppressed Messages



----------------
; Legal Notice ;
----------------
Copyright (C) 2020  Intel Corporation. All rights reserved.
Your use of Intel Corporation's design tools, logic functions 
and other software and tools, and any partner logic 
functions, and any output files from any of the foregoing 
(including device programming or simulation files), and any 
associated documentation or information are expressly subject 
to the terms and conditions of the Intel Program License 
Subscription Agreement, the Intel Quartus Prime License Agreement,
the Intel FPGA IP License Agreement, or other applicable license
agreement, including, without limitation, that your use is for
the sole purpose of programming logic devices manufactured by
Intel and sold by Intel or its authorized distributors.  Please
refer to the applicable agreement for further details, at
https://fpgasoftware.intel.com/eula.



+-------------------------------------------------------------------------------+
; Fitter Summary                                                                ;
+---------------------------------+---------------------------------------------+
; Fitter Status                   ; Failed - Thu Oct  8 15:50:19 2026           ;
; Quartus Prime Version           ; 20.1.0 Build 711 06/05/2020 SJ Lite Edition ;
; Revision Name                   ; TinySign                                    ;
; Top-level Entity Name           ; tinysign_de10nano                           ;
; Family                          ; Cyclone V                                   ;
; Device                          ; 5CSEBA6U23I7                                ;
; Timing Models                   ; Final                                       ;
; Logic utilization (in ALMs)     ; 46,158 / 41,910 ( 110 % )                   ;
; Total registers                 ; 67887                                       ;
; Total pins                      ; 81 / 314 ( 26 % )                           ;
; Total virtual pins              ; 0                                           ;
; Total block memory bits         ; 0 / 5,662,720 ( 0 % )                       ;
; Total RAM Blocks                ; 0 / 553 ( 0 % )                             ;
; Total DSP Blocks                ; 0 / 112 ( 0 % )                             ;
; Total HSSI RX PCSs              ; 0                                           ;
; Total HSSI PMA RX Deserializers ; 0                                           ;
; Total HSSI TX PCSs              ; 0                                           ;
; Total HSSI PMA TX Serializers   ; 0                                           ;
; Total PLLs                      ; 0 / 6 ( 0 % )                               ;
; Total DLLs                      ; 0 / 4 ( 0 % )                               ;
+---------------------------------+---------------------------------------------+


+----------------------------------------------------------------------------------------------------------------------------------------------------+
; Fitter Settings                                                                                                                                    ;
+--------------------------------------------------------------------+---------------------------------------+---------------------------------------+
; Option                                                             ; Setting                               ; Default Value                         ;
+--------------------------------------------------------------------+---------------------------------------+---------------------------------------+
; Device                                                             ; 5CSEBA6U23I7                          ;                                       ;
; Use smart compilation                                              ; Off                                   ; Off                                   ;
; Enable parallel Assembler and Timing Analyzer during compilation   ; On                                    ; On                                    ;
; Enable compact report table                                        ; Off                                   ; Off                                   ;
; Router Timing Optimization Level                                   ; Normal                                ; Normal                                ;
; Perform Clocking Topology Analysis During Routing                  ; Off                                   ; Off                                   ;
; Placement Effort Multiplier                                        ; 1.0                                   ; 1.0                                   ;
; Device initialization clock source                                 ; INIT_INTOSC                           ; INIT_INTOSC                           ;
; Optimize Hold Timing                                               ; All Paths                             ; All Paths                             ;
; Optimize Multi-Corner Timing                                       ; On                                    ; On                                    ;
; Auto RAM to MLAB Conversion                                        ; On                                    ; On                                    ;
; Equivalent RAM and MLAB Power Up                                   ; Auto                                  ; Auto                                  ;
; Equivalent RAM and MLAB Paused Read Capabilities                   ; Care                                  ; Care                                  ;
; Power Optimization During Fitting                                  ; Normal compilation                    ; Normal compilation                    ;
; SSN Optimization                                                   ; Off                                   ; Off                                   ;
; Optimize Timing                                                    ; Normal compilation                    ; Normal compilation                    ;
; Optimize Timing for ECOs                                           ; Off                                   ; Off                                   ;
; Regenerate Full Fit Report During ECO Compiles                     ; Off                                   ; Off                                   ;
; Optimize IOC Register Placement for Timing                         ; Normal                                ; Normal                                ;
; Final Placement Optimizations                                      ; Automatically                         ; Automatically                         ;
; Fitter Aggressive Routability Optimizations                        ; Automatically                         ; Automatically                         ;
; Fitter Initial Placement Seed                                      ; 1                                     ; 1                                     ;
; Periphery to Core Placement and Routing Optimization               ; Off                                   ; Off                                   ;
; Weak Pull-Up Resistor                                              ; Off                                   ; Off                                   ;
; Enable Bus-Hold Circuitry                                          ; Off                                   ; Off                                   ;
; Auto Packed Registers                                              ; Auto                                  ; Auto                                  ;
; Auto Delay Chains                                                  ; On                                    ; On                                    ;
; Auto Delay Chains for High Fanout Input Pins                       ; Off                                   ; Off                                   ;
; Treat Bidirectional Pin as Output Pin                              ; Off                                   ; Off                                   ;
; Perform Physical Synthesis for Combinational Logic for Fitting     ; Off                                   ; Off                                   ;
; Perform Physical Synthesis for Combinational Logic for Performance ; Off                                   ; Off                                   ;
; Perform Register Duplication for Performance                       ; Off                                   ; Off                                   ;
; Perform Register Retiming for Performance                          ; Off                                   ; Off                                   ;
; Perform Asynchronous Signal Pipelining                             ; Off                                   ; Off                                   ;
; Fitter Effort                                                      ; Auto Fit                              ; Auto Fit                              ;
; Physical Synthesis Effort Level                                    ; Normal                                ; Normal                                ;
; Logic Cell Insertion - Logic Duplication                           ; Auto                                  ; Auto                                  ;
; Auto Register Duplication                                          ; Auto                                  ; Auto                                  ;
; Auto Global Clock                                                  ; On                                    ; On                                    ;
; Auto Global Register Control Signals                               ; On                                    ; On                                    ;
; Reserve all unused pins                                            ; As input tri-stated with weak pull-up ; As input tri-stated with weak pull-up ;
; Synchronizer Identification                                        ; Auto                                  ; Auto                                  ;
; Enable Beneficial Skew Optimization                                ; On                                    ; On                                    ;
; Optimize Design for Metastability                                  ; On                                    ; On                                    ;
; Active Serial clock source                                         ; FREQ_100MHz                           ; FREQ_100MHz                           ;
; Force Fitter to Avoid Periphery Placement Warnings                 ; Off                                   ; Off                                   ;
; Clamping Diode                                                     ; Off                                   ; Off                                   ;
; Enable input tri-state on active configuration pins in user mode   ; Off                                   ; Off                                   ;
; Advanced Physical Optimization                                     ; On                                    ; On                                    ;
+--------------------------------------------------------------------+---------------------------------------+---------------------------------------+


+------------------------------------------+
; Parallel Compilation                     ;
+----------------------------+-------------+
; Processors                 ; Number      ;
+----------------------------+-------------+
; Number detected on machine ; 8           ;
; Maximum allowed            ; 4           ;
;                            ;             ;
; Average used               ; 1.05        ;
; Maximum used               ; 4           ;
;                            ;             ;
; Usage by Processor         ; % Time Used ;
;     Processor 1            ; 100.0%      ;
;     Processor 2            ;   1.8%      ;
;     Processor 3            ;   1.5%      ;
;     Processor 4            ;   1.4%      ;
+----------------------------+-------------+


+--------------------------------------------------------------------------------------------------------------------------------------------------------------------------------------------------------------+
; Fitter Netlist Optimizations                                                                                                                                                                                 ;
+----------------------------------------------------------------+---------+-----------+----------------------------+-----------+----------------+------------------+------------------+-----------------------+
; Node                                                           ; Action  ; Operation ; Reason                     ; Node Port ; Node Port Name ; Destination Node ; Destination Port ; Destination Port Name ;
+----------------------------------------------------------------+---------+-----------+----------------------------+-----------+----------------+------------------+------------------+-----------------------+
; clk~inputCLKENA0                                               ; Created ; Placement ; Fitter Periphery Placement ;           ;                ;                  ;                  ;                       ;
; reset_n~inputCLKENA0                                           ; Created ; Placement ; Fitter Periphery Placement ;           ;                ;                  ;                  ;                       ;
; tinysign_core:u_core|ecdsa_signer:u_signer|core_rst_n~0CLKENA0 ; Created ; Placement ; Fitter Periphery Placement ;           ;                ;                  ;                  ;                       ;
+----------------------------------------------------------------+---------+-----------+----------------------------+-----------+----------------+------------------+------------------+-----------------------+


+-----------------------------------------------------------------------------------------------------+
; Incremental Compilation Preservation Summary                                                        ;
+---------------------+-----------------------+----------------------------+--------------------------+
; Type                ; Total [A + B]         ; From Design Partitions [A] ; From Rapid Recompile [B] ;
+---------------------+-----------------------+----------------------------+--------------------------+
; Placement (by node) ;                       ;                            ;                          ;
;     -- Requested    ; 0.00 % ( 0 / 124526 ) ; 0.00 % ( 0 / 124526 )      ; 0.00 % ( 0 / 124526 )    ;
;     -- Achieved     ; 0.00 % ( 0 / 124526 ) ; 0.00 % ( 0 / 124526 )      ; 0.00 % ( 0 / 124526 )    ;
;                     ;                       ;                            ;                          ;
; Routing (by net)    ;                       ;                            ;                          ;
;     -- Requested    ; 0.00 % ( 0 / 0 )      ; 0.00 % ( 0 / 0 )           ; 0.00 % ( 0 / 0 )         ;
;     -- Achieved     ; 0.00 % ( 0 / 0 )      ; 0.00 % ( 0 / 0 )           ; 0.00 % ( 0 / 0 )         ;
+---------------------+-----------------------+----------------------------+--------------------------+


+----------------------------------------------------------------------------------------------------------------------------------------------------------------------------------------+
; Incremental Compilation Partition Settings                                                                                                                                             ;
+--------------------------------+----------------+-------------------+-------------------------+------------------------+------------------------------+--------------------------------+
; Partition Name                 ; Partition Type ; Netlist Type Used ; Preservation Level Used ; Netlist Type Requested ; Preservation Level Requested ; Contents                       ;
+--------------------------------+----------------+-------------------+-------------------------+------------------------+------------------------------+--------------------------------+
; Top                            ; User-created   ; Source File       ; N/A                     ; Source File            ; N/A                          ;                                ;
; hard_block:auto_generated_inst ; Auto-generated ; Source File       ; N/A                     ; Source File            ; N/A                          ; hard_block:auto_generated_inst ;
+--------------------------------+----------------+-------------------+-------------------------+------------------------+------------------------------+--------------------------------+


+------------------------------------------------------------------------------------------------------------------------------------+
; Incremental Compilation Placement Preservation                                                                                     ;
+--------------------------------+-----------------------+-------------------------+-------------------+---------------------+-------+
; Partition Name                 ; Preservation Achieved ; Preservation Level Used ; Netlist Type Used ; Preservation Method ; Notes ;
+--------------------------------+-----------------------+-------------------------+-------------------+---------------------+-------+
; Top                            ; 0.00 % ( 0 / 124526 ) ; N/A                     ; Source File       ; N/A                 ;       ;
; hard_block:auto_generated_inst ; 0.00 % ( 0 / 0 )      ; N/A                     ; Source File       ; N/A                 ;       ;
+--------------------------------+-----------------------+-------------------------+-------------------+---------------------+-------+


+---------------------------------------------------------------------------------------+
; Fitter Resource Usage Summary                                                         ;
+-------------------------------------------------------------+-----------------+-------+
; Resource                                                    ; Usage           ; %     ;
+-------------------------------------------------------------+-----------------+-------+
; Logic utilization (ALMs needed / total ALMs on device)      ; 46,158 / 41,910 ; 110 % ;
; ALMs needed [=A-B+C]                                        ; 46,158          ;       ;
;     [A] ALMs used in final placement [=a+b+c+d]             ; 45,164 / 41,910 ; 108 % ;
;         [a] ALMs used for LUT logic and registers           ; 20,904          ;       ;
;         [b] ALMs used for LUT logic                         ; 13,425          ;       ;
;         [c] ALMs used for registers                         ; 10,835          ;       ;
;         [d] ALMs used for memory (up to half of total ALMs) ; 0               ;       ;
;     [B] Estimate of ALMs recoverable by dense packing       ; 1 / 41,910      ; < 1 % ;
;     [C] Estimate of ALMs unavailable [=a+b+c+d]             ; 995 / 41,910    ; 2 %   ;
;         [a] Due to location constrained logic               ; 0               ;       ;
;         [b] Due to LAB-wide signal conflicts                ; 209             ;       ;
;         [c] Due to LAB input limits                         ; 786             ;       ;
;         [d] Due to virtual I/Os                             ; 0               ;       ;
;                                                             ;                 ;       ;
; Difficulty packing design                                   ; No fit          ;       ;
;                                                             ;                 ;       ;
; Total LABs:  partially or completely used                   ; 4,669 / 4,191   ; 111 % ;
;     -- Logic LABs                                           ; 4,669           ;       ;
;     -- Memory LABs (up to half of total LABs)               ; 0               ;       ;
;                                                             ;                 ;       ;
; Combinational ALUT usage for logic                          ; 56,474          ;       ;
;     -- 7 input functions                                    ; 7               ;       ;
;     -- 6 input functions                                    ; 19,219          ;       ;
;     -- 5 input functions                                    ; 9,595           ;       ;
;     -- 4 input functions                                    ; 7,567           ;       ;
;     -- <=3 input functions                                  ; 20,086          ;       ;
; Combinational ALUT usage for route-throughs                 ; 0               ;       ;
;                                                             ;                 ;       ;
; Dedicated logic registers                                   ; 67,887          ;       ;
;     -- By type:                                             ;                 ;       ;
;         -- Primary logic registers                          ; 63,477 / 83,820 ; 76 %  ;
;         -- Secondary logic registers                        ; 4,410 / 83,820  ; 5 %   ;
;     -- By function:                                         ;                 ;       ;
;         -- Design implementation registers                  ; 67,887          ;       ;
;         -- Routing optimization registers                   ; 0               ;       ;
;                                                             ;                 ;       ;
; Virtual pins                                                ; 0               ;       ;
; I/O pins                                                    ; 81 / 314        ; 26 %  ;
;     -- Clock pins                                           ; 4 / 8           ; 50 %  ;
;     -- Dedicated input pins                                 ; 0 / 21          ; 0 %   ;
;                                                             ;                 ;       ;
; Hard processor system peripheral utilization                ;                 ;       ;
;     -- Boot from FPGA                                       ; 0 / 1 ( 0 % )   ;       ;
;     -- Clock resets                                         ; 0 / 1 ( 0 % )   ;       ;
;     -- Cross trigger                                        ; 0 / 1 ( 0 % )   ;       ;
;     -- S2F AXI                                              ; 0 / 1 ( 0 % )   ;       ;
;     -- F2S AXI                                              ; 0 / 1 ( 0 % )   ;       ;
;     -- AXI Lightweight                                      ; 0 / 1 ( 0 % )   ;       ;
;     -- SDRAM                                                ; 0 / 1 ( 0 % )   ;       ;
;     -- Interrupts                                           ; 0 / 1 ( 0 % )   ;       ;
;     -- JTAG                                                 ; 0 / 1 ( 0 % )   ;       ;
;     -- Loan I/O                                             ; 0 / 1 ( 0 % )   ;       ;
;     -- MPU event standby                                    ; 0 / 1 ( 0 % )   ;       ;
;     -- MPU general purpose                                  ; 0 / 1 ( 0 % )   ;       ;
;     -- STM event                                            ; 0 / 1 ( 0 % )   ;       ;
;     -- TPIU trace                                           ; 0 / 1 ( 0 % )   ;       ;
;     -- DMA                                                  ; 0 / 1 ( 0 % )   ;       ;
;     -- CAN                                                  ; 0 / 2 ( 0 % )   ;       ;
;     -- EMAC                                                 ; 0 / 2 ( 0 % )   ;       ;
;     -- I2C                                                  ; 0 / 4 ( 0 % )   ;       ;
;     -- NAND Flash                                           ; 0 / 1 ( 0 % )   ;       ;
;     -- QSPI                                                 ; 0 / 1 ( 0 % )   ;       ;
;     -- SDMMC                                                ; 0 / 1 ( 0 % )   ;       ;
;     -- SPI Master                                           ; 0 / 2 ( 0 % )   ;       ;
;     -- SPI Slave                                            ; 0 / 2 ( 0 % )   ;       ;
;     -- UART                                                 ; 0 / 2 ( 0 % )   ;       ;
;     -- USB                                                  ; 0 / 2 ( 0 % )   ;       ;
;                                                             ;                 ;       ;
; M10K blocks                                                 ; 0 / 553         ; 0 %   ;
; Total MLAB memory bits                                      ; 0               ;       ;
; Total block memory bits                                     ; 0 / 5,662,720   ; 0 %   ;
; Total block memory implementation bits                      ; 0 / 5,662,720   ; 0 %   ;
;                                                             ;                 ;       ;
; Total DSP Blocks                                            ; 0 / 112         ; 0 %   ;
;                                                             ;                 ;       ;
; Fractional PLLs                                             ; 0 / 6           ; 0 %   ;
; Global signals                                              ; 3               ;       ;
;     -- Global clocks                                        ; 3 / 16          ; 19 %  ;
;     -- Quadrant clocks                                      ; 0 / 66          ; 0 %   ;
;     -- Horizontal periphery clocks                          ; 0 / 18          ; 0 %   ;
; SERDES Transmitters                                         ; 0 / 100         ; 0 %   ;
; SERDES Receivers                                            ; 0 / 100         ; 0 %   ;
; JTAGs                                                       ; 0 / 1           ; 0 %   ;
; ASMI blocks                                                 ; 0 / 1           ; 0 %   ;
; CRC blocks                                                  ; 0 / 1           ; 0 %   ;
; Remote update blocks                                        ; 0 / 1           ; 0 %   ;
; Oscillator blocks                                           ; 0 / 1           ; 0 %   ;
; Impedance control blocks                                    ; 0 / 4           ; 0 %   ;
; Hard Memory Controllers                                     ; 0 / 1           ; 0 %   ;
; Maximum fan-out                                             ; 67887           ;       ;
; Highest non-global fan-out                                  ; 2049            ;       ;
; Total fan-out                                               ; 538923          ;       ;
; Average fan-out                                             ; 4.33            ;       ;
+-------------------------------------------------------------+-----------------+-------+


+------------------------------------------------------------------------------------------------------------------------+
; Fitter Partition Statistics                                                                                            ;
+-------------------------------------------------------------+-------------------------+--------------------------------+
; Statistic                                                   ; Top                     ; hard_block:auto_generated_inst ;
+-------------------------------------------------------------+-------------------------+--------------------------------+
; Logic utilization (ALMs needed / total ALMs on device)      ; 46158 / 41910 ( 110 % ) ; 0 / 41910 ( 0 % )              ;
; ALMs needed [=A-B+C]                                        ; 46158                   ; 0                              ;
;     [A] ALMs used in final placement [=a+b+c+d]             ; 45164 / 41910 ( 108 % ) ; 0 / 41910 ( 0 % )              ;
;         [a] ALMs used for LUT logic and registers           ; 20904                   ; 0                              ;
;         [b] ALMs used for LUT logic                         ; 13425                   ; 0                              ;
;         [c] ALMs used for registers                         ; 10835                   ; 0                              ;
;         [d] ALMs used for memory (up to half of total ALMs) ; 0                       ; 0                              ;
;     [B] Estimate of ALMs recoverable by dense packing       ; 1 / 41910 ( < 1 % )     ; 0 / 41910 ( 0 % )              ;
;     [C] Estimate of ALMs unavailable [=a+b+c+d]             ; 995 / 41910 ( 2 % )     ; 0 / 41910 ( 0 % )              ;
;         [a] Due to location constrained logic               ; 0                       ; 0                              ;
;         [b] Due to LAB-wide signal conflicts                ; 209                     ; 0                              ;
;         [c] Due to LAB input limits                         ; 786                     ; 0                              ;
;         [d] Due to virtual I/Os                             ; 0                       ; 0                              ;
;                                                             ;                         ;                                ;
; Difficulty packing design                                   ; No fit                  ; Low                            ;
;                                                             ;                         ;                                ;
; Total LABs:  partially or completely used                   ; 4191 / 4191 ( 100 % )   ; 0 / 4191 ( 0 % )               ;
;     -- Logic LABs                                           ; 4191                    ; 0                              ;
;     -- Memory LABs (up to half of total LABs)               ; 0                       ; 0                              ;
;                                                             ;                         ;                                ;
; Combinational ALUT usage for logic                          ; 56474                   ; 0                              ;
;     -- 7 input functions                                    ; 7                       ; 0                              ;
;     -- 6 input functions                                    ; 19219                   ; 0                              ;
;     -- 5 input functions                                    ; 9595                    ; 0                              ;
;     -- 4 input functions                                    ; 7567                    ; 0                              ;
;     -- <=3 input functions                                  ; 20086                   ; 0                              ;
; Combinational ALUT usage for route-throughs                 ; 0                       ; 0                              ;
; Memory ALUT usage                                           ; 0                       ; 0                              ;
;     -- 64-address deep                                      ; 0                       ; 0                              ;
;     -- 32-address deep                                      ; 0                       ; 0                              ;
;                                                             ;                         ;                                ;
; Dedicated logic registers                                   ; 0                       ; 0                              ;
;     -- By type:                                             ;                         ;                                ;
;         -- Primary logic registers                          ; 63477 / 83820 ( 76 % )  ; 0 / 83820 ( 0 % )              ;
;         -- Secondary logic registers                        ; 4410 / 83820 ( 5 % )    ; 0 / 83820 ( 0 % )              ;
;     -- By function:                                         ;                         ;                                ;
;         -- Design implementation registers                  ; 67887                   ; 0                              ;
;         -- Routing optimization registers                   ; 0                       ; 0                              ;
;                                                             ;                         ;                                ;
;                                                             ;                         ;                                ;
; Virtual pins                                                ; 0                       ; 0                              ;
; I/O pins                                                    ; 81                      ; 0                              ;
; I/O registers                                               ; 0                       ; 0                              ;
; Total block memory bits                                     ; 0                       ; 0                              ;
; Total block memory implementation bits                      ; 0                       ; 0                              ;
;                                                             ;                         ;                                ;
; Connections                                                 ;                         ;                                ;
;     -- Input Connections                                    ; 0                       ; 0                              ;
;     -- Registered Input Connections                         ; 0                       ; 0                              ;
;     -- Output Connections                                   ; 0                       ; 0                              ;
;     -- Registered Output Connections                        ; 0                       ; 0                              ;
;                                                             ;                         ;                                ;
; Internal Connections                                        ;                         ;                                ;
;     -- Total Connections                                    ; 543382                  ; 0                              ;
;     -- Registered Connections                               ; 207906                  ; 0                              ;
;                                                             ;                         ;                                ;
; External Connections                                        ;                         ;                                ;
;     -- Top                                                  ; 0                       ; 0                              ;
;     -- hard_block:auto_generated_inst                       ; 0                       ; 0                              ;
;                                                             ;                         ;                                ;
; Partition Interface                                         ;                         ;                                ;
;     -- Input Ports                                          ; 48                      ; 0                              ;
;     -- Output Ports                                         ; 33                      ; 0                              ;
;     -- Bidir Ports                                          ; 0                       ; 0                              ;
;                                                             ;                         ;                                ;
; Registered Ports                                            ;                         ;                                ;
;     -- Registered Input Ports                               ; 0                       ; 0                              ;
;     -- Registered Output Ports                              ; 0                       ; 0                              ;
;                                                             ;                         ;                                ;
; Port Connectivity                                           ;                         ;                                ;
;     -- Input Ports driven by GND                            ; 0                       ; 0                              ;
;     -- Output Ports driven by GND                           ; 0                       ; 0                              ;
;     -- Input Ports driven by VCC                            ; 0                       ; 0                              ;
;     -- Output Ports driven by VCC                           ; 0                       ; 0                              ;
;     -- Input Ports with no Source                           ; 0                       ; 0                              ;
;     -- Output Ports with no Source                          ; 0                       ; 0                              ;
;     -- Input Ports with no Fanout                           ; 0                       ; 0                              ;
;     -- Output Ports with no Fanout                          ; 0                       ; 0                              ;
+-------------------------------------------------------------+-------------------------+--------------------------------+


+--------------------------------------------------------------------------------------------------------------------------------------------------------------------------------------------------------------------------------------------------------------------------------------------------+
; Input Pins                                                                                                                                                                                                                                                                                       ;
+-------------------+-------+----------+--------------+--------------+--------------+-----------------------+--------------------+--------+----------------+-----------------+----------+--------------+--------------+-------------+---------------------------+----------------------+-----------+
; Name              ; Pin # ; I/O Bank ; X coordinate ; Y coordinate ; Z coordinate ; Combinational Fan-Out ; Registered Fan-Out ; Global ; Input Register ; PCI I/O Enabled ; Bus Hold ; Weak Pull Up ; I/O Standard ; Termination ; Termination Control Block ; Location assigned by ; Slew Rate ;
+-------------------+-------+----------+--------------+--------------+--------------+-----------------------+--------------------+--------+----------------+-----------------+----------+--------------+--------------+-------------+---------------------------+----------------------+-----------+
; avs_address[0]    ; AG6   ; 3B       ; 34           ; 0            ; 91           ; 1                     ; 0                  ; no     ; no             ; no              ; no       ; Off          ; 2.5 V        ; Off         ; --                        ; Fitter               ; no        ;
; avs_address[1]    ; AE8   ; 3B       ; 30           ; 0            ; 34           ; 1                     ; 0                  ; no     ; no             ; no              ; no       ; Off          ; 2.5 V        ; Off         ; --                        ; Fitter               ; no        ;
; avs_address[2]    ; AH5   ; 3B       ; 40           ; 0            ; 51           ; 276                   ; 0                  ; no     ; no             ; no              ; no       ; Off          ; 2.5 V        ; Off         ; --                        ; Fitter               ; no        ;
; avs_address[3]    ; AH3   ; 3B       ; 36           ; 0            ; 34           ; 276                   ; 0                  ; no     ; no             ; no              ; no       ; Off          ; 2.5 V        ; Off         ; --                        ; Fitter               ; no        ;
; avs_address[4]    ; AE7   ; 3B       ; 28           ; 0            ; 34           ; 35                    ; 0                  ; no     ; no             ; no              ; no       ; Off          ; 2.5 V        ; Off         ; --                        ; Fitter               ; no        ;
; avs_address[5]    ; AF5   ; 3B       ; 32           ; 0            ; 34           ; 8                     ; 0                  ; no     ; no             ; no              ; no       ; Off          ; 2.5 V        ; Off         ; --                        ; Fitter               ; no        ;
; avs_address[6]    ; AF8   ; 3B       ; 28           ; 0            ; 51           ; 8                     ; 0                  ; no     ; no             ; no              ; no       ; Off          ; 2.5 V        ; Off         ; --                        ; Fitter               ; no        ;
; avs_address[7]    ; AH2   ; 3B       ; 36           ; 0            ; 51           ; 10                    ; 0                  ; no     ; no             ; no              ; no       ; Off          ; 2.5 V        ; Off         ; --                        ; Fitter               ; no        ;
; avs_byteenable[0] ; W21   ; 5B       ; 89           ; 23           ; 3            ; 1                     ; 0                  ; no     ; no             ; no              ; no       ; Off          ; 2.5 V        ; Off         ; --                        ; Fitter               ; no        ;
; avs_byteenable[1] ; AA26  ; 5B       ; 89           ; 23           ; 54           ; 1                     ; 0                  ; no     ; no             ; no              ; no       ; Off          ; 2.5 V        ; Off         ; --                        ; Fitter               ; no        ;
; avs_byteenable[2] ; AB25  ; 5B       ; 89           ; 25           ; 54           ; 1                     ; 0                  ; no     ; no             ; no              ; no       ; Off          ; 2.5 V        ; Off         ; --                        ; Fitter               ; no        ;
; avs_byteenable[3] ; AB26  ; 5B       ; 89           ; 23           ; 37           ; 1                     ; 0                  ; no     ; no             ; no              ; no       ; Off          ; 2.5 V        ; Off         ; --                        ; Fitter               ; no        ;
; avs_read          ; AF7   ; 3B       ; 34           ; 0            ; 74           ; 0                     ; 0                  ; no     ; no             ; no              ; no       ; Off          ; 2.5 V        ; Off         ; --                        ; Fitter               ; no        ;
; avs_write         ; V10   ; 3A       ; 6            ; 0            ; 17           ; 9                     ; 0                  ; no     ; no             ; no              ; no       ; Off          ; 2.5 V        ; Off         ; --                        ; Fitter               ; no        ;
; avs_writedata[0]  ; W8    ; 3A       ; 2            ; 0            ; 40           ; 18                    ; 0                  ; no     ; no             ; no              ; no       ; Off          ; 2.5 V        ; Off         ; --                        ; Fitter               ; no        ;
; avs_writedata[10] ; Y19   ; 5A       ; 89           ; 4            ; 60           ; 10                    ; 0                  ; no     ; no             ; no              ; no       ; Off          ; 2.5 V        ; Off         ; --                        ; Fitter               ; no        ;
; avs_writedata[11] ; Y4    ; 3A       ; 2            ; 0            ; 91           ; 10                    ; 0                  ; no     ; no             ; no              ; no       ; Off          ; 2.5 V        ; Off         ; --                        ; Fitter               ; no        ;
; avs_writedata[12] ; AA11  ; 3A       ; 8            ; 0            ; 17           ; 10                    ; 0                  ; no     ; no             ; no              ; no       ; Off          ; 2.5 V        ; Off         ; --                        ; Fitter               ; no        ;
; avs_writedata[13] ; W20   ; 5B       ; 89           ; 23           ; 20           ; 10                    ; 0                  ; no     ; no             ; no              ; no       ; Off          ; 2.5 V        ; Off         ; --                        ; Fitter               ; no        ;
; avs_writedata[14] ; AB23  ; 5A       ; 89           ; 8            ; 54           ; 10                    ; 0                  ; no     ; no             ; no              ; no       ; Off          ; 2.5 V        ; Off         ; --                        ; Fitter               ; no        ;
; avs_writedata[15] ; W15   ; 5A       ; 89           ; 8            ; 20           ; 10                    ; 0                  ; no     ; no             ; no              ; no       ; Off          ; 2.5 V        ; Off         ; --                        ; Fitter               ; no        ;
; avs_writedata[16] ; Y17   ; 5A       ; 89           ; 6            ; 3            ; 10                    ; 0                  ; no     ; no             ; no              ; no       ; Off          ; 2.5 V        ; Off         ; --                        ; Fitter               ; no        ;
; avs_writedata[17] ; AB4   ; 3A       ; 4            ; 0            ; 51           ; 10                    ; 0                  ; no     ; no             ; no              ; no       ; Off          ; 2.5 V        ; Off         ; --                        ; Fitter               ; no        ;
; avs_writedata[18] ; Y16   ; 5A       ; 89           ; 8            ; 3            ; 10                    ; 0                  ; no     ; no             ; no              ; no       ; Off          ; 2.5 V        ; Off         ; --                        ; Fitter               ; no        ;
; avs_writedata[19] ; AD26  ; 5A       ; 89           ; 6            ; 54           ; 10                    ; 0                  ; no     ; no             ; no              ; no       ; Off          ; 2.5 V        ; Off         ; --                        ; Fitter               ; no        ;
; avs_writedata[1]  ; U9    ; 3A       ; 4            ; 0            ; 0            ; 18                    ; 0                  ; no     ; no             ; no              ; no       ; Off          ; 2.5 V        ; Off         ; --                        ; Fitter               ; no        ;
; avs_writedata[20] ; AD5   ; 3A       ; 8            ; 0            ; 34           ; 10                    ; 0                  ; no     ; no             ; no              ; no       ; Off          ; 2.5 V        ; Off         ; --                        ; Fitter               ; no        ;
; avs_writedata[21] ; AC24  ; 5A       ; 89           ; 8            ; 37           ; 10                    ; 0                  ; no     ; no             ; no              ; no       ; Off          ; 2.5 V        ; Off         ; --                        ; Fitter               ; no        ;
; avs_writedata[22] ; Y8    ; 3A       ; 2            ; 0            ; 57           ; 10                    ; 0                  ; no     ; no             ; no              ; no       ; Off          ; 2.5 V        ; Off         ; --                        ; Fitter               ; no        ;
; avs_writedata[23] ; AE25  ; 5A       ; 89           ; 6            ; 37           ; 10                    ; 0                  ; no     ; no             ; no              ; no       ; Off          ; 2.5 V        ; Off         ; --                        ; Fitter               ; no        ;
; avs_writedata[24] ; Y11   ; 3A       ; 8            ; 0            ; 0            ; 10                    ; 0                  ; no     ; no             ; no              ; no       ; Off          ; 2.5 V        ; Off         ; --                        ; Fitter               ; no        ;
; avs_writedata[25] ; AA24  ; 5A       ; 89           ; 9            ; 37           ; 10                    ; 0                  ; no     ; no             ; no              ; no       ; Off          ; 2.5 V        ; Off         ; --                        ; Fitter               ; no        ;
; avs_writedata[26] ; U10   ; 3A       ; 6            ; 0            ; 0            ; 10                    ; 0                  ; no     ; no             ; no              ; no       ; Off          ; 2.5 V        ; Off         ; --                        ; Fitter               ; no        ;
; avs_writedata[27] ; V15   ; 5A       ; 89           ; 9            ; 20           ; 10                    ; 0                  ; no     ; no             ; no              ; no       ; Off          ; 2.5 V        ; Off         ; --                        ; Fitter               ; no        ;
; avs_writedata[28] ; V16   ; 5A       ; 89           ; 9            ; 3            ; 10                    ; 0                  ; no     ; no             ; no              ; no       ; Off          ; 2.5 V        ; Off         ; --                        ; Fitter               ; no        ;
; avs_writedata[29] ; AA20  ; 5A       ; 89           ; 4            ; 43           ; 10                    ; 0                  ; no     ; no             ; no              ; no       ; Off          ; 2.5 V        ; Off         ; --                        ; Fitter               ; no        ;
; avs_writedata[2]  ; T8    ; 3A       ; 4            ; 0            ; 17           ; 18                    ; 0                  ; no     ; no             ; no              ; no       ; Off          ; 2.5 V        ; Off         ; --                        ; Fitter               ; no        ;
; avs_writedata[30] ; Y18   ; 5A       ; 89           ; 6            ; 20           ; 10                    ; 0                  ; no     ; no             ; no              ; no       ; Off          ; 2.5 V        ; Off         ; --                        ; Fitter               ; no        ;
; avs_writedata[31] ; AE26  ; 5A       ; 89           ; 4            ; 94           ; 10                    ; 0                  ; no     ; no             ; no              ; no       ; Off          ; 2.5 V        ; Off         ; --                        ; Fitter               ; no        ;
; avs_writedata[3]  ; AC4   ; 3A       ; 6            ; 0            ; 34           ; 10                    ; 0                  ; no     ; no             ; no              ; no       ; Off          ; 2.5 V        ; Off         ; --                        ; Fitter               ; no        ;
; avs_writedata[4]  ; AA4   ; 3A       ; 4            ; 0            ; 34           ; 10                    ; 0                  ; no     ; no             ; no              ; no       ; Off          ; 2.5 V        ; Off         ; --                        ; Fitter               ; no        ;
; avs_writedata[5]  ; Y5    ; 3A       ; 2            ; 0            ; 74           ; 10                    ; 0                  ; no     ; no             ; no              ; no       ; Off          ; 2.5 V        ; Off         ; --                        ; Fitter               ; no        ;
; avs_writedata[6]  ; AD4   ; 3A       ; 6            ; 0            ; 51           ; 10                    ; 0                  ; no     ; no             ; no              ; no       ; Off          ; 2.5 V        ; Off         ; --                        ; Fitter               ; no        ;
; avs_writedata[7]  ; AA23  ; 5A       ; 89           ; 9            ; 54           ; 10                    ; 0                  ; no     ; no             ; no              ; no       ; Off          ; 2.5 V        ; Off         ; --                        ; Fitter               ; no        ;
; avs_writedata[8]  ; AF26  ; 5A       ; 89           ; 4            ; 77           ; 10                    ; 0                  ; no     ; no             ; no              ; no       ; Off          ; 2.5 V        ; Off         ; --                        ; Fitter               ; no        ;
; avs_writedata[9]  ; AE6   ; 3A       ; 8            ; 0            ; 51           ; 10                    ; 0                  ; no     ; no             ; no              ; no       ; Off          ; 2.5 V        ; Off         ; --                        ; Fitter               ; no        ;
; clk               ; Y24   ; 5B       ; 89           ; 25           ; 3            ; 67887                 ; 0                  ; yes    ; no             ; no              ; no       ; Off          ; 2.5 V        ; Off         ; --                        ; Fitter               ; no        ;
; reset_n           ; W24   ; 5B       ; 89           ; 25           ; 20           ; 3915                  ; 0                  ; yes    ; no             ; no              ; no       ; Off          ; 2.5 V        ; Off         ; --                        ; Fitter               ; no        ;
+-------------------+-------+----------+--------------+--------------+--------------+-----------------------+--------------------+--------+----------------+-----------------+----------+--------------+--------------+-------------+---------------------------+----------------------+-----------+


+-------------------------------------------------------------------------------------------------------------------------------------------------------------------------------------------------------------------------------------------------------------------------------------------------------------------------------------------------------------------------------------------------------------------------------------------------------------------------------------------------------+
; Output Pins                                                                                                                                                                                                                                                                                                                                                                                                                                                                                           ;
+------------------+-------+----------+--------------+--------------+--------------+-----------------+------------------------+-----------+-----------------+------------+---------------+----------+--------------+--------------+------------------+-----------------------------------+---------------------------+----------------------------+-----------------------------+---------------------+-----------------------------+----------------------+----------------------+---------------------+
; Name             ; Pin # ; I/O Bank ; X coordinate ; Y coordinate ; Z coordinate ; Output Register ; Output Enable Register ; Slew Rate ; PCI I/O Enabled ; Open Drain ; TRI Primitive ; Bus Hold ; Weak Pull Up ; I/O Standard ; Current Strength ; Termination                       ; Termination Control Block ; Output Buffer Pre-emphasis ; Voltage Output Differential ; Output Buffer Delay ; Output Buffer Delay Control ; Location assigned by ; Output Enable Source ; Output Enable Group ;
+------------------+-------+----------+--------------+--------------+--------------+-----------------+------------------------+-----------+-----------------+------------+---------------+----------+--------------+--------------+------------------+-----------------------------------+---------------------------+----------------------------+-----------------------------+---------------------+-----------------------------+----------------------+----------------------+---------------------+
; avs_readdata[0]  ; AH12  ; 4A       ; 58           ; 0            ; 74           ; no              ; no                     ; 1         ; no              ; no         ; no            ; no       ; Off          ; 2.5 V        ; Default          ; Series 50 Ohm without Calibration ; --                        ; no                         ; no                          ; 0                   ; Off                         ; Fitter               ; -                    ; -                   ;
; avs_readdata[10] ; W11   ; 3B       ; 32           ; 0            ; 17           ; no              ; no                     ; 1         ; no              ; no         ; no            ; no       ; Off          ; 2.5 V        ; Default          ; Series 50 Ohm without Calibration ; --                        ; no                         ; no                          ; 0                   ; Off                         ; Fitter               ; -                    ; -                   ;
; avs_readdata[11] ; V12   ; 3B       ; 40           ; 0            ; 0            ; no              ; no                     ; 1         ; no              ; no         ; no            ; no       ; Off          ; 2.5 V        ; Default          ; Series 50 Ohm without Calibration ; --                        ; no                         ; no                          ; 0                   ; Off                         ; Fitter               ; -                    ; -                   ;
; avs_readdata[12] ; W12   ; 3B       ; 40           ; 0            ; 17           ; no              ; no                     ; 1         ; no              ; no         ; no            ; no       ; Off          ; 2.5 V        ; Default          ; Series 50 Ohm without Calibration ; --                        ; no                         ; no                          ; 0                   ; Off                         ; Fitter               ; -                    ; -                   ;
; avs_readdata[13] ; V11   ; 3B       ; 32           ; 0            ; 0            ; no              ; no                     ; 1         ; no              ; no         ; no            ; no       ; Off          ; 2.5 V        ; Default          ; Series 50 Ohm without Calibration ; --                        ; no                         ; no                          ; 0                   ; Off                         ; Fitter               ; -                    ; -                   ;
; avs_readdata[14] ; AD10  ; 3B       ; 26           ; 0            ; 40           ; no              ; no                     ; 1         ; no              ; no         ; no            ; no       ; Off          ; 2.5 V        ; Default          ; Series 50 Ohm without Calibration ; --                        ; no                         ; no                          ; 0                   ; Off                         ; Fitter               ; -                    ; -                   ;
; avs_readdata[15] ; AE9   ; 3B       ; 26           ; 0            ; 57           ; no              ; no                     ; 1         ; no              ; no         ; no            ; no       ; Off          ; 2.5 V        ; Default          ; Series 50 Ohm without Calibration ; --                        ; no                         ; no                          ; 0                   ; Off                         ; Fitter               ; -                    ; -                   ;
; avs_readdata[16] ; AD12  ; 3B       ; 38           ; 0            ; 17           ; no              ; no                     ; 1         ; no              ; no         ; no            ; no       ; Off          ; 2.5 V        ; Default          ; Series 50 Ohm without Calibration ; --                        ; no                         ; no                          ; 0                   ; Off                         ; Fitter               ; -                    ; -                   ;
; avs_readdata[17] ; AF11  ; 3B       ; 34           ; 0            ; 40           ; no              ; no                     ; 1         ; no              ; no         ; no            ; no       ; Off          ; 2.5 V        ; Default          ; Series 50 Ohm without Calibration ; --                        ; no                         ; no                          ; 0                   ; Off                         ; Fitter               ; -                    ; -                   ;
; avs_readdata[18] ; T12   ; 3B       ; 36           ; 0            ; 17           ; no              ; no                     ; 1         ; no              ; no         ; no            ; no       ; Off          ; 2.5 V        ; Default          ; Series 50 Ohm without Calibration ; --                        ; no                         ; no                          ; 0                   ; Off                         ; Fitter               ; -                    ; -                   ;
; avs_readdata[19] ; AF10  ; 3B       ; 34           ; 0            ; 57           ; no              ; no                     ; 1         ; no              ; no         ; no            ; no       ; Off          ; 2.5 V        ; Default          ; Series 50 Ohm without Calibration ; --                        ; no                         ; no                          ; 0                   ; Off                         ; Fitter               ; -                    ; -                   ;
; avs_readdata[1]  ; AF28  ; 4A       ; 88           ; 0            ; 52           ; no              ; no                     ; 1         ; no              ; no         ; no            ; no       ; Off          ; 2.5 V        ; Default          ; Series 50 Ohm without Calibration ; --                        ; no                         ; no                          ; 0                   ; Off                         ; Fitter               ; -                    ; -                   ;
; avs_readdata[20] ; AE11  ; 3B       ; 30           ; 0            ; 17           ; no              ; no                     ; 1         ; no              ; no         ; no            ; no       ; Off          ; 2.5 V        ; Default          ; Series 50 Ohm without Calibration ; --                        ; no                         ; no                          ; 0                   ; Off                         ; Fitter               ; -                    ; -                   ;
; avs_readdata[21] ; U11   ; 3B       ; 28           ; 0            ; 17           ; no              ; no                     ; 1         ; no              ; no         ; no            ; no       ; Off          ; 2.5 V        ; Default          ; Series 50 Ohm without Calibration ; --                        ; no                         ; no                          ; 0                   ; Off                         ; Fitter               ; -                    ; -                   ;
; avs_readdata[22] ; AD11  ; 3B       ; 30           ; 0            ; 0            ; no              ; no                     ; 1         ; no              ; no         ; no            ; no       ; Off          ; 2.5 V        ; Default          ; Series 50 Ohm without Calibration ; --                        ; no                         ; no                          ; 0                   ; Off                         ; Fitter               ; -                    ; -                   ;
; avs_readdata[23] ; AE12  ; 3B       ; 38           ; 0            ; 0            ; no              ; no                     ; 1         ; no              ; no         ; no            ; no       ; Off          ; 2.5 V        ; Default          ; Series 50 Ohm without Calibration ; --                        ; no                         ; no                          ; 0                   ; Off                         ; Fitter               ; -                    ; -                   ;
; avs_readdata[24] ; T11   ; 3B       ; 28           ; 0            ; 0            ; no              ; no                     ; 1         ; no              ; no         ; no            ; no       ; Off          ; 2.5 V        ; Default          ; Series 50 Ohm without Calibration ; --                        ; no                         ; no                          ; 0                   ; Off                         ; Fitter               ; -                    ; -                   ;
; avs_readdata[25] ; T13   ; 3B       ; 36           ; 0            ; 0            ; no              ; no                     ; 1         ; no              ; no         ; no            ; no       ; Off          ; 2.5 V        ; Default          ; Series 50 Ohm without Calibration ; --                        ; no                         ; no                          ; 0                   ; Off                         ; Fitter               ; -                    ; -                   ;
; avs_readdata[26] ; AF6   ; 3B       ; 32           ; 0            ; 51           ; no              ; no                     ; 1         ; no              ; no         ; no            ; no       ; Off          ; 2.5 V        ; Default          ; Series 50 Ohm without Calibration ; --                        ; no                         ; no                          ; 0                   ; Off                         ; Fitter               ; -                    ; -                   ;
; avs_readdata[27] ; AH6   ; 3B       ; 40           ; 0            ; 34           ; no              ; no                     ; 1         ; no              ; no         ; no            ; no       ; Off          ; 2.5 V        ; Default          ; Series 50 Ohm without Calibration ; --                        ; no                         ; no                          ; 0                   ; Off                         ; Fitter               ; -                    ; -                   ;
; avs_readdata[28] ; AH4   ; 3B       ; 38           ; 0            ; 51           ; no              ; no                     ; 1         ; no              ; no         ; no            ; no       ; Off          ; 2.5 V        ; Default          ; Series 50 Ohm without Calibration ; --                        ; no                         ; no                          ; 0                   ; Off                         ; Fitter               ; -                    ; -                   ;
; avs_readdata[29] ; AF9   ; 3B       ; 30           ; 0            ; 51           ; no              ; no                     ; 1         ; no              ; no         ; no            ; no       ; Off          ; 2.5 V        ; Default          ; Series 50 Ohm without Calibration ; --                        ; no                         ; no                          ; 0                   ; Off                         ; Fitter               ; -                    ; -                   ;
; avs_readdata[2]  ; AG15  ; 4A       ; 62           ; 0            ; 34           ; no              ; no                     ; 1         ; no              ; no         ; no            ; no       ; Off          ; 2.5 V        ; Default          ; Series 50 Ohm without Calibration ; --                        ; no                         ; no                          ; 0                   ; Off                         ; Fitter               ; -                    ; -                   ;
; avs_readdata[30] ; AF4   ; 3B       ; 26           ; 0            ; 91           ; no              ; no                     ; 1         ; no              ; no         ; no            ; no       ; Off          ; 2.5 V        ; Default          ; Series 50 Ohm without Calibration ; --                        ; no                         ; no                          ; 0                   ; Off                         ; Fitter               ; -                    ; -                   ;
; avs_readdata[31] ; AG5   ; 3B       ; 38           ; 0            ; 34           ; no              ; no                     ; 1         ; no              ; no         ; no            ; no       ; Off          ; 2.5 V        ; Default          ; Series 50 Ohm without Calibration ; --                        ; no                         ; no                          ; 0                   ; Off                         ; Fitter               ; -                    ; -                   ;
; avs_readdata[3]  ; AH13  ; 4A       ; 60           ; 0            ; 51           ; no              ; no                     ; 1         ; no              ; no         ; no            ; no       ; Off          ; 2.5 V        ; Default          ; Series 50 Ohm without Calibration ; --                        ; no                         ; no                          ; 0                   ; Off                         ; Fitter               ; -                    ; -                   ;
; avs_readdata[4]  ; AH16  ; 4A       ; 64           ; 0            ; 51           ; no              ; no                     ; 1         ; no              ; no         ; no            ; no       ; Off          ; 2.5 V        ; Default          ; Series 50 Ohm without Calibration ; --                        ; no                         ; no                          ; 0                   ; Off                         ; Fitter               ; -                    ; -                   ;
; avs_readdata[5]  ; AH17  ; 4A       ; 64           ; 0            ; 34           ; no              ; no                     ; 1         ; no              ; no         ; no            ; no       ; Off          ; 2.5 V        ; Default          ; Series 50 Ohm without Calibration ; --                        ; no                         ; no                          ; 0                   ; Off                         ; Fitter               ; -                    ; -                   ;
; avs_readdata[6]  ; AG24  ; 4A       ; 80           ; 0            ; 34           ; no              ; no                     ; 1         ; no              ; no         ; no            ; no       ; Off          ; 2.5 V        ; Default          ; Series 50 Ohm without Calibration ; --                        ; no                         ; no                          ; 0                   ; Off                         ; Fitter               ; -                    ; -                   ;
; avs_readdata[7]  ; AH9   ; 4A       ; 54           ; 0            ; 51           ; no              ; no                     ; 1         ; no              ; no         ; no            ; no       ; Off          ; 2.5 V        ; Default          ; Series 50 Ohm without Calibration ; --                        ; no                         ; no                          ; 0                   ; Off                         ; Fitter               ; -                    ; -                   ;
; avs_readdata[8]  ; AG20  ; 4A       ; 72           ; 0            ; 51           ; no              ; no                     ; 1         ; no              ; no         ; no            ; no       ; Off          ; 2.5 V        ; Default          ; Series 50 Ohm without Calibration ; --                        ; no                         ; no                          ; 0                   ; Off                         ; Fitter               ; -                    ; -                   ;
; avs_readdata[9]  ; AH21  ; 4A       ; 76           ; 0            ; 51           ; no              ; no                     ; 1         ; no              ; no         ; no            ; no       ; Off          ; 2.5 V        ; Default          ; Series 50 Ohm without Calibration ; --                        ; no                         ; no                          ; 0                   ; Off                         ; Fitter               ; -                    ; -                   ;
; avs_waitrequest  ; AE4   ; 3B       ; 26           ; 0            ; 74           ; no              ; no                     ; 1         ; no              ; no         ; no            ; no       ; Off          ; 2.5 V        ; Default          ; Series 50 Ohm without Calibration ; --                        ; no                         ; no                          ; 0                   ; Off                         ; Fitter               ; -                    ; -                   ;
+------------------+-------+----------+--------------+--------------+--------------+-----------------+------------------------+-----------+-----------------+------------+---------------+----------+--------------+--------------+------------------+-----------------------------------+---------------------------+----------------------------+-----------------------------+---------------------+-----------------------------+----------------------+----------------------+---------------------+


+-----------------------------------------------------------------------------+
; I/O Bank Usage                                                              ;
+----------+-------------------+---------------+--------------+---------------+
; I/O Bank ; Usage             ; VCCIO Voltage ; VREF Voltage ; VCCPD Voltage ;
+----------+-------------------+---------------+--------------+---------------+
; B2L      ; 0 / 0 ( -- )      ; --            ; --           ; --            ;
; B1L      ; 0 / 0 ( -- )      ; --            ; --           ; --            ;
; 3A       ; 16 / 16 ( 100 % ) ; 2.5V          ; --           ; 2.5V          ;
; 3B       ; 32 / 32 ( 100 % ) ; 2.5V          ; --           ; 2.5V          ;
; 4A       ; 10 / 68 ( 15 % )  ; 2.5V          ; --           ; 2.5V          ;
; 5A       ; 16 / 16 ( 100 % ) ; 2.5V          ; --           ; 2.5V          ;
; 5B       ; 7 / 7 ( 100 % )   ; 2.5V          ; --           ; 2.5V          ;
; 6B       ; 0 / 44 ( 0 % )    ; 2.5V          ; --           ; 2.5V          ;
; 6A       ; 0 / 56 ( 0 % )    ; 2.5V          ; --           ; 2.5V          ;
; 7A       ; 0 / 19 ( 0 % )    ; 2.5V          ; --           ; 2.5V          ;
; 7B       ; 0 / 22 ( 0 % )    ; 2.5V          ; --           ; 2.5V          ;
; 7C       ; 0 / 12 ( 0 % )    ; 2.5V          ; --           ; 2.5V          ;
; 7D       ; 0 / 14 ( 0 % )    ; 2.5V          ; --           ; 2.5V          ;
; 8A       ; 0 / 6 ( 0 % )     ; 2.5V          ; --           ; 2.5V          ;
+----------+-------------------+---------------+--------------+---------------+


+-----------------------------------------------------------------------------------------------------------------------------------------------------------------------------------+
; All Package Pins                                                                                                                                                                  ;
+----------+------------+----------------+---------------------------------+--------+--------------+---------------------+--------------+-----------------+----------+--------------+
; Location ; Pad Number ; I/O Bank       ; Pin Name/Usage                  ; Dir.   ; I/O Standard ; Voltage             ; I/O Type     ; User Assignment ; Bus Hold ; Weak Pull Up ;
+----------+------------+----------------+---------------------------------+--------+--------------+---------------------+--------------+-----------------+----------+--------------+
; A2       ;            ;                ; DNU                             ;        ;              ;                     ; --           ;                 ; --       ; --           ;
; A3       ;            ;                ; GND                             ; gnd    ;              ;                     ; --           ;                 ; --       ; --           ;
; A4       ; 435        ; 7C             ; RESERVED_INPUT_WITH_WEAK_PULLUP ;        ;              ;                     ; Column I/O   ;                 ; no       ; On           ;
; A5       ; 431        ; 7C             ; RESERVED_INPUT_WITH_WEAK_PULLUP ;        ;              ;                     ; Column I/O   ;                 ; no       ; On           ;
; A6       ; 425        ; 7B             ; RESERVED_INPUT_WITH_WEAK_PULLUP ;        ;              ;                     ; Column I/O   ;                 ; no       ; On           ;
; A7       ; 423        ; 7B             ; RESERVED_INPUT_WITH_WEAK_PULLUP ;        ;              ;                     ; Column I/O   ;                 ; no       ; On           ;
; A8       ; 421        ; 7B             ; RESERVED_INPUT_WITH_WEAK_PULLUP ;        ;              ;                     ; Column I/O   ;                 ; no       ; On           ;
; A9       ; 419        ; 7B             ; RESERVED_INPUT_WITH_WEAK_PULLUP ;        ;              ;                     ; Column I/O   ;                 ; no       ; On           ;
; A10      ;            ;                ; GND                             ; gnd    ;              ;                     ; --           ;                 ; --       ; --           ;
; A11      ; 417        ; 7B             ; RESERVED_INPUT_WITH_WEAK_PULLUP ;        ;              ;                     ; Column I/O   ;                 ; no       ; On           ;
; A12      ; 415        ; 7B             ; RESERVED_INPUT_WITH_WEAK_PULLUP ;        ;              ;                     ; Column I/O   ;                 ; no       ; On           ;
; A13      ; 413        ; 7B             ; RESERVED_INPUT_WITH_WEAK_PULLUP ;        ;              ;                     ; Column I/O   ;                 ; no       ; On           ;
; A14      ; 411        ; 7B             ; RESERVED_INPUT_WITH_WEAK_PULLUP ;        ;              ;                     ; Column I/O   ;                 ; no       ; On           ;
; A15      ; 409        ; 7B             ; RESERVED_INPUT_WITH_WEAK_PULLUP ;        ;              ;                     ; Column I/O   ;                 ; no       ; On           ;
; A16      ; 407        ; 7B             ; RESERVED_INPUT_WITH_WEAK_PULLUP ;        ;              ;                     ; Column I/O   ;                 ; no       ; On           ;
; A17      ; 399        ; 7A             ; RESERVED_INPUT_WITH_WEAK_PULLUP ;        ;              ;                     ; Column I/O   ;                 ; no       ; On           ;
; A18      ; 395        ; 7A             ; RESERVED_INPUT_WITH_WEAK_PULLUP ;        ;              ;                     ; Column I/O   ;                 ; no       ; On           ;
; A19      ; 393        ; 7A             ; RESERVED_INPUT_WITH_WEAK_PULLUP ;        ;              ;                     ; Column I/O   ;                 ; no       ; On           ;
; A20      ; 391        ; 7A             ; RESERVED_INPUT_WITH_WEAK_PULLUP ;        ;              ;                     ; Column I/O   ;                 ; no       ; On           ;
; A21      ; 389        ; 7A             ; RESERVED_INPUT_WITH_WEAK_PULLUP ;        ;              ;                     ; Column I/O   ;                 ; no       ; On           ;
; A22      ; 387        ; 7A             ; RESERVED_INPUT_WITH_WEAK_PULLUP ;        ;              ;                     ; Column I/O   ;                 ; no       ; On           ;
; A23      ; 374        ; 7A             ; ^HPS_nRST                       ;        ;              ;                     ; --           ;                 ; --       ; --           ;
; A24      ; 361        ; 6A             ; RESERVED_INPUT_WITH_WEAK_PULLUP ;        ;              ;                     ; Row I/O      ;                 ; no       ; On           ;
; A25      ; 359        ; 6A             ; RESERVED_INPUT_WITH_WEAK_PULLUP ;        ;              ;                     ; Row I/O      ;                 ; no       ; On           ;
; A26      ; 357        ; 6A             ; RESERVED_INPUT_WITH_WEAK_PULLUP ;        ;              ;                     ; Row I/O      ;                 ; no       ; On           ;
; A27      ; 353        ; 6A             ; RESERVED_INPUT_WITH_WEAK_PULLUP ;        ;              ;                     ; Row I/O      ;                 ; no       ; On           ;
; AA1      ;            ;                ; GND                             ; gnd    ;              ;                     ; --           ;                 ; --       ; --           ;
; AA2      ;            ;                ; GND                             ; gnd    ;              ;                     ; --           ;                 ; --       ; --           ;
; AA3      ;            ;                ; GND                             ; gnd    ;              ;                     ; --           ;                 ; --       ; --           ;
; AA4      ; 59         ; 3A             ; avs_writedata[4]                ; input  ; 2.5 V        ;                     ; Column I/O   ; N               ; no       ; Off          ;
; AA5      ;            ; 3A             ; VCCIO3A                         ; power  ;              ; 2.5V                ; --           ;                 ; --       ; --           ;
; AA6      ; 43         ; 3A             ; ^nCSO, DATA4                    ;        ;              ;                     ; Weak Pull Up ;                 ; --       ; On           ;
; AA8      ; 50         ; 3A             ; ^DCLK                           ;        ;              ;                     ; Weak Pull Up ;                 ; --       ; On           ;
; AA9      ;            ;                ; GND                             ; gnd    ;              ;                     ; --           ;                 ; --       ; --           ;
; AA10     ;            ; 3A             ; VCCPD3A                         ; power  ;              ; 2.5V                ; --           ;                 ; --       ; --           ;
; AA11     ; 64         ; 3A             ; avs_writedata[12]               ; input  ; 2.5 V        ;                     ; Column I/O   ; N               ; no       ; Off          ;
; AA12     ;            ; 3B             ; VCCIO3B                         ; power  ;              ; 2.5V                ; --           ;                 ; --       ; --           ;
; AA13     ; 144        ; 4A             ; RESERVED_INPUT_WITH_WEAK_PULLUP ;        ;              ;                     ; Column I/O   ;                 ; no       ; On           ;
; AA14     ;            ; 3B, 4A         ; VCCPD3B4A                       ; power  ;              ; 2.5V                ; --           ;                 ; --       ; --           ;
; AA15     ; 160        ; 4A             ; RESERVED_INPUT_WITH_WEAK_PULLUP ;        ;              ;                     ; Column I/O   ;                 ; no       ; On           ;
; AA16     ;            ; 4A             ; VCCIO4A                         ; power  ;              ; 2.5V                ; --           ;                 ; --       ; --           ;
; AA17     ;            ;                ; GND                             ; gnd    ;              ;                     ; --           ;                 ; --       ; --           ;
; AA18     ; 168        ; 4A             ; RESERVED_INPUT_WITH_WEAK_PULLUP ;        ;              ;                     ; Column I/O   ;                 ; no       ; On           ;
; AA19     ; 170        ; 4A             ; RESERVED_INPUT_WITH_WEAK_PULLUP ;        ;              ;                     ; Column I/O   ;                 ; no       ; On           ;
; AA20     ; 213        ; 5A             ; avs_writedata[29]               ; input  ; 2.5 V        ;                     ; Row I/O      ; N               ; no       ; Off          ;
; AA21     ;            ; --             ; VCCA_FPLL                       ; power  ;              ; 2.5V                ; --           ;                 ; --       ; --           ;
; AA23     ; 226        ; 5A             ; avs_writedata[7]                ; input  ; 2.5 V        ;                     ; Row I/O      ; N               ; no       ; Off          ;
; AA24     ; 224        ; 5A             ; avs_writedata[25]               ; input  ; 2.5 V        ;                     ; Row I/O      ; N               ; no       ; Off          ;
; AA25     ;            ; 5B             ; VREFB5BN0                       ; power  ;              ;                     ; --           ;                 ; --       ; --           ;
; AA26     ; 255        ; 5B             ; avs_byteenable[1]               ; input  ; 2.5 V        ;                     ; Row I/O      ; N               ; no       ; Off          ;
; AA27     ; 279        ; 6B             ; RESERVED_INPUT_WITH_WEAK_PULLUP ;        ;              ;                     ; Row I/O      ;                 ; no       ; On           ;
; AA28     ; 289        ; 6B             ; RESERVED_INPUT_WITH_WEAK_PULLUP ;        ;              ;                     ; Row I/O      ;                 ; no       ; On           ;
; AB1      ;            ;                ; GND                             ; gnd    ;              ;                     ; --           ;                 ; --       ; --           ;
; AB2      ;            ;                ; GND                             ; gnd    ;              ;                     ; --           ;                 ; --       ; --           ;
; AB3      ;            ;                ; GND                             ; gnd    ;              ;                     ; --           ;                 ; --       ; --           ;
; AB4      ; 57         ; 3A             ; avs_writedata[17]               ; input  ; 2.5 V        ;                     ; Column I/O   ; N               ; no       ; Off          ;
; AB5      ; 46         ; 3A             ; #TCK                            ; input  ;              ;                     ; --           ;                 ; --       ; --           ;
; AB6      ; 45         ; 3A             ; ^AS_DATA3, DATA3                ;        ;              ;                     ; Weak Pull Up ;                 ; --       ; On           ;
; AB23     ; 222        ; 5A             ; avs_writedata[14]               ; input  ; 2.5 V        ;                     ; Row I/O      ; N               ; no       ; Off          ;
; AB24     ;            ;                ; GND                             ; gnd    ;              ;                     ; --           ;                 ; --       ; --           ;
; AB25     ; 259        ; 5B             ; avs_byteenable[2]               ; input  ; 2.5 V        ;                     ; Row I/O      ; N               ; no       ; Off          ;
; AB26     ; 253        ; 5B             ; avs_byteenable[3]               ; input  ; 2.5 V        ;                     ; Row I/O      ; N               ; no       ; Off          ;
; AB27     ;            ;                ; GND                             ; gnd    ;              ;                     ; --           ;                 ; --       ; --           ;
; AB28     ; 277        ; 6B             ; RESERVED_INPUT_WITH_WEAK_PULLUP ;        ;              ;                     ; Row I/O      ;                 ; no       ; On           ;
; AC1      ;            ;                ; GND                             ; gnd    ;              ;                     ; --           ;                 ; --       ; --           ;
; AC2      ;            ;                ; GND                             ; gnd    ;              ;                     ; --           ;                 ; --       ; --           ;
; AC3      ;            ;                ; GND                             ; gnd    ;              ;                     ; --           ;                 ; --       ; --           ;
; AC4      ; 63         ; 3A             ; avs_writedata[3]                ; input  ; 2.5 V        ;                     ; Column I/O   ; N               ; no       ; Off          ;
; AC5      ; 47         ; 3A             ; ^AS_DATA2, DATA2                ;        ;              ;                     ; Weak Pull Up ;                 ; --       ; On           ;
; AC6      ; 49         ; 3A             ; ^AS_DATA1, DATA1                ;        ;              ;                     ; Weak Pull Up ;                 ; --       ; On           ;
; AC7      ; 44         ; 3A             ; #TMS                            ; input  ;              ;                     ; --           ;                 ; --       ; --           ;
; AC8      ;            ; --             ; VCC_AUX                         ; power  ;              ; 2.5V                ; --           ;                 ; --       ; --           ;
; AC21     ;            ; --             ; VCC_AUX                         ; power  ;              ; 2.5V                ; --           ;                 ; --       ; --           ;
; AC22     ; 202        ; 4A             ; RESERVED_INPUT_WITH_WEAK_PULLUP ;        ;              ;                     ; Column I/O   ;                 ; no       ; On           ;
; AC23     ; 200        ; 4A             ; RESERVED_INPUT_WITH_WEAK_PULLUP ;        ;              ;                     ; Column I/O   ;                 ; no       ; On           ;
; AC24     ; 220        ; 5A             ; avs_writedata[21]               ; input  ; 2.5 V        ;                     ; Row I/O      ; N               ; no       ; Off          ;
; AC25     ;            ; 5A             ; VCCIO5A                         ; power  ;              ; 2.5V                ; --           ;                 ; --       ; --           ;
; AC26     ;            ; 5A             ; VREFB5AN0                       ; power  ;              ;                     ; --           ;                 ; --       ; --           ;
; AC27     ; 275        ; 6B             ; RESERVED_INPUT_WITH_WEAK_PULLUP ;        ;              ;                     ; Row I/O      ;                 ; no       ; On           ;
; AC28     ; 273        ; 6B             ; RESERVED_INPUT_WITH_WEAK_PULLUP ;        ;              ;                     ; Row I/O      ;                 ; no       ; On           ;
; AD1      ;            ;                ; DNU                             ;        ;              ;                     ; --           ;                 ; --       ; --           ;
; AD2      ;            ;                ; DNU                             ;        ;              ;                     ; --           ;                 ; --       ; --           ;
; AD3      ;            ;                ; GND                             ; gnd    ;              ;                     ; --           ;                 ; --       ; --           ;
; AD4      ; 61         ; 3A             ; avs_writedata[6]                ; input  ; 2.5 V        ;                     ; Column I/O   ; N               ; no       ; Off          ;
; AD5      ; 67         ; 3A             ; avs_writedata[20]               ; input  ; 2.5 V        ;                     ; Column I/O   ; N               ; no       ; Off          ;
; AD6      ;            ;                ; GND                             ; gnd    ;              ;                     ; --           ;                 ; --       ; --           ;
; AD7      ; 51         ; 3A             ; ^AS_DATA0, ASDO, DATA0          ;        ;              ;                     ; Weak Pull Up ;                 ; --       ; On           ;
; AD8      ;            ;                ; GND                             ; gnd    ;              ;                     ; --           ;                 ; --       ; --           ;
; AD9      ;            ; 3B, 4A         ; VCCPD3B4A                       ; power  ;              ; 2.5V                ; --           ;                 ; --       ; --           ;
; AD10     ; 103        ; 3B             ; avs_readdata[14]                ; output ; 2.5 V        ;                     ; Column I/O   ; N               ; no       ; Off          ;
; AD11     ; 111        ; 3B             ; avs_readdata[22]                ; output ; 2.5 V        ;                     ; Column I/O   ; N               ; no       ; Off          ;
; AD12     ; 125        ; 3B             ; avs_readdata[16]                ; output ; 2.5 V        ;                     ; Column I/O   ; N               ; no       ; Off          ;
; AD13     ;            ; 3B, 4A         ; VCCPD3B4A                       ; power  ;              ; 2.5V                ; --           ;                 ; --       ; --           ;
; AD14     ;            ;                ; GND                             ; gnd    ;              ;                     ; --           ;                 ; --       ; --           ;
; AD15     ;            ; --             ; VCC_AUX                         ; power  ;              ; 2.5V                ; --           ;                 ; --       ; --           ;
; AD16     ;            ; 3B, 4A         ; VCCPD3B4A                       ; power  ;              ; 2.5V                ; --           ;                 ; --       ; --           ;
; AD17     ; 159        ; 4A             ; RESERVED_INPUT_WITH_WEAK_PULLUP ;        ;              ;                     ; Column I/O   ;                 ; no       ; On           ;
; AD18     ;            ; 3B, 4A         ; VCCPD3B4A                       ; power  ;              ; 2.5V                ; --           ;                 ; --       ; --           ;
; AD19     ; 165        ; 4A             ; RESERVED_INPUT_WITH_WEAK_PULLUP ;        ;              ;                     ; Column I/O   ;                 ; no       ; On           ;
; AD20     ; 173        ; 4A             ; RESERVED_INPUT_WITH_WEAK_PULLUP ;        ;              ;                     ; Column I/O   ;                 ; no       ; On           ;
; AD21     ;            ; 3B, 4A         ; VCCPD3B4A                       ; power  ;              ; 2.5V                ; --           ;                 ; --       ; --           ;
; AD22     ;            ;                ; GND                             ; gnd    ;              ;                     ; --           ;                 ; --       ; --           ;
; AD23     ; 186        ; 4A             ; RESERVED_INPUT_WITH_WEAK_PULLUP ;        ;              ;                     ; Column I/O   ;                 ; no       ; On           ;
; AD24     ;            ; --             ; VCCPGM                          ; power  ;              ; 1.8V/2.5V/3.0V/3.3V ; --           ;                 ; --       ; --           ;
; AD25     ;            ;                ; GND                             ; gnd    ;              ;                     ; --           ;                 ; --       ; --           ;
; AD26     ; 218        ; 5A             ; avs_writedata[19]               ; input  ; 2.5 V        ;                     ; Row I/O      ; N               ; no       ; Off          ;
; AD27     ;            ; 6B             ; VCCIO6B_HPS                     ; power  ;              ; 2.5V                ; --           ;                 ; --       ; --           ;
; AD28     ; 263        ; 6B             ; RESERVED_INPUT_WITH_WEAK_PULLUP ;        ;              ;                     ; Row I/O      ;                 ; no       ; On           ;
; AE1      ;            ;                ; GND                             ; gnd    ;              ;                     ; --           ;                 ; --       ; --           ;
; AE2      ;            ;                ; GND                             ; gnd    ;              ;                     ; --           ;                 ; --       ; --           ;
; AE3      ;            ;                ; GND                             ; gnd    ;              ;                     ; --           ;                 ; --       ; --           ;
; AE4      ; 102        ; 3B             ; avs_waitrequest                 ; output ; 2.5 V        ;                     ; Column I/O   ; N               ; no       ; Off          ;
; AE5      ;            ; 3A             ; VREFB3AN0                       ; power  ;              ;                     ; --           ;                 ; --       ; --           ;
; AE6      ; 65         ; 3A             ; avs_writedata[9]                ; input  ; 2.5 V        ;                     ; Column I/O   ; N               ; no       ; Off          ;
; AE7      ; 107        ; 3B             ; avs_address[4]                  ; input  ; 2.5 V        ;                     ; Column I/O   ; N               ; no       ; Off          ;
; AE8      ; 110        ; 3B             ; avs_address[1]                  ; input  ; 2.5 V        ;                     ; Column I/O   ; N               ; no       ; Off          ;
; AE9      ; 101        ; 3B             ; avs_readdata[15]                ; output ; 2.5 V        ;                     ; Column I/O   ; N               ; no       ; Off          ;
; AE10     ;            ; 3B             ; VCCIO3B                         ; power  ;              ; 2.5V                ; --           ;                 ; --       ; --           ;
; AE11     ; 109        ; 3B             ; avs_readdata[20]                ; output ; 2.5 V        ;                     ; Column I/O   ; N               ; no       ; Off          ;
; AE12     ; 127        ; 3B             ; avs_readdata[23]                ; output ; 2.5 V        ;                     ; Column I/O   ; N               ; no       ; Off          ;
; AE13     ;            ; 3B             ; VCCIO3B                         ; power  ;              ; 2.5V                ; --           ;                 ; --       ; --           ;
; AE14     ;            ;                ; DNU                             ;        ;              ;                     ; --           ;                 ; --       ; --           ;
; AE15     ; 141        ; 4A             ; RESERVED_INPUT_WITH_WEAK_PULLUP ;        ;              ;                     ; Column I/O   ;                 ; no       ; On           ;
; AE16     ;            ;                ; GND                             ; gnd    ;              ;                     ; --           ;                 ; --       ; --           ;
; AE17     ; 157        ; 4A             ; RESERVED_INPUT_WITH_WEAK_PULLUP ;        ;              ;                     ; Column I/O   ;                 ; no       ; On           ;
; AE18     ;            ;                ; GND                             ; gnd    ;              ;                     ; --           ;                 ; --       ; --           ;
; AE19     ; 167        ; 4A             ; RESERVED_INPUT_WITH_WEAK_PULLUP ;        ;              ;                     ; Column I/O   ;                 ; no       ; On           ;
; AE20     ; 175        ; 4A             ; RESERVED_INPUT_WITH_WEAK_PULLUP ;        ;              ;                     ; Column I/O   ;                 ; no       ; On           ;
; AE21     ;            ; 4A             ; VCCIO4A                         ; power  ;              ; 2.5V                ; --           ;                 ; --       ; --           ;
; AE22     ; 184        ; 4A             ; RESERVED_INPUT_WITH_WEAK_PULLUP ;        ;              ;                     ; Column I/O   ;                 ; no       ; On           ;
; AE23     ; 197        ; 4A             ; RESERVED_INPUT_WITH_WEAK_PULLUP ;        ;              ;                     ; Column I/O   ;                 ; no       ; On           ;
; AE24     ; 199        ; 4A             ; RESERVED_INPUT_WITH_WEAK_PULLUP ;        ;              ;                     ; Column I/O   ;                 ; no       ; On           ;
; AE25     ; 216        ; 5A             ; avs_writedata[23]               ; input  ; 2.5 V        ;                     ; Row I/O      ; N               ; no       ; Off          ;
; AE26     ; 214        ; 5A             ; avs_writedata[31]               ; input  ; 2.5 V        ;                     ; Row I/O      ; N               ; no       ; Off          ;
; AE27     ; 265        ; 6B             ; RESERVED_INPUT_WITH_WEAK_PULLUP ;        ;              ;                     ; Row I/O      ;                 ; no       ; On           ;
; AE28     ; 261        ; 6B             ; RESERVED_INPUT_WITH_WEAK_PULLUP ;        ;              ;                     ; Row I/O      ;                 ; no       ; On           ;
; AF1      ;            ;                ; GND                             ; gnd    ;              ;                     ; --           ;                 ; --       ; --           ;
; AF2      ;            ;                ; GND                             ; gnd    ;              ;                     ; --           ;                 ; --       ; --           ;
; AF3      ;            ;                ; GND                             ; gnd    ;              ;                     ; --           ;                 ; --       ; --           ;
; AF4      ; 100        ; 3B             ; avs_readdata[30]                ; output ; 2.5 V        ;                     ; Column I/O   ; N               ; no       ; Off          ;
; AF5      ; 115        ; 3B             ; avs_address[5]                  ; input  ; 2.5 V        ;                     ; Column I/O   ; N               ; no       ; Off          ;
; AF6      ; 113        ; 3B             ; avs_readdata[26]                ; output ; 2.5 V        ;                     ; Column I/O   ; N               ; no       ; Off          ;
; AF7      ; 118        ; 3B             ; avs_read                        ; input  ; 2.5 V        ;                     ; Column I/O   ; N               ; no       ; Off          ;
; AF8      ; 105        ; 3B             ; avs_address[6]                  ; input  ; 2.5 V        ;                     ; Column I/O   ; N               ; no       ; Off          ;
; AF9      ; 108        ; 3B             ; avs_readdata[29]                ; output ; 2.5 V        ;                     ; Column I/O   ; N               ; no       ; Off          ;
; AF10     ; 117        ; 3B             ; avs_readdata[19]                ; output ; 2.5 V        ;                     ; Column I/O   ; N               ; no       ; Off          ;
; AF11     ; 119        ; 3B             ; avs_readdata[17]                ; output ; 2.5 V        ;                     ; Column I/O   ; N               ; no       ; Off          ;
; AF12     ;            ; 3B             ; VREFB3BN0                       ; power  ;              ;                     ; --           ;                 ; --       ; --           ;
; AF13     ; 133        ; 4A             ; RESERVED_INPUT_WITH_WEAK_PULLUP ;        ;              ;                     ; Column I/O   ;                 ; no       ; On           ;
; AF14     ;            ; 4A             ; VCCIO4A                         ; power  ;              ; 2.5V                ; --           ;                 ; --       ; --           ;
; AF15     ; 143        ; 4A             ; RESERVED_INPUT_WITH_WEAK_PULLUP ;        ;              ;                     ; Column I/O   ;                 ; no       ; On           ;
; AF16     ;            ; 4A             ; VREFB4AN0                       ; power  ;              ;                     ; --           ;                 ; --       ; --           ;
; AF17     ; 151        ; 4A             ; RESERVED_INPUT_WITH_WEAK_PULLUP ;        ;              ;                     ; Column I/O   ;                 ; no       ; On           ;
; AF18     ; 166        ; 4A             ; RESERVED_INPUT_WITH_WEAK_PULLUP ;        ;              ;                     ; Column I/O   ;                 ; no       ; On           ;
; AF19     ;            ; 4A             ; VCCIO4A                         ; power  ;              ; 2.5V                ; --           ;                 ; --       ; --           ;
; AF20     ; 179        ; 4A             ; RESERVED_INPUT_WITH_WEAK_PULLUP ;        ;              ;                     ; Column I/O   ;                 ; no       ; On           ;
; AF21     ; 181        ; 4A             ; RESERVED_INPUT_WITH_WEAK_PULLUP ;        ;              ;                     ; Column I/O   ;                 ; no       ; On           ;
; AF22     ; 183        ; 4A             ; RESERVED_INPUT_WITH_WEAK_PULLUP ;        ;              ;                     ; Column I/O   ;                 ; no       ; On           ;
; AF23     ; 189        ; 4A             ; RESERVED_INPUT_WITH_WEAK_PULLUP ;        ;              ;                     ; Column I/O   ;                 ; no       ; On           ;
; AF24     ;            ;                ; GND                             ; gnd    ;              ;                     ; --           ;                 ; --       ; --           ;
; AF25     ; 207        ; 4A             ; RESERVED_INPUT_WITH_WEAK_PULLUP ;        ;              ;                     ; Column I/O   ;                 ; no       ; On           ;
; AF26     ; 212        ; 5A             ; avs_writedata[8]                ; input  ; 2.5 V        ;                     ; Row I/O      ; N               ; no       ; Off          ;
; AF27     ; 211        ; 4A             ; RESERVED_INPUT_WITH_WEAK_PULLUP ;        ;              ;                     ; Column I/O   ;                 ; no       ; On           ;
; AF28     ; 209        ; 4A             ; avs_readdata[1]                 ; output ; 2.5 V        ;                     ; Column I/O   ; N               ; no       ; Off          ;
; AG1      ;            ;                ; GND                             ; gnd    ;              ;                     ; --           ;                 ; --       ; --           ;
; AG2      ;            ;                ; GND                             ; gnd    ;              ;                     ; --           ;                 ; --       ; --           ;
; AG3      ;            ;                ; GND                             ; gnd    ;              ;                     ; --           ;                 ; --       ; --           ;
; AG4      ;            ; 3B             ; VCCIO3B                         ; power  ;              ; 2.5V                ; --           ;                 ; --       ; --           ;
; AG5      ; 126        ; 3B             ; avs_readdata[31]                ; output ; 2.5 V        ;                     ; Column I/O   ; N               ; no       ; Off          ;
; AG6      ; 116        ; 3B             ; avs_address[0]                  ; input  ; 2.5 V        ;                     ; Column I/O   ; N               ; no       ; Off          ;
; AG7      ;            ;                ; GND                             ; gnd    ;              ;                     ; --           ;                 ; --       ; --           ;
; AG8      ; 134        ; 4A             ; RESERVED_INPUT_WITH_WEAK_PULLUP ;        ;              ;                     ; Column I/O   ;                 ; no       ; On           ;
; AG9      ; 139        ; 4A             ; RESERVED_INPUT_WITH_WEAK_PULLUP ;        ;              ;                     ; Column I/O   ;                 ; no       ; On           ;
; AG10     ; 142        ; 4A             ; RESERVED_INPUT_WITH_WEAK_PULLUP ;        ;              ;                     ; Column I/O   ;                 ; no       ; On           ;
; AG11     ; 147        ; 4A             ; RESERVED_INPUT_WITH_WEAK_PULLUP ;        ;              ;                     ; Column I/O   ;                 ; no       ; On           ;
; AG12     ;            ; 4A             ; VCCIO4A                         ; power  ;              ; 2.5V                ; --           ;                 ; --       ; --           ;
; AG13     ; 135        ; 4A             ; RESERVED_INPUT_WITH_WEAK_PULLUP ;        ;              ;                     ; Column I/O   ;                 ; no       ; On           ;
; AG14     ; 155        ; 4A             ; RESERVED_INPUT_WITH_WEAK_PULLUP ;        ;              ;                     ; Column I/O   ;                 ; no       ; On           ;
; AG15     ; 158        ; 4A             ; avs_readdata[2]                 ; output ; 2.5 V        ;                     ; Column I/O   ; N               ; no       ; Off          ;
; AG16     ; 149        ; 4A             ; RESERVED_INPUT_WITH_WEAK_PULLUP ;        ;              ;                     ; Column I/O   ;                 ; no       ; On           ;
; AG17     ;            ;                ; GND                             ; gnd    ;              ;                     ; --           ;                 ; --       ; --           ;
; AG18     ; 171        ; 4A             ; RESERVED_INPUT_WITH_WEAK_PULLUP ;        ;              ;                     ; Column I/O   ;                 ; no       ; On           ;
; AG19     ; 174        ; 4A             ; RESERVED_INPUT_WITH_WEAK_PULLUP ;        ;              ;                     ; Column I/O   ;                 ; no       ; On           ;
; AG20     ; 177        ; 4A             ; avs_readdata[8]                 ; output ; 2.5 V        ;                     ; Column I/O   ; N               ; no       ; Off          ;
; AG21     ; 182        ; 4A             ; RESERVED_INPUT_WITH_WEAK_PULLUP ;        ;              ;                     ; Column I/O   ;                 ; no       ; On           ;
; AG22     ;            ; 4A             ; VCCIO4A                         ; power  ;              ; 2.5V                ; --           ;                 ; --       ; --           ;
; AG23     ; 191        ; 4A             ; RESERVED_INPUT_WITH_WEAK_PULLUP ;        ;              ;                     ; Column I/O   ;                 ; no       ; On           ;
; AG24     ; 195        ; 4A             ; avs_readdata[6]                 ; output ; 2.5 V        ;                     ; Column I/O   ; N               ; no       ; Off          ;
; AG25     ; 205        ; 4A             ; RESERVED_INPUT_WITH_WEAK_PULLUP ;        ;              ;                     ; Column I/O   ;                 ; no       ; On           ;
; AG26     ; 198        ; 4A             ; RESERVED_INPUT_WITH_WEAK_PULLUP ;        ;              ;                     ; Column I/O   ;                 ; no       ; On           ;
; AG27     ;            ;                ; GND                             ; gnd    ;              ;                     ; --           ;                 ; --       ; --           ;
; AG28     ; 206        ; 4A             ; RESERVED_INPUT_WITH_WEAK_PULLUP ;        ;              ;                     ; Column I/O   ;                 ; no       ; On           ;
; AH2      ; 121        ; 3B             ; avs_address[7]                  ; input  ; 2.5 V        ;                     ; Column I/O   ; N               ; no       ; Off          ;
; AH3      ; 123        ; 3B             ; avs_address[3]                  ; input  ; 2.5 V        ;                     ; Column I/O   ; N               ; no       ; Off          ;
; AH4      ; 124        ; 3B             ; avs_readdata[28]                ; output ; 2.5 V        ;                     ; Column I/O   ; N               ; no       ; Off          ;
; AH5      ; 129        ; 3B             ; avs_address[2]                  ; input  ; 2.5 V        ;                     ; Column I/O   ; N               ; no       ; Off          ;
; AH6      ; 131        ; 3B             ; avs_readdata[27]                ; output ; 2.5 V        ;                     ; Column I/O   ; N               ; no       ; Off          ;
; AH7      ; 132        ; 4A             ; RESERVED_INPUT_WITH_WEAK_PULLUP ;        ;              ;                     ; Column I/O   ;                 ; no       ; On           ;
; AH8      ; 137        ; 4A             ; RESERVED_INPUT_WITH_WEAK_PULLUP ;        ;              ;                     ; Column I/O   ;                 ; no       ; On           ;
; AH9      ; 140        ; 4A             ; avs_readdata[7]                 ; output ; 2.5 V        ;                     ; Column I/O   ; N               ; no       ; Off          ;
; AH10     ;            ;                ; GND                             ; gnd    ;              ;                     ; --           ;                 ; --       ; --           ;
; AH11     ; 145        ; 4A             ; RESERVED_INPUT_WITH_WEAK_PULLUP ;        ;              ;                     ; Column I/O   ;                 ; no       ; On           ;
; AH12     ; 150        ; 4A             ; avs_readdata[0]                 ; output ; 2.5 V        ;                     ; Column I/O   ; N               ; no       ; Off          ;
; AH13     ; 153        ; 4A             ; avs_readdata[3]                 ; output ; 2.5 V        ;                     ; Column I/O   ; N               ; no       ; Off          ;
; AH14     ; 156        ; 4A             ; RESERVED_INPUT_WITH_WEAK_PULLUP ;        ;              ;                     ; Column I/O   ;                 ; no       ; On           ;
; AH15     ;            ; 4A             ; VCCIO4A                         ; power  ;              ; 2.5V                ; --           ;                 ; --       ; --           ;
; AH16     ; 161        ; 4A             ; avs_readdata[4]                 ; output ; 2.5 V        ;                     ; Column I/O   ; N               ; no       ; Off          ;
; AH17     ; 163        ; 4A             ; avs_readdata[5]                 ; output ; 2.5 V        ;                     ; Column I/O   ; N               ; no       ; Off          ;
; AH18     ; 169        ; 4A             ; RESERVED_INPUT_WITH_WEAK_PULLUP ;        ;              ;                     ; Column I/O   ;                 ; no       ; On           ;
; AH19     ; 172        ; 4A             ; RESERVED_INPUT_WITH_WEAK_PULLUP ;        ;              ;                     ; Column I/O   ;                 ; no       ; On           ;
; AH20     ;            ;                ; GND                             ; gnd    ;              ;                     ; --           ;                 ; --       ; --           ;
; AH21     ; 185        ; 4A             ; avs_readdata[9]                 ; output ; 2.5 V        ;                     ; Column I/O   ; N               ; no       ; Off          ;
; AH22     ; 188        ; 4A             ; RESERVED_INPUT_WITH_WEAK_PULLUP ;        ;              ;                     ; Column I/O   ;                 ; no       ; On           ;
; AH23     ; 190        ; 4A             ; RESERVED_INPUT_WITH_WEAK_PULLUP ;        ;              ;                     ; Column I/O   ;                 ; no       ; On           ;
; AH24     ; 193        ; 4A             ; RESERVED_INPUT_WITH_WEAK_PULLUP ;        ;              ;                     ; Column I/O   ;                 ; no       ; On           ;
; AH25     ;            ; 4A             ; VCCIO4A                         ; power  ;              ; 2.5V                ; --           ;                 ; --       ; --           ;
; AH26     ; 201        ; 4A             ; RESERVED_INPUT_WITH_WEAK_PULLUP ;        ;              ;                     ; Column I/O   ;                 ; no       ; On           ;
; AH27     ; 204        ; 4A             ; RESERVED_INPUT_WITH_WEAK_PULLUP ;        ;              ;                     ; Column I/O   ;                 ; no       ; On           ;
; B1       ;            ;                ; GND                             ;        ;              ;                     ; --           ;                 ; --       ; --           ;
; B2       ;            ;                ; DNU                             ;        ;              ;                     ; --           ;                 ; --       ; --           ;
; B3       ;            ;                ; GND                             ; gnd    ;              ;                     ; --           ;                 ; --       ; --           ;
; B4       ; 437        ; 7C             ; RESERVED_INPUT_WITH_WEAK_PULLUP ;        ;              ;                     ; Column I/O   ;                 ; no       ; On           ;
; B5       ;            ;                ; GND                             ; gnd    ;              ;                     ; --           ;                 ; --       ; --           ;
; B6       ; 433        ; 7C             ; RESERVED_INPUT_WITH_WEAK_PULLUP ;        ;              ;                     ; Column I/O   ;                 ; no       ; On           ;
; B7       ;            ;                ; GND                             ; gnd    ;              ;                     ; --           ;                 ; --       ; --           ;
; B8       ; 439        ; 7C             ; RESERVED_INPUT_WITH_WEAK_PULLUP ;        ;              ;                     ; Column I/O   ;                 ; no       ; On           ;
; B9       ; 441        ; 7C             ; RESERVED_INPUT_WITH_WEAK_PULLUP ;        ;              ;                     ; Column I/O   ;                 ; no       ; On           ;
; B10      ;            ; 7C             ; VCCIO7C_HPS                     ; power  ;              ; 2.5V                ; --           ;                 ; --       ; --           ;
; B11      ; 440        ; 7C             ; RESERVED_INPUT_WITH_WEAK_PULLUP ;        ;              ;                     ; Column I/O   ;                 ; no       ; On           ;
; B12      ; 438        ; 7C             ; RESERVED_INPUT_WITH_WEAK_PULLUP ;        ;              ;                     ; Column I/O   ;                 ; no       ; On           ;
; B13      ;            ; 7B             ; VCCIO7B_HPS                     ; power  ;              ; 2.5V                ; --           ;                 ; --       ; --           ;
; B14      ; 427        ; 7B             ; RESERVED_INPUT_WITH_WEAK_PULLUP ;        ;              ;                     ; Column I/O   ;                 ; no       ; On           ;
; B15      ;            ;                ; GND                             ; gnd    ;              ;                     ; --           ;                 ; --       ; --           ;
; B16      ; 402        ; 7A             ; RESERVED_INPUT_WITH_WEAK_PULLUP ;        ;              ;                     ; Column I/O   ;                 ; no       ; On           ;
; B17      ;            ;                ; GND                             ; gnd    ;              ;                     ; --           ;                 ; --       ; --           ;
; B18      ; 397        ; 7A             ; RESERVED_INPUT_WITH_WEAK_PULLUP ;        ;              ;                     ; Column I/O   ;                 ; no       ; On           ;
; B19      ; 403        ; 7A             ; RESERVED_INPUT_WITH_WEAK_PULLUP ;        ;              ;                     ; Column I/O   ;                 ; no       ; On           ;
; B20      ;            ;                ; GND                             ; gnd    ;              ;                     ; --           ;                 ; --       ; --           ;
; B21      ; 388        ; 7A             ; RESERVED_INPUT_WITH_WEAK_PULLUP ;        ;              ;                     ; Column I/O   ;                 ; no       ; On           ;
; B22      ;            ;                ; GND                             ; gnd    ;              ;                     ; --           ;                 ; --       ; --           ;
; B23      ; 376        ; 7A             ; ^HPS_TDO                        ;        ;              ;                     ; --           ;                 ; --       ; --           ;
; B24      ; 363        ; 6A             ; RESERVED_INPUT_WITH_WEAK_PULLUP ;        ;              ;                     ; Row I/O      ;                 ; no       ; On           ;
; B25      ;            ;                ; GND                             ; gnd    ;              ;                     ; --           ;                 ; --       ; --           ;
; B26      ; 351        ; 6A             ; RESERVED_INPUT_WITH_WEAK_PULLUP ;        ;              ;                     ; Row I/O      ;                 ; no       ; On           ;
; B27      ;            ;                ; GND                             ; gnd    ;              ;                     ; --           ;                 ; --       ; --           ;
; B28      ; 343        ; 6A             ; RESERVED_INPUT_WITH_WEAK_PULLUP ;        ;              ;                     ; Row I/O      ;                 ; no       ; On           ;
; C1       ;            ;                ; GND                             ; gnd    ;              ;                     ; --           ;                 ; --       ; --           ;
; C2       ;            ;                ; GND                             ; gnd    ;              ;                     ; --           ;                 ; --       ; --           ;
; C3       ;            ;                ; GND                             ; gnd    ;              ;                     ; --           ;                 ; --       ; --           ;
; C4       ; 446        ; 7D             ; RESERVED_INPUT_WITH_WEAK_PULLUP ;        ;              ;                     ; Column I/O   ;                 ; no       ; On           ;
; C5       ; 453        ; 7D             ; RESERVED_INPUT_WITH_WEAK_PULLUP ;        ;              ;                     ; Column I/O   ;                 ; no       ; On           ;
; C6       ; 451        ; 7D             ; RESERVED_INPUT_WITH_WEAK_PULLUP ;        ;              ;                     ; Column I/O   ;                 ; no       ; On           ;
; C7       ; 449        ; 7D             ; RESERVED_INPUT_WITH_WEAK_PULLUP ;        ;              ;                     ; Column I/O   ;                 ; no       ; On           ;
; C8       ; 447        ; 7D             ; RESERVED_INPUT_WITH_WEAK_PULLUP ;        ;              ;                     ; Column I/O   ;                 ; no       ; On           ;
; C9       ; 445        ; 7D             ; RESERVED_INPUT_WITH_WEAK_PULLUP ;        ;              ;                     ; Column I/O   ;                 ; no       ; On           ;
; C10      ; 443        ; 7D             ; RESERVED_INPUT_WITH_WEAK_PULLUP ;        ;              ;                     ; Column I/O   ;                 ; no       ; On           ;
; C11      ;            ;                ; GND                             ; gnd    ;              ;                     ; --           ;                 ; --       ; --           ;
; C12      ; 460        ; 8A             ; RESERVED_INPUT_WITH_WEAK_PULLUP ;        ;              ;                     ; Column I/O   ;                 ; no       ; On           ;
; C13      ; 432        ; 7C             ; RESERVED_INPUT_WITH_WEAK_PULLUP ;        ;              ;                     ; Column I/O   ;                 ; no       ; On           ;
; C14      ; 426        ; 7B             ; RESERVED_INPUT_WITH_WEAK_PULLUP ;        ;              ;                     ; Column I/O   ;                 ; no       ; On           ;
; C15      ; 418        ; 7B             ; RESERVED_INPUT_WITH_WEAK_PULLUP ;        ;              ;                     ; Column I/O   ;                 ; no       ; On           ;
; C16      ; 404        ; 7A             ; RESERVED_INPUT_WITH_WEAK_PULLUP ;        ;              ;                     ; Column I/O   ;                 ; no       ; On           ;
; C17      ; 396        ; 7A             ; RESERVED_INPUT_WITH_WEAK_PULLUP ;        ;              ;                     ; Column I/O   ;                 ; no       ; On           ;
; C18      ; 394        ; 7A             ; RESERVED_INPUT_WITH_WEAK_PULLUP ;        ;              ;                     ; Column I/O   ;                 ; no       ; On           ;
; C19      ; 401        ; 7A             ; RESERVED_INPUT_WITH_WEAK_PULLUP ;        ;              ;                     ; Column I/O   ;                 ; no       ; On           ;
; C20      ;            ; 7A             ; VCCIO7A_HPS                     ; power  ;              ; 2.5V                ; --           ;                 ; --       ; --           ;
; C21      ; 386        ; 7A             ; RESERVED_INPUT_WITH_WEAK_PULLUP ;        ;              ;                     ; Column I/O   ;                 ; no       ; On           ;
; C22      ; 380        ; 7A             ; ^HPS_TRST                       ;        ;              ;                     ; --           ;                 ; --       ; --           ;
; C23      ; 378        ; 7A             ; ^HPS_TMS                        ;        ;              ;                     ; --           ;                 ; --       ; --           ;
; C24      ; 367        ; 6A             ; RESERVED_INPUT_WITH_WEAK_PULLUP ;        ;              ;                     ; Row I/O      ;                 ; no       ; On           ;
; C25      ;            ; 6A             ; VCCIO6A_HPS                     ; power  ;              ; 2.5V                ; --           ;                 ; --       ; --           ;
; C26      ; 349        ; 6A             ; RESERVED_INPUT_WITH_WEAK_PULLUP ;        ;              ;                     ; Row I/O      ;                 ; no       ; On           ;
; C27      ;            ; 6A             ; VCCIO6A_HPS                     ; power  ;              ; 2.5V                ; --           ;                 ; --       ; --           ;
; C28      ; 341        ; 6A             ; RESERVED_INPUT_WITH_WEAK_PULLUP ;        ;              ;                     ; Row I/O      ;                 ; no       ; On           ;
; D1       ;            ;                ; DNU                             ;        ;              ;                     ; --           ;                 ; --       ; --           ;
; D2       ;            ;                ; DNU                             ;        ;              ;                     ; --           ;                 ; --       ; --           ;
; D3       ;            ;                ; GND                             ; gnd    ;              ;                     ; --           ;                 ; --       ; --           ;
; D4       ; 448        ; 7D             ; RESERVED_INPUT_WITH_WEAK_PULLUP ;        ;              ;                     ; Column I/O   ;                 ; no       ; On           ;
; D5       ; 455        ; 7D             ; RESERVED_INPUT_WITH_WEAK_PULLUP ;        ;              ;                     ; Column I/O   ;                 ; no       ; On           ;
; D6       ;            ; 7D             ; VCCIO7D_HPS                     ; power  ;              ; 2.5V                ; --           ;                 ; --       ; --           ;
; D7       ;            ; --             ; VCCBAT                          ; power  ;              ; 1.2V                ; --           ;                 ; --       ; --           ;
; D8       ; 465        ; 8A             ; RESERVED_INPUT_WITH_WEAK_PULLUP ;        ;              ;                     ; Column I/O   ;                 ; no       ; On           ;
; D9       ;            ; 8A             ; VREFB8AN0                       ; power  ;              ;                     ; --           ;                 ; --       ; --           ;
; D10      ;            ;                ; GND                             ; gnd    ;              ;                     ; --           ;                 ; --       ; --           ;
; D11      ; 476        ; 8A             ; RESERVED_INPUT_WITH_WEAK_PULLUP ;        ;              ;                     ; Column I/O   ;                 ; no       ; On           ;
; D12      ; 458        ; 8A             ; RESERVED_INPUT_WITH_WEAK_PULLUP ;        ;              ;                     ; Column I/O   ;                 ; no       ; On           ;
; D13      ;            ;                ; GND                             ; gnd    ;              ;                     ; --           ;                 ; --       ; --           ;
; D14      ; 430        ; 7C             ; RESERVED_INPUT_WITH_WEAK_PULLUP ;        ;              ;                     ; Column I/O   ;                 ; no       ; On           ;
; D15      ; 420        ; 7B             ; RESERVED_INPUT_WITH_WEAK_PULLUP ;        ;              ;                     ; Column I/O   ;                 ; no       ; On           ;
; D16      ;            ;                ; GND                             ; gnd    ;              ;                     ; --           ;                 ; --       ; --           ;
; D17      ; 410        ; 7B             ; RESERVED_INPUT_WITH_WEAK_PULLUP ;        ;              ;                     ; Column I/O   ;                 ; no       ; On           ;
; D18      ;            ; 7A             ; VCCIO7A_HPS                     ; power  ;              ; 2.5V                ; --           ;                 ; --       ; --           ;
; D19      ;            ; 7A, 7B, 7C, 7D ; VREFB7A7B7C7DN0_HPS             ; power  ;              ;                     ; --           ;                 ; --       ; --           ;
; D20      ; 385        ; 7A             ; ^HPS_CLK2                       ;        ;              ;                     ; --           ;                 ; --       ; --           ;
; D21      ; 382        ; 7A             ; ^GND                            ;        ;              ;                     ; --           ;                 ; --       ; --           ;
; D22      ; 381        ; 7A             ; ^HPS_TDI                        ;        ;              ;                     ; --           ;                 ; --       ; --           ;
; D23      ;            ;                ; DNU                             ;        ;              ;                     ; --           ;                 ; --       ; --           ;
; D24      ; 365        ; 6A             ; RESERVED_INPUT_WITH_WEAK_PULLUP ;        ;              ;                     ; Row I/O      ;                 ; no       ; On           ;
; D25      ; 371        ; 6A             ; HPS_RZQ_0                       ;        ;              ;                     ; --           ;                 ; no       ; On           ;
; D26      ; 347        ; 6A             ; RESERVED_INPUT_WITH_WEAK_PULLUP ;        ;              ;                     ; Row I/O      ;                 ; no       ; On           ;
; D27      ; 335        ; 6A             ; RESERVED_INPUT_WITH_WEAK_PULLUP ;        ;              ;                     ; Row I/O      ;                 ; no       ; On           ;
; D28      ; 333        ; 6A             ; RESERVED_INPUT_WITH_WEAK_PULLUP ;        ;              ;                     ; Row I/O      ;                 ; no       ; On           ;
; E1       ;            ;                ; GND                             ; gnd    ;              ;                     ; --           ;                 ; --       ; --           ;
; E2       ;            ;                ; GND                             ; gnd    ;              ;                     ; --           ;                 ; --       ; --           ;
; E3       ;            ;                ; GND                             ; gnd    ;              ;                     ; --           ;                 ; --       ; --           ;
; E4       ; 442        ; 7D             ; RESERVED_INPUT_WITH_WEAK_PULLUP ;        ;              ;                     ; Column I/O   ;                 ; no       ; On           ;
; E5       ; 454        ; 7D             ; RESERVED_INPUT_WITH_WEAK_PULLUP ;        ;              ;                     ; Column I/O   ;                 ; no       ; On           ;
; E6       ; 542        ; 9A             ; ^nCE                            ;        ;              ;                     ; --           ;                 ; --       ; --           ;
; E7       ;            ; 8A             ; VCCIO8A                         ; power  ;              ; 2.5V                ; --           ;                 ; --       ; --           ;
; E8       ; 463        ; 8A             ; RESERVED_INPUT_WITH_WEAK_PULLUP ;        ;              ;                     ; Column I/O   ;                 ; no       ; On           ;
; E9       ;            ;                ; GND                             ; gnd    ;              ;                     ; --           ;                 ; --       ; --           ;
; E10      ;            ; 8A             ; VCCPD8A                         ; power  ;              ; 2.5V                ; --           ;                 ; --       ; --           ;
; E11      ; 474        ; 8A             ; RESERVED_INPUT_WITH_WEAK_PULLUP ;        ;              ;                     ; Column I/O   ;                 ; no       ; On           ;
; E12      ;            ;                ; DNU                             ;        ;              ;                     ; --           ;                 ; --       ; --           ;
; E13      ;            ; 7D             ; VCCPD7D_HPS                     ; power  ;              ; 2.5V                ; --           ;                 ; --       ; --           ;
; E14      ;            ; 7C             ; VCCPD7C_HPS                     ; power  ;              ; 2.5V                ; --           ;                 ; --       ; --           ;
; E15      ;            ; --             ; VCC_AUX                         ; power  ;              ; 2.5V                ; --           ;                 ; --       ; --           ;
; E16      ; 412        ; 7B             ; RESERVED_INPUT_WITH_WEAK_PULLUP ;        ;              ;                     ; Column I/O   ;                 ; no       ; On           ;
; E17      ;            ; 7B             ; VCCPD7B_HPS                     ; power  ;              ; 2.5V                ; --           ;                 ; --       ; --           ;
; E18      ; 383        ; 7A             ; ^HPS_PORSEL                     ;        ;              ;                     ; --           ;                 ; --       ; --           ;
; E19      ;            ;                ; GND                             ; gnd    ;              ;                     ; --           ;                 ; --       ; --           ;
; E20      ; 384        ; 7A             ; ^HPS_CLK1                       ;        ;              ;                     ; --           ;                 ; --       ; --           ;
; E21      ;            ; 7A             ; VCCPD7A_HPS                     ; power  ;              ; 2.5V                ; --           ;                 ; --       ; --           ;
; E22      ;            ;                ; GND                             ; gnd    ;              ;                     ; --           ;                 ; --       ; --           ;
; E23      ; 373        ; 7A             ; ^GND                            ;        ;              ;                     ; --           ;                 ; --       ; --           ;
; E24      ;            ;                ; GND                             ; gnd    ;              ;                     ; --           ;                 ; --       ; --           ;
; E25      ; 369        ; 6A             ; RESERVED_INPUT_WITH_WEAK_PULLUP ;        ;              ;                     ; Row I/O      ;                 ; no       ; On           ;
; E26      ; 345        ; 6A             ; RESERVED_INPUT_WITH_WEAK_PULLUP ;        ;              ;                     ; Row I/O      ;                 ; no       ; On           ;
; E27      ;            ;                ; GND                             ; gnd    ;              ;                     ; --           ;                 ; --       ; --           ;
; E28      ; 337        ; 6A             ; RESERVED_INPUT_WITH_WEAK_PULLUP ;        ;              ;                     ; Row I/O      ;                 ; no       ; On           ;
; F1       ;            ;                ; GND                             ; gnd    ;              ;                     ; --           ;                 ; --       ; --           ;
; F2       ;            ;                ; GND                             ; gnd    ;              ;                     ; --           ;                 ; --       ; --           ;
; F3       ;            ;                ; GND                             ; gnd    ;              ;                     ; --           ;                 ; --       ; --           ;
; F4       ; 450        ; 7D             ; RESERVED_INPUT_WITH_WEAK_PULLUP ;        ;              ;                     ; Column I/O   ;                 ; no       ; On           ;
; F5       ; 444        ; 7D             ; RESERVED_INPUT_WITH_WEAK_PULLUP ;        ;              ;                     ; Column I/O   ;                 ; no       ; On           ;
; F6       ; 547        ; 9A             ; ^GND                            ;        ;              ;                     ; --           ;                 ; --       ; --           ;
; F7       ; 545        ; 9A             ; ^nCONFIG                        ;        ;              ;                     ; --           ;                 ; --       ; --           ;
; F8       ;            ; --             ; VCC_AUX                         ; power  ;              ; 2.5V                ; --           ;                 ; --       ; --           ;
; F21      ;            ; --             ; VCC_AUX_SHARED                  ; power  ;              ; 2.5V                ; --           ;                 ; --       ; --           ;
; F22      ;            ; --             ; VCCRSTCLK_HPS                   ; power  ;              ; 1.8V/2.5V/3.0V/3.3V ; --           ;                 ; --       ; --           ;
; F23      ; 372        ; 7A             ; ^GND                            ;        ;              ;                     ; --           ;                 ; --       ; --           ;
; F24      ; 370        ; 6A             ; RESERVED_INPUT_WITH_WEAK_PULLUP ;        ;              ;                     ; Row I/O      ;                 ; no       ; On           ;
; F25      ; 362        ; 6A             ; RESERVED_INPUT_WITH_WEAK_PULLUP ;        ;              ;                     ; Row I/O      ;                 ; no       ; On           ;
; F26      ; 360        ; 6A             ; RESERVED_INPUT_WITH_WEAK_PULLUP ;        ;              ;                     ; Row I/O      ;                 ; no       ; On           ;
; F27      ;            ; 6A             ; VCCIO6A_HPS                     ; power  ;              ; 2.5V                ; --           ;                 ; --       ; --           ;
; F28      ; 327        ; 6A             ; RESERVED_INPUT_WITH_WEAK_PULLUP ;        ;              ;                     ; Row I/O      ;                 ; no       ; On           ;
; G1       ;            ;                ; GND                             ; gnd    ;              ;                     ; --           ;                 ; --       ; --           ;
; G2       ;            ;                ; GND                             ; gnd    ;              ;                     ; --           ;                 ; --       ; --           ;
; G3       ;            ;                ; GND                             ; gnd    ;              ;                     ; --           ;                 ; --       ; --           ;
; G4       ; 452        ; 7D             ; RESERVED_INPUT_WITH_WEAK_PULLUP ;        ;              ;                     ; Column I/O   ;                 ; no       ; On           ;
; G5       ;            ; 7D             ; VCCIO7D_HPS                     ; power  ;              ; 2.5V                ; --           ;                 ; --       ; --           ;
; G6       ; 543        ; 9A             ; ^MSEL2                          ;        ;              ;                     ; --           ;                 ; --       ; --           ;
; G23      ; 368        ; 6A             ; RESERVED_INPUT_WITH_WEAK_PULLUP ;        ;              ;                     ; Row I/O      ;                 ; no       ; On           ;
; G24      ;            ; 6A             ; VCCIO6A_HPS                     ; power  ;              ; 2.5V                ; --           ;                 ; --       ; --           ;
; G25      ; 354        ; 6A             ; RESERVED_INPUT_WITH_WEAK_PULLUP ;        ;              ;                     ; Row I/O      ;                 ; no       ; On           ;
; G26      ; 331        ; 6A             ; RESERVED_INPUT_WITH_WEAK_PULLUP ;        ;              ;                     ; Row I/O      ;                 ; no       ; On           ;
; G27      ; 329        ; 6A             ; RESERVED_INPUT_WITH_WEAK_PULLUP ;        ;              ;                     ; Row I/O      ;                 ; no       ; On           ;
; G28      ; 325        ; 6A             ; RESERVED_INPUT_WITH_WEAK_PULLUP ;        ;              ;                     ; Row I/O      ;                 ; no       ; On           ;
; H1       ;            ;                ; DNU                             ;        ;              ;                     ; --           ;                 ; --       ; --           ;
; H2       ;            ;                ; DNU                             ;        ;              ;                     ; --           ;                 ; --       ; --           ;
; H3       ;            ;                ; GND                             ; gnd    ;              ;                     ; --           ;                 ; --       ; --           ;
; H4       ;            ;                ; GND                             ; gnd    ;              ;                     ; --           ;                 ; --       ; --           ;
; H5       ;            ;                ; GND                             ; gnd    ;              ;                     ; --           ;                 ; --       ; --           ;
; H6       ;            ;                ; GND                             ; gnd    ;              ;                     ; --           ;                 ; --       ; --           ;
; H8       ; 541        ; 9A             ; ^nSTATUS                        ;        ;              ;                     ; --           ;                 ; --       ; --           ;
; H9       ; 540        ; 9A             ; ^MSEL1                          ;        ;              ;                     ; --           ;                 ; --       ; --           ;
; H10      ;            ; --             ; VCCPGM                          ; power  ;              ; 1.8V/2.5V/3.0V/3.3V ; --           ;                 ; --       ; --           ;
; H11      ;            ;                ; GND                             ; gnd    ;              ;                     ; --           ;                 ; --       ; --           ;
; H12      ; 436        ; 7C             ; RESERVED_INPUT_WITH_WEAK_PULLUP ;        ;              ;                     ; Column I/O   ;                 ; no       ; On           ;
; H13      ; 434        ; 7C             ; RESERVED_INPUT_WITH_WEAK_PULLUP ;        ;              ;                     ; Column I/O   ;                 ; no       ; On           ;
; H14      ;            ; 7B             ; VCCIO7B_HPS                     ; power  ;              ; 2.5V                ; --           ;                 ; --       ; --           ;
; H15      ;            ;                ; GND                             ; gnd    ;              ;                     ; --           ;                 ; --       ; --           ;
; H16      ; 422        ; 7B             ; RESERVED_INPUT_WITH_WEAK_PULLUP ;        ;              ;                     ; Column I/O   ;                 ; no       ; On           ;
; H17      ; 400        ; 7A             ; RESERVED_INPUT_WITH_WEAK_PULLUP ;        ;              ;                     ; Column I/O   ;                 ; no       ; On           ;
; H18      ;            ;                ; GND                             ; gnd    ;              ;                     ; --           ;                 ; --       ; --           ;
; H19      ; 375        ; 7A             ; ^HPS_nPOR                       ;        ;              ;                     ; --           ;                 ; --       ; --           ;
; H20      ;            ;                ; GND                             ; gnd    ;              ;                     ; --           ;                 ; --       ; --           ;
; H21      ;            ; 6A             ; VCCIO6A_HPS                     ; power  ;              ; 2.5V                ; --           ;                 ; --       ; --           ;
; H23      ;            ; --             ; VCCPLL_HPS                      ; power  ;              ; 2.5V                ; --           ;                 ; --       ; --           ;
; H24      ;            ;                ; GND                             ; gnd    ;              ;                     ; --           ;                 ; --       ; --           ;
; H25      ; 352        ; 6A             ; RESERVED_INPUT_WITH_WEAK_PULLUP ;        ;              ;                     ; Row I/O      ;                 ; no       ; On           ;
; H26      ;            ; 6A             ; VCCIO6A_HPS                     ; power  ;              ; 2.5V                ; --           ;                 ; --       ; --           ;
; H27      ;            ;                ; GND                             ; gnd    ;              ;                     ; --           ;                 ; --       ; --           ;
; H28      ; 339        ; 6A             ; RESERVED_INPUT_WITH_WEAK_PULLUP ;        ;              ;                     ; Row I/O      ;                 ; --       ; --           ;
; J1       ;            ;                ; GND                             ; gnd    ;              ;                     ; --           ;                 ; --       ; --           ;
; J2       ;            ;                ; GND                             ; gnd    ;              ;                     ; --           ;                 ; --       ; --           ;
; J3       ;            ;                ; GND                             ; gnd    ;              ;                     ; --           ;                 ; --       ; --           ;
; J4       ;            ; --             ; VCCA_FPLL                       ; power  ;              ; 2.5V                ; --           ;                 ; --       ; --           ;
; J5       ;            ;                ; GND                             ; gnd    ;              ;                     ; --           ;                 ; --       ; --           ;
; J8       ; 539        ; 9A             ; ^CONF_DONE                      ;        ;              ;                     ; --           ;                 ; --       ; --           ;
; J9       ;            ;                ; GND                             ; gnd    ;              ;                     ; --           ;                 ; --       ; --           ;
; J10      ; 538        ; 9A             ; ^MSEL0                          ;        ;              ;                     ; --           ;                 ; --       ; --           ;
; J11      ;            ; --             ; VCC                             ; power  ;              ; 1.1V                ; --           ;                 ; --       ; --           ;
; J12      ; 416        ; 7B             ; RESERVED_INPUT_WITH_WEAK_PULLUP ;        ;              ;                     ; Column I/O   ;                 ; no       ; On           ;
; J13      ; 414        ; 7B             ; RESERVED_INPUT_WITH_WEAK_PULLUP ;        ;              ;                     ; Column I/O   ;                 ; no       ; On           ;
; J14      ; 408        ; 7B             ; RESERVED_INPUT_WITH_WEAK_PULLUP ;        ;              ;                     ; Column I/O   ;                 ; no       ; On           ;
; J15      ; 406        ; 7B             ; RESERVED_INPUT_WITH_WEAK_PULLUP ;        ;              ;                     ; Column I/O   ;                 ; no       ; On           ;
; J16      ; 424        ; 7B             ; RESERVED_INPUT_WITH_WEAK_PULLUP ;        ;              ;                     ; Column I/O   ;                 ; no       ; On           ;
; J17      ; 398        ; 7A             ; RESERVED_INPUT_WITH_WEAK_PULLUP ;        ;              ;                     ; Column I/O   ;                 ; no       ; On           ;
; J18      ; 392        ; 7A             ; RESERVED_INPUT_WITH_WEAK_PULLUP ;        ;              ;                     ; Column I/O   ;                 ; no       ; On           ;
; J19      ; 377        ; 7A             ; ^VCCRSTCLK_HPS                  ;        ;              ;                     ; --           ;                 ; --       ; --           ;
; J20      ; 346        ; 6A             ; RESERVED_INPUT_WITH_WEAK_PULLUP ;        ;              ;                     ; Row I/O      ;                 ; no       ; On           ;
; J21      ; 344        ; 6A             ; RESERVED_INPUT_WITH_WEAK_PULLUP ;        ;              ;                     ; Row I/O      ;                 ; no       ; On           ;
; J24      ; 336        ; 6A             ; RESERVED_INPUT_WITH_WEAK_PULLUP ;        ;              ;                     ; Row I/O      ;                 ; no       ; On           ;
; J25      ; 338        ; 6A             ; RESERVED_INPUT_WITH_WEAK_PULLUP ;        ;              ;                     ; Row I/O      ;                 ; no       ; On           ;
; J26      ; 330        ; 6A             ; RESERVED_INPUT_WITH_WEAK_PULLUP ;        ;              ;                     ; Row I/O      ;                 ; no       ; On           ;
; J27      ; 321        ; 6A             ; RESERVED_INPUT_WITH_WEAK_PULLUP ;        ;              ;                     ; Row I/O      ;                 ; no       ; On           ;
; J28      ; 319        ; 6A             ; RESERVED_INPUT_WITH_WEAK_PULLUP ;        ;              ;                     ; Row I/O      ;                 ; no       ; On           ;
; K1       ;            ;                ; GND                             ; gnd    ;              ;                     ; --           ;                 ; --       ; --           ;
; K2       ;            ;                ; GND                             ; gnd    ;              ;                     ; --           ;                 ; --       ; --           ;
; K3       ;            ;                ; GND                             ; gnd    ;              ;                     ; --           ;                 ; --       ; --           ;
; K4       ;            ;                ; GND                             ; gnd    ;              ;                     ; --           ;                 ; --       ; --           ;
; K5       ;            ; --             ; VCCA_FPLL                       ; power  ;              ; 2.5V                ; --           ;                 ; --       ; --           ;
; K8       ;            ;                ; GND                             ; gnd    ;              ;                     ; --           ;                 ; --       ; --           ;
; K9       ; 546        ; 9A             ; ^MSEL4                          ;        ;              ;                     ; --           ;                 ; --       ; --           ;
; K10      ; 544        ; 9A             ; ^MSEL3                          ;        ;              ;                     ; --           ;                 ; --       ; --           ;
; K11      ;            ;                ; GND                             ; gnd    ;              ;                     ; --           ;                 ; --       ; --           ;
; K12      ;            ;                ; GND                             ; gnd    ;              ;                     ; --           ;                 ; --       ; --           ;
; K13      ;            ; --             ; VCC                             ; power  ;              ; 1.1V                ; --           ;                 ; --       ; --           ;
; K14      ;            ;                ; GND                             ; gnd    ;              ;                     ; --           ;                 ; --       ; --           ;
; K15      ;            ; --             ; VCC                             ; power  ;              ; 1.1V                ; --           ;                 ; --       ; --           ;
; K16      ;            ;                ; GND                             ; gnd    ;              ;                     ; --           ;                 ; --       ; --           ;
; K17      ;            ; --             ; VCC_HPS                         ; power  ;              ; 1.1V                ; --           ;                 ; --       ; --           ;
; K18      ; 390        ; 7A             ; RESERVED_INPUT_WITH_WEAK_PULLUP ;        ;              ;                     ; Column I/O   ;                 ; no       ; On           ;
; K19      ; 379        ; 7A             ; ^HPS_TCK                        ;        ;              ;                     ; --           ;                 ; --       ; --           ;
; K20      ;            ;                ; GND                             ; gnd    ;              ;                     ; --           ;                 ; --       ; --           ;
; K21      ;            ; 6A, 6B         ; VCCPD6A6B_HPS                   ; power  ;              ; 2.5V                ; --           ;                 ; --       ; --           ;
; K24      ;            ; 6A, 6B         ; VCCPD6A6B_HPS                   ; power  ;              ; 2.5V                ; --           ;                 ; --       ; --           ;
; K25      ; 322        ; 6A             ; RESERVED_INPUT_WITH_WEAK_PULLUP ;        ;              ;                     ; Row I/O      ;                 ; no       ; On           ;
; K26      ; 328        ; 6A             ; RESERVED_INPUT_WITH_WEAK_PULLUP ;        ;              ;                     ; Row I/O      ;                 ; no       ; On           ;
; K27      ; 323        ; 6A             ; RESERVED_INPUT_WITH_WEAK_PULLUP ;        ;              ;                     ; Row I/O      ;                 ; no       ; On           ;
; K28      ; 317        ; 6A             ; RESERVED_INPUT_WITH_WEAK_PULLUP ;        ;              ;                     ; Row I/O      ;                 ; no       ; On           ;
; L1       ;            ;                ; GND                             ; gnd    ;              ;                     ; --           ;                 ; --       ; --           ;
; L2       ;            ;                ; GND                             ; gnd    ;              ;                     ; --           ;                 ; --       ; --           ;
; L3       ;            ;                ; GND                             ; gnd    ;              ;                     ; --           ;                 ; --       ; --           ;
; L4       ;            ; --             ; VCC                             ; power  ;              ; 1.1V                ; --           ;                 ; --       ; --           ;
; L5       ;            ;                ; GND                             ; gnd    ;              ;                     ; --           ;                 ; --       ; --           ;
; L8       ;            ;                ; GND                             ; gnd    ;              ;                     ; --           ;                 ; --       ; --           ;
; L9       ;            ;                ; GND                             ; gnd    ;              ;                     ; --           ;                 ; --       ; --           ;
; L10      ;            ;                ; GND                             ; gnd    ;              ;                     ; --           ;                 ; --       ; --           ;
; L11      ;            ; --             ; VCC                             ; power  ;              ; 1.1V                ; --           ;                 ; --       ; --           ;
; L12      ;            ; --             ; VCC                             ; power  ;              ; 1.1V                ; --           ;                 ; --       ; --           ;
; L13      ;            ;                ; GND                             ; gnd    ;              ;                     ; --           ;                 ; --       ; --           ;
; L14      ;            ; --             ; VCC                             ; power  ;              ; 1.1V                ; --           ;                 ; --       ; --           ;
; L15      ;            ;                ; GND                             ; gnd    ;              ;                     ; --           ;                 ; --       ; --           ;
; L16      ;            ; --             ; VCC_HPS                         ; power  ;              ; 1.1V                ; --           ;                 ; --       ; --           ;
; L17      ;            ;                ; GND                             ; gnd    ;              ;                     ; --           ;                 ; --       ; --           ;
; L18      ;            ; --             ; VCC_HPS                         ; power  ;              ; 1.1V                ; --           ;                 ; --       ; --           ;
; L19      ;            ;                ; GND                             ; gnd    ;              ;                     ; --           ;                 ; --       ; --           ;
; L20      ; 366        ; 6A             ; RESERVED_INPUT_WITH_WEAK_PULLUP ;        ;              ;                     ; Row I/O      ;                 ; no       ; On           ;
; L21      ; 364        ; 6A             ; RESERVED_INPUT_WITH_WEAK_PULLUP ;        ;              ;                     ; Row I/O      ;                 ; no       ; On           ;
; L24      ;            ;                ; GND                             ; gnd    ;              ;                     ; --           ;                 ; --       ; --           ;
; L25      ; 320        ; 6A             ; RESERVED_INPUT_WITH_WEAK_PULLUP ;        ;              ;                     ; Row I/O      ;                 ; no       ; On           ;
; L26      ;            ; 6A             ; VCCIO6A_HPS                     ; power  ;              ; 2.5V                ; --           ;                 ; --       ; --           ;
; L27      ;            ;                ; GND                             ; gnd    ;              ;                     ; --           ;                 ; --       ; --           ;
; L28      ; 315        ; 6A             ; RESERVED_INPUT_WITH_WEAK_PULLUP ;        ;              ;                     ; Row I/O      ;                 ; no       ; On           ;
; M1       ;            ;                ; DNU                             ;        ;              ;                     ; --           ;                 ; --       ; --           ;
; M2       ;            ;                ; DNU                             ;        ;              ;                     ; --           ;                 ; --       ; --           ;
; M3       ;            ;                ; GND                             ; gnd    ;              ;                     ; --           ;                 ; --       ; --           ;
; M4       ;            ; --             ; VCCA_FPLL                       ; power  ;              ; 2.5V                ; --           ;                 ; --       ; --           ;
; M5       ;            ; --             ; VCC                             ; power  ;              ; 1.1V                ; --           ;                 ; --       ; --           ;
; M8       ;            ;                ; GND                             ; gnd    ;              ;                     ; --           ;                 ; --       ; --           ;
; M9       ;            ; --             ; VCC                             ; power  ;              ; 1.1V                ; --           ;                 ; --       ; --           ;
; M10      ;            ;                ; GND                             ; gnd    ;              ;                     ; --           ;                 ; --       ; --           ;
; M11      ;            ;                ; GND                             ; gnd    ;              ;                     ; --           ;                 ; --       ; --           ;
; M12      ;            ; --             ; VCC                             ; power  ;              ; 1.1V                ; --           ;                 ; --       ; --           ;
; M13      ;            ; --             ; VCC                             ; power  ;              ; 1.1V                ; --           ;                 ; --       ; --           ;
; M14      ;            ;                ; GND                             ; gnd    ;              ;                     ; --           ;                 ; --       ; --           ;
; M15      ;            ; --             ; VCC                             ; power  ;              ; 1.1V                ; --           ;                 ; --       ; --           ;
; M16      ;            ;                ; GND                             ; gnd    ;              ;                     ; --           ;                 ; --       ; --           ;
; M17      ;            ; --             ; VCC_HPS                         ; power  ;              ; 1.1V                ; --           ;                 ; --       ; --           ;
; M18      ;            ; --             ; VCC_HPS                         ; power  ;              ; 1.1V                ; --           ;                 ; --       ; --           ;
; M19      ;            ; --             ; VCC_HPS                         ; power  ;              ; 1.1V                ; --           ;                 ; --       ; --           ;
; M20      ;            ;                ; GND                             ; gnd    ;              ;                     ; --           ;                 ; --       ; --           ;
; M21      ;            ; 6A             ; VCCIO6A_HPS                     ; power  ;              ; 2.5V                ; --           ;                 ; --       ; --           ;
; M24      ;            ; 6A, 6B         ; VCCPD6A6B_HPS                   ; power  ;              ; 2.5V                ; --           ;                 ; --       ; --           ;
; M25      ; 324        ; 6A             ; RESERVED_INPUT_WITH_WEAK_PULLUP ;        ;              ;                     ; Row I/O      ;                 ; no       ; On           ;
; M26      ; 312        ; 6A             ; RESERVED_INPUT_WITH_WEAK_PULLUP ;        ;              ;                     ; Row I/O      ;                 ; no       ; On           ;
; M27      ; 314        ; 6A             ; RESERVED_INPUT_WITH_WEAK_PULLUP ;        ;              ;                     ; Row I/O      ;                 ; no       ; On           ;
; M28      ; 313        ; 6A             ; RESERVED_INPUT_WITH_WEAK_PULLUP ;        ;              ;                     ; Row I/O      ;                 ; no       ; On           ;
; N1       ;            ;                ; GND                             ; gnd    ;              ;                     ; --           ;                 ; --       ; --           ;
; N2       ;            ;                ; GND                             ; gnd    ;              ;                     ; --           ;                 ; --       ; --           ;
; N3       ;            ;                ; GND                             ; gnd    ;              ;                     ; --           ;                 ; --       ; --           ;
; N4       ;            ;                ; GND                             ; gnd    ;              ;                     ; --           ;                 ; --       ; --           ;
; N5       ;            ; --             ; VCC                             ; power  ;              ; 1.1V                ; --           ;                 ; --       ; --           ;
; N8       ;            ;                ; GND                             ; gnd    ;              ;                     ; --           ;                 ; --       ; --           ;
; N9       ;            ; --             ; VCC                             ; power  ;              ; 1.1V                ; --           ;                 ; --       ; --           ;
; N10      ;            ; --             ; VCC                             ; power  ;              ; 1.1V                ; --           ;                 ; --       ; --           ;
; N11      ;            ; --             ; VCC                             ; power  ;              ; 1.1V                ; --           ;                 ; --       ; --           ;
; N12      ;            ; --             ; VCC                             ; power  ;              ; 1.1V                ; --           ;                 ; --       ; --           ;
; N13      ;            ;                ; GND                             ; gnd    ;              ;                     ; --           ;                 ; --       ; --           ;
; N14      ;            ; --             ; VCC                             ; power  ;              ; 1.1V                ; --           ;                 ; --       ; --           ;
; N15      ;            ;                ; GND                             ; gnd    ;              ;                     ; --           ;                 ; --       ; --           ;
; N16      ;            ; --             ; VCC_HPS                         ; power  ;              ; 1.1V                ; --           ;                 ; --       ; --           ;
; N17      ;            ;                ; GND                             ; gnd    ;              ;                     ; --           ;                 ; --       ; --           ;
; N18      ;            ; --             ; VCC_HPS                         ; power  ;              ; 1.1V                ; --           ;                 ; --       ; --           ;
; N19      ;            ;                ; GND                             ; gnd    ;              ;                     ; --           ;                 ; --       ; --           ;
; N20      ; 350        ; 6A             ; RESERVED_INPUT_WITH_WEAK_PULLUP ;        ;              ;                     ; Row I/O      ;                 ; no       ; On           ;
; N21      ; 348        ; 6A             ; RESERVED_INPUT_WITH_WEAK_PULLUP ;        ;              ;                     ; Row I/O      ;                 ; no       ; On           ;
; N24      ; 306        ; 6B             ; RESERVED_INPUT_WITH_WEAK_PULLUP ;        ;              ;                     ; Row I/O      ;                 ; no       ; On           ;
; N25      ; 304        ; 6B             ; RESERVED_INPUT_WITH_WEAK_PULLUP ;        ;              ;                     ; Row I/O      ;                 ; no       ; On           ;
; N26      ; 298        ; 6B             ; RESERVED_INPUT_WITH_WEAK_PULLUP ;        ;              ;                     ; Row I/O      ;                 ; no       ; On           ;
; N27      ; 296        ; 6B             ; RESERVED_INPUT_WITH_WEAK_PULLUP ;        ;              ;                     ; Row I/O      ;                 ; no       ; On           ;
; N28      ; 311        ; 6A             ; RESERVED_INPUT_WITH_WEAK_PULLUP ;        ;              ;                     ; Row I/O      ;                 ; no       ; On           ;
; P1       ;            ;                ; GND                             ; gnd    ;              ;                     ; --           ;                 ; --       ; --           ;
; P2       ;            ;                ; GND                             ; gnd    ;              ;                     ; --           ;                 ; --       ; --           ;
; P3       ;            ;                ; GND                             ; gnd    ;              ;                     ; --           ;                 ; --       ; --           ;
; P4       ;            ; --             ; VCCA_FPLL                       ; power  ;              ; 2.5V                ; --           ;                 ; --       ; --           ;
; P5       ;            ;                ; GND                             ; gnd    ;              ;                     ; --           ;                 ; --       ; --           ;
; P8       ;            ;                ; GND                             ; gnd    ;              ;                     ; --           ;                 ; --       ; --           ;
; P9       ;            ;                ; GND                             ; gnd    ;              ;                     ; --           ;                 ; --       ; --           ;
; P10      ;            ;                ; GND                             ; gnd    ;              ;                     ; --           ;                 ; --       ; --           ;
; P11      ;            ; --             ; VCC                             ; power  ;              ; 1.1V                ; --           ;                 ; --       ; --           ;
; P12      ;            ;                ; GND                             ; gnd    ;              ;                     ; --           ;                 ; --       ; --           ;
; P13      ;            ; --             ; VCC                             ; power  ;              ; 1.1V                ; --           ;                 ; --       ; --           ;
; P14      ;            ; --             ; VCC                             ; power  ;              ; 1.1V                ; --           ;                 ; --       ; --           ;
; P15      ;            ; --             ; VCC                             ; power  ;              ; 1.1V                ; --           ;                 ; --       ; --           ;
; P16      ;            ;                ; GND                             ; gnd    ;              ;                     ; --           ;                 ; --       ; --           ;
; P17      ;            ; --             ; VCC_HPS                         ; power  ;              ; 1.1V                ; --           ;                 ; --       ; --           ;
; P18      ;            ;                ; GND                             ; gnd    ;              ;                     ; --           ;                 ; --       ; --           ;
; P19      ;            ; --             ; VCC_HPS                         ; power  ;              ; 1.1V                ; --           ;                 ; --       ; --           ;
; P20      ;            ;                ; GND                             ; gnd    ;              ;                     ; --           ;                 ; --       ; --           ;
; P21      ;            ; 6A, 6B         ; VCCPD6A6B_HPS                   ; power  ;              ; 2.5V                ; --           ;                 ; --       ; --           ;
; P24      ;            ; 6A, 6B         ; VCCPD6A6B_HPS                   ; power  ;              ; 2.5V                ; --           ;                 ; --       ; --           ;
; P25      ;            ;                ; GND                             ; gnd    ;              ;                     ; --           ;                 ; --       ; --           ;
; P26      ; 299        ; 6B             ; RESERVED_INPUT_WITH_WEAK_PULLUP ;        ;              ;                     ; Row I/O      ;                 ; no       ; On           ;
; P27      ;            ; 6B             ; VCCIO6B_HPS                     ; power  ;              ; 2.5V                ; --           ;                 ; --       ; --           ;
; P28      ; 309        ; 6A             ; RESERVED_INPUT_WITH_WEAK_PULLUP ;        ;              ;                     ; Row I/O      ;                 ; no       ; On           ;
; R1       ;            ;                ; GND                             ; gnd    ;              ;                     ; --           ;                 ; --       ; --           ;
; R2       ;            ;                ; GND                             ; gnd    ;              ;                     ; --           ;                 ; --       ; --           ;
; R3       ;            ;                ; GND                             ; gnd    ;              ;                     ; --           ;                 ; --       ; --           ;
; R4       ;            ; --             ; VCCA_FPLL                       ; power  ;              ; 2.5V                ; --           ;                 ; --       ; --           ;
; R5       ;            ; --             ; VCC                             ; power  ;              ; 1.1V                ; --           ;                 ; --       ; --           ;
; R8       ;            ;                ; GND                             ; gnd    ;              ;                     ; --           ;                 ; --       ; --           ;
; R9       ;            ; --             ; VCC                             ; power  ;              ; 1.1V                ; --           ;                 ; --       ; --           ;
; R10      ;            ; --             ; VCC                             ; power  ;              ; 1.1V                ; --           ;                 ; --       ; --           ;
; R11      ;            ;                ; GND                             ; gnd    ;              ;                     ; --           ;                 ; --       ; --           ;
; R12      ;            ; --             ; VCC                             ; power  ;              ; 1.1V                ; --           ;                 ; --       ; --           ;
; R13      ;            ;                ; GND                             ; gnd    ;              ;                     ; --           ;                 ; --       ; --           ;
; R14      ;            ; --             ; VCC                             ; power  ;              ; 1.1V                ; --           ;                 ; --       ; --           ;
; R15      ;            ;                ; GND                             ; gnd    ;              ;                     ; --           ;                 ; --       ; --           ;
; R16      ; 334        ; 6A             ; RESERVED_INPUT_WITH_WEAK_PULLUP ;        ;              ;                     ; Row I/O      ;                 ; no       ; On           ;
; R17      ; 332        ; 6A             ; RESERVED_INPUT_WITH_WEAK_PULLUP ;        ;              ;                     ; Row I/O      ;                 ; no       ; On           ;
; R18      ; 318        ; 6A             ; RESERVED_INPUT_WITH_WEAK_PULLUP ;        ;              ;                     ; Row I/O      ;                 ; no       ; On           ;
; R19      ; 316        ; 6A             ; RESERVED_INPUT_WITH_WEAK_PULLUP ;        ;              ;                     ; Row I/O      ;                 ; no       ; On           ;
; R20      ; 310        ; 6A             ; RESERVED_INPUT_WITH_WEAK_PULLUP ;        ;              ;                     ; Row I/O      ;                 ; no       ; On           ;
; R21      ; 308        ; 6A             ; RESERVED_INPUT_WITH_WEAK_PULLUP ;        ;              ;                     ; Row I/O      ;                 ; no       ; On           ;
; R24      ; 282        ; 6B             ; RESERVED_INPUT_WITH_WEAK_PULLUP ;        ;              ;                     ; Row I/O      ;                 ; no       ; On           ;
; R25      ; 288        ; 6B             ; RESERVED_INPUT_WITH_WEAK_PULLUP ;        ;              ;                     ; Row I/O      ;                 ; no       ; On           ;
; R26      ; 290        ; 6B             ; RESERVED_INPUT_WITH_WEAK_PULLUP ;        ;              ;                     ; Row I/O      ;                 ; no       ; On           ;
; R27      ; 297        ; 6B             ; RESERVED_INPUT_WITH_WEAK_PULLUP ;        ;              ;                     ; Row I/O      ;                 ; no       ; On           ;
; R28      ; 307        ; 6B             ; RESERVED_INPUT_WITH_WEAK_PULLUP ;        ;              ;                     ; Row I/O      ;                 ; no       ; On           ;
; T1       ;            ;                ; DNU                             ;        ;              ;                     ; --           ;                 ; --       ; --           ;
; T2       ;            ;                ; DNU                             ;        ;              ;                     ; --           ;                 ; --       ; --           ;
; T3       ;            ;                ; GND                             ; gnd    ;              ;                     ; --           ;                 ; --       ; --           ;
; T4       ;            ; --             ; VCC                             ; power  ;              ; 1.1V                ; --           ;                 ; --       ; --           ;
; T5       ;            ; --             ; VCC                             ; power  ;              ; 1.1V                ; --           ;                 ; --       ; --           ;
; T8       ; 56         ; 3A             ; avs_writedata[2]                ; input  ; 2.5 V        ;                     ; Column I/O   ; N               ; no       ; Off          ;
; T9       ;            ; --             ; VCC                             ; power  ;              ; 1.1V                ; --           ;                 ; --       ; --           ;
; T10      ;            ;                ; GND                             ; gnd    ;              ;                     ; --           ;                 ; --       ; --           ;
; T11      ; 106        ; 3B             ; avs_readdata[24]                ; output ; 2.5 V        ;                     ; Column I/O   ; N               ; no       ; Off          ;
; T12      ; 120        ; 3B             ; avs_readdata[18]                ; output ; 2.5 V        ;                     ; Column I/O   ; N               ; no       ; Off          ;
; T13      ; 122        ; 3B             ; avs_readdata[25]                ; output ; 2.5 V        ;                     ; Column I/O   ; N               ; no       ; Off          ;
; T14      ;            ;                ; GND                             ; gnd    ;              ;                     ; --           ;                 ; --       ; --           ;
; T15      ;            ; --             ; VCC                             ; power  ;              ; 1.1V                ; --           ;                 ; --       ; --           ;
; T16      ; 292        ; 6B             ; RESERVED_INPUT_WITH_WEAK_PULLUP ;        ;              ;                     ; Row I/O      ;                 ; no       ; On           ;
; T17      ; 294        ; 6B             ; RESERVED_INPUT_WITH_WEAK_PULLUP ;        ;              ;                     ; Row I/O      ;                 ; no       ; On           ;
; T18      ; 302        ; 6B             ; RESERVED_INPUT_WITH_WEAK_PULLUP ;        ;              ;                     ; Row I/O      ;                 ; no       ; On           ;
; T19      ; 300        ; 6B             ; RESERVED_INPUT_WITH_WEAK_PULLUP ;        ;              ;                     ; Row I/O      ;                 ; no       ; On           ;
; T20      ; 286        ; 6B             ; RESERVED_INPUT_WITH_WEAK_PULLUP ;        ;              ;                     ; Row I/O      ;                 ; no       ; On           ;
; T21      ;            ; 6B             ; VCCIO6B_HPS                     ; power  ;              ; 2.5V                ; --           ;                 ; --       ; --           ;
; T24      ; 280        ; 6B             ; RESERVED_INPUT_WITH_WEAK_PULLUP ;        ;              ;                     ; Row I/O      ;                 ; no       ; On           ;
; T25      ;            ; 6B             ; VCCIO6B_HPS                     ; power  ;              ; 2.5V                ; --           ;                 ; --       ; --           ;
; T26      ; 274        ; 6B             ; RESERVED_INPUT_WITH_WEAK_PULLUP ;        ;              ;                     ; Row I/O      ;                 ; no       ; On           ;
; T27      ; 283        ; 6B             ; RESERVED_INPUT_WITH_WEAK_PULLUP ;        ;              ;                     ; Row I/O      ;                 ; --       ; --           ;
; T28      ; 305        ; 6B             ; RESERVED_INPUT_WITH_WEAK_PULLUP ;        ;              ;                     ; Row I/O      ;                 ; no       ; On           ;
; U1       ;            ;                ; GND                             ; gnd    ;              ;                     ; --           ;                 ; --       ; --           ;
; U2       ;            ;                ; GND                             ; gnd    ;              ;                     ; --           ;                 ; --       ; --           ;
; U3       ;            ;                ; GND                             ; gnd    ;              ;                     ; --           ;                 ; --       ; --           ;
; U4       ;            ; --             ; VCCA_FPLL                       ; power  ;              ; 2.5V                ; --           ;                 ; --       ; --           ;
; U5       ;            ;                ; GND                             ; gnd    ;              ;                     ; --           ;                 ; --       ; --           ;
; U8       ;            ;                ; DNU                             ;        ;              ;                     ; --           ;                 ; --       ; --           ;
; U9       ; 58         ; 3A             ; avs_writedata[1]                ; input  ; 2.5 V        ;                     ; Column I/O   ; N               ; no       ; Off          ;
; U10      ; 62         ; 3A             ; avs_writedata[26]               ; input  ; 2.5 V        ;                     ; Column I/O   ; N               ; no       ; Off          ;
; U11      ; 104        ; 3B             ; avs_readdata[21]                ; output ; 2.5 V        ;                     ; Column I/O   ; N               ; no       ; Off          ;
; U12      ;            ;                ; GND                             ; gnd    ;              ;                     ; --           ;                 ; --       ; --           ;
; U13      ; 136        ; 4A             ; RESERVED_INPUT_WITH_WEAK_PULLUP ;        ;              ;                     ; Column I/O   ;                 ; no       ; On           ;
; U14      ; 138        ; 4A             ; RESERVED_INPUT_WITH_WEAK_PULLUP ;        ;              ;                     ; Column I/O   ;                 ; no       ; On           ;
; U15      ; 278        ; 6B             ; RESERVED_INPUT_WITH_WEAK_PULLUP ;        ;              ;                     ; Row I/O      ;                 ; no       ; On           ;
; U16      ; 276        ; 6B             ; RESERVED_INPUT_WITH_WEAK_PULLUP ;        ;              ;                     ; Row I/O      ;                 ; no       ; On           ;
; U17      ;            ;                ; GND                             ; gnd    ;              ;                     ; --           ;                 ; --       ; --           ;
; U18      ;            ; 6B             ; VCCIO6B_HPS                     ; power  ;              ; 2.5V                ; --           ;                 ; --       ; --           ;
; U19      ; 284        ; 6B             ; RESERVED_INPUT_WITH_WEAK_PULLUP ;        ;              ;                     ; Row I/O      ;                 ; no       ; On           ;
; U20      ;            ;                ; GND                             ; gnd    ;              ;                     ; --           ;                 ; --       ; --           ;
; U21      ;            ; --             ; VCC_HPS                         ; power  ;              ; 1.1V                ; --           ;                 ; --       ; --           ;
; U24      ;            ;                ; GND                             ; gnd    ;              ;                     ; --           ;                 ; --       ; --           ;
; U25      ; 272        ; 6B             ; RESERVED_INPUT_WITH_WEAK_PULLUP ;        ;              ;                     ; Row I/O      ;                 ; no       ; On           ;
; U26      ;            ; --             ; VCC                             ; power  ;              ; 1.1V                ; --           ;                 ; --       ; --           ;
; U27      ;            ;                ; GND                             ; gnd    ;              ;                     ; --           ;                 ; --       ; --           ;
; U28      ; 303        ; 6B             ; RESERVED_INPUT_WITH_WEAK_PULLUP ;        ;              ;                     ; Row I/O      ;                 ; no       ; On           ;
; V1       ;            ;                ; GND                             ; gnd    ;              ;                     ; --           ;                 ; --       ; --           ;
; V2       ;            ;                ; GND                             ; gnd    ;              ;                     ; --           ;                 ; --       ; --           ;
; V3       ;            ;                ; GND                             ; gnd    ;              ;                     ; --           ;                 ; --       ; --           ;
; V4       ;            ;                ; GND                             ; gnd    ;              ;                     ; --           ;                 ; --       ; --           ;
; V5       ;            ;                ; GND                             ; gnd    ;              ;                     ; --           ;                 ; --       ; --           ;
; V8       ;            ;                ; GND                             ; gnd    ;              ;                     ; --           ;                 ; --       ; --           ;
; V9       ;            ;                ; GND                             ; gnd    ;              ;                     ; --           ;                 ; --       ; --           ;
; V10      ; 60         ; 3A             ; avs_write                       ; input  ; 2.5 V        ;                     ; Column I/O   ; N               ; no       ; Off          ;
; V11      ; 114        ; 3B             ; avs_readdata[13]                ; output ; 2.5 V        ;                     ; Column I/O   ; N               ; no       ; Off          ;
; V12      ; 130        ; 3B             ; avs_readdata[11]                ; output ; 2.5 V        ;                     ; Column I/O   ; N               ; no       ; Off          ;
; V13      ; 152        ; 4A             ; RESERVED_INPUT_WITH_WEAK_PULLUP ;        ;              ;                     ; Column I/O   ;                 ; no       ; On           ;
; V14      ;            ;                ; GND                             ; gnd    ;              ;                     ; --           ;                 ; --       ; --           ;
; V15      ; 227        ; 5A             ; avs_writedata[27]               ; input  ; 2.5 V        ;                     ; Row I/O      ; N               ; no       ; Off          ;
; V16      ; 225        ; 5A             ; avs_writedata[28]               ; input  ; 2.5 V        ;                     ; Row I/O      ; N               ; no       ; Off          ;
; V17      ; 270        ; 6B             ; RESERVED_INPUT_WITH_WEAK_PULLUP ;        ;              ;                     ; Row I/O      ;                 ; no       ; On           ;
; V18      ; 268        ; 6B             ; RESERVED_INPUT_WITH_WEAK_PULLUP ;        ;              ;                     ; Row I/O      ;                 ; no       ; On           ;
; V19      ; 266        ; 6B             ; RESERVED_INPUT_WITH_WEAK_PULLUP ;        ;              ;                     ; Row I/O      ;                 ; no       ; On           ;
; V20      ; 264        ; 6B             ; RESERVED_INPUT_WITH_WEAK_PULLUP ;        ;              ;                     ; Row I/O      ;                 ; no       ; On           ;
; V21      ;            ;                ; GND                             ; gnd    ;              ;                     ; --           ;                 ; --       ; --           ;
; V24      ; 269        ; 6B             ; RESERVED_INPUT_WITH_WEAK_PULLUP ;        ;              ;                     ; Row I/O      ;                 ; no       ; On           ;
; V25      ; 271        ; 6B             ; RESERVED_INPUT_WITH_WEAK_PULLUP ;        ;              ;                     ; Row I/O      ;                 ; no       ; On           ;
; V26      ;            ;                ; GND                             ; gnd    ;              ;                     ; --           ;                 ; --       ; --           ;
; V27      ; 295        ; 6B             ; RESERVED_INPUT_WITH_WEAK_PULLUP ;        ;              ;                     ; Row I/O      ;                 ; no       ; On           ;
; V28      ; 301        ; 6B             ; RESERVED_INPUT_WITH_WEAK_PULLUP ;        ;              ;                     ; Row I/O      ;                 ; no       ; On           ;
; W1       ;            ;                ; GND                             ; gnd    ;              ;                     ; --           ;                 ; --       ; --           ;
; W2       ;            ;                ; GND                             ; gnd    ;              ;                     ; --           ;                 ; --       ; --           ;
; W3       ;            ;                ; GND                             ; gnd    ;              ;                     ; --           ;                 ; --       ; --           ;
; W4       ;            ;                ; GND                             ; gnd    ;              ;                     ; --           ;                 ; --       ; --           ;
; W5       ;            ; --             ; VCCA_FPLL                       ; power  ;              ; 2.5V                ; --           ;                 ; --       ; --           ;
; W8       ; 54         ; 3A             ; avs_writedata[0]                ; input  ; 2.5 V        ;                     ; Column I/O   ; N               ; no       ; Off          ;
; W9       ;            ; 3A             ; VCCIO3A                         ; power  ;              ; 2.5V                ; --           ;                 ; --       ; --           ;
; W10      ; 48         ; 3A             ; #TDI                            ; input  ;              ;                     ; --           ;                 ; --       ; --           ;
; W11      ; 112        ; 3B             ; avs_readdata[10]                ; output ; 2.5 V        ;                     ; Column I/O   ; N               ; no       ; Off          ;
; W12      ; 128        ; 3B             ; avs_readdata[12]                ; output ; 2.5 V        ;                     ; Column I/O   ; N               ; no       ; Off          ;
; W13      ;            ; 4A             ; VCCIO4A                         ; power  ;              ; 2.5V                ; --           ;                 ; --       ; --           ;
; W14      ; 154        ; 4A             ; RESERVED_INPUT_WITH_WEAK_PULLUP ;        ;              ;                     ; Column I/O   ;                 ; no       ; On           ;
; W15      ; 223        ; 5A             ; avs_writedata[15]               ; input  ; 2.5 V        ;                     ; Row I/O      ; N               ; no       ; Off          ;
; W16      ;            ;                ; GND                             ; gnd    ;              ;                     ; --           ;                 ; --       ; --           ;
; W17      ;            ; 5A             ; VCCIO5A                         ; power  ;              ; 2.5V                ; --           ;                 ; --       ; --           ;
; W18      ;            ;                ; GND                             ; gnd    ;              ;                     ; --           ;                 ; --       ; --           ;
; W19      ;            ; 5B             ; VCCPD5B                         ; power  ;              ; 2.5V                ; --           ;                 ; --       ; --           ;
; W20      ; 254        ; 5B             ; avs_writedata[13]               ; input  ; 2.5 V        ;                     ; Row I/O      ; N               ; no       ; Off          ;
; W21      ; 252        ; 5B             ; avs_byteenable[0]               ; input  ; 2.5 V        ;                     ; Row I/O      ; N               ; no       ; Off          ;
; W24      ; 258        ; 5B             ; reset_n                         ; input  ; 2.5 V        ;                     ; Row I/O      ; N               ; no       ; Off          ;
; W25      ;            ; 5B             ; VCCIO5B                         ; power  ;              ; 2.5V                ; --           ;                 ; --       ; --           ;
; W26      ; 287        ; 6B             ; RESERVED_INPUT_WITH_WEAK_PULLUP ;        ;              ;                     ; Row I/O      ;                 ; no       ; On           ;
; W27      ;            ; 6B             ; VCCIO6B_HPS                     ; power  ;              ; 2.5V                ; --           ;                 ; --       ; --           ;
; W28      ; 293        ; 6B             ; RESERVED_INPUT_WITH_WEAK_PULLUP ;        ;              ;                     ; Row I/O      ;                 ; no       ; On           ;
; Y1       ;            ;                ; DNU                             ;        ;              ;                     ; --           ;                 ; --       ; --           ;
; Y2       ;            ;                ; DNU                             ;        ;              ;                     ; --           ;                 ; --       ; --           ;
; Y3       ;            ;                ; GND                             ; gnd    ;              ;                     ; --           ;                 ; --       ; --           ;
; Y4       ; 53         ; 3A             ; avs_writedata[11]               ; input  ; 2.5 V        ;                     ; Column I/O   ; N               ; no       ; Off          ;
; Y5       ; 55         ; 3A             ; avs_writedata[5]                ; input  ; 2.5 V        ;                     ; Column I/O   ; N               ; no       ; Off          ;
; Y8       ; 52         ; 3A             ; avs_writedata[22]               ; input  ; 2.5 V        ;                     ; Column I/O   ; N               ; no       ; Off          ;
; Y9       ; 42         ; 3A             ; #TDO                            ; output ;              ;                     ; --           ;                 ; --       ; --           ;
; Y10      ;            ; --             ; VCCPGM                          ; power  ;              ; 1.8V/2.5V/3.0V/3.3V ; --           ;                 ; --       ; --           ;
; Y11      ; 66         ; 3A             ; avs_writedata[24]               ; input  ; 2.5 V        ;                     ; Column I/O   ; N               ; no       ; Off          ;
; Y12      ;            ;                ; GND                             ; gnd    ;              ;                     ; --           ;                 ; --       ; --           ;
; Y13      ; 146        ; 4A             ; RESERVED_INPUT_WITH_WEAK_PULLUP ;        ;              ;                     ; Column I/O   ;                 ; no       ; On           ;
; Y14      ;            ;                ; GND                             ; gnd    ;              ;                     ; --           ;                 ; --       ; --           ;
; Y15      ; 162        ; 4A             ; RESERVED_INPUT_WITH_WEAK_PULLUP ;        ;              ;                     ; Column I/O   ;                 ; no       ; On           ;
; Y16      ; 221        ; 5A             ; avs_writedata[18]               ; input  ; 2.5 V        ;                     ; Row I/O      ; N               ; no       ; Off          ;
; Y17      ; 217        ; 5A             ; avs_writedata[16]               ; input  ; 2.5 V        ;                     ; Row I/O      ; N               ; no       ; Off          ;
; Y18      ; 219        ; 5A             ; avs_writedata[30]               ; input  ; 2.5 V        ;                     ; Row I/O      ; N               ; no       ; Off          ;
; Y19      ; 215        ; 5A             ; avs_writedata[10]               ; input  ; 2.5 V        ;                     ; Row I/O      ; N               ; no       ; Off          ;
; Y20      ;            ;                ; GND                             ; gnd    ;              ;                     ; --           ;                 ; --       ; --           ;
; Y21      ;            ; 5A             ; VCCPD5A                         ; power  ;              ; 2.5V                ; --           ;                 ; --       ; --           ;
; Y24      ; 256        ; 5B             ; clk                             ; input  ; 2.5 V        ;                     ; Row I/O      ; N               ; no       ; Off          ;
; Y25      ;            ;                ; GND                             ; gnd    ;              ;                     ; --           ;                 ; --       ; --           ;
; Y26      ; 285        ; 6B             ; RESERVED_INPUT_WITH_WEAK_PULLUP ;        ;              ;                     ; Row I/O      ;                 ; no       ; On           ;
; Y27      ; 281        ; 6B             ; RESERVED_INPUT_WITH_WEAK_PULLUP ;        ;              ;                     ; Row I/O      ;                 ; no       ; On           ;
; Y28      ; 291        ; 6B             ; RESERVED_INPUT_WITH_WEAK_PULLUP ;        ;              ;                     ; Row I/O      ;                 ; no       ; On           ;
+----------+------------+----------------+---------------------------------+--------+--------------+---------------------+--------------+-----------------+----------+--------------+
Note: Pin directions (input, output or bidir) are based on device operating in user mode.


+---------------------------------------------------+
; I/O Assignment Warnings                           ;
+-------------------+-------------------------------+
; Pin Name          ; Reason                        ;
+-------------------+-------------------------------+
; avs_readdata[0]   ; Incomplete set of assignments ;
; avs_readdata[1]   ; Incomplete set of assignments ;
; avs_readdata[2]   ; Incomplete set of assignments ;
; avs_readdata[3]   ; Incomplete set of assignments ;
; avs_readdata[4]   ; Incomplete set of assignments ;
; avs_readdata[5]   ; Incomplete set of assignments ;
; avs_readdata[6]   ; Incomplete set of assignments ;
; avs_readdata[7]   ; Incomplete set of assignments ;
; avs_readdata[8]   ; Incomplete set of assignments ;
; avs_readdata[9]   ; Incomplete set of assignments ;
; avs_readdata[10]  ; Incomplete set of assignments ;
; avs_readdata[11]  ; Incomplete set of assignments ;
; avs_readdata[12]  ; Incomplete set of assignments ;
; avs_readdata[13]  ; Incomplete set of assignments ;
; avs_readdata[14]  ; Incomplete set of assignments ;
; avs_readdata[15]  ; Incomplete set of assignments ;
; avs_readdata[16]  ; Incomplete set of assignments ;
; avs_readdata[17]  ; Incomplete set of assignments ;
; avs_readdata[18]  ; Incomplete set of assignments ;
; avs_readdata[19]  ; Incomplete set of assignments ;
; avs_readdata[20]  ; Incomplete set of assignments ;
; avs_readdata[21]  ; Incomplete set of assignments ;
; avs_readdata[22]  ; Incomplete set of assignments ;
; avs_readdata[23]  ; Incomplete set of assignments ;
; avs_readdata[24]  ; Incomplete set of assignments ;
; avs_readdata[25]  ; Incomplete set of assignments ;
; avs_readdata[26]  ; Incomplete set of assignments ;
; avs_readdata[27]  ; Incomplete set of assignments ;
; avs_readdata[28]  ; Incomplete set of assignments ;
; avs_readdata[29]  ; Incomplete set of assignments ;
; avs_readdata[30]  ; Incomplete set of assignments ;
; avs_readdata[31]  ; Incomplete set of assignments ;
; avs_waitrequest   ; Incomplete set of assignments ;
; avs_read          ; Incomplete set of assignments ;
; avs_address[2]    ; Incomplete set of assignments ;
; avs_address[3]    ; Incomplete set of assignments ;
; avs_address[6]    ; Incomplete set of assignments ;
; avs_address[4]    ; Incomplete set of assignments ;
; avs_address[5]    ; Incomplete set of assignments ;
; avs_address[7]    ; Incomplete set of assignments ;
; avs_address[0]    ; Incomplete set of assignments ;
; avs_address[1]    ; Incomplete set of assignments ;
; avs_write         ; Incomplete set of assignments ;
; avs_writedata[2]  ; Incomplete set of assignments ;
; avs_writedata[1]  ; Incomplete set of assignments ;
; avs_writedata[0]  ; Incomplete set of assignments ;
; avs_writedata[22] ; Incomplete set of assignments ;
; avs_writedata[24] ; Incomplete set of assignments ;
; avs_writedata[12] ; Incomplete set of assignments ;
; avs_writedata[26] ; Incomplete set of assignments ;
; avs_writedata[4]  ; Incomplete set of assignments ;
; avs_writedata[6]  ; Incomplete set of assignments ;
; avs_writedata[11] ; Incomplete set of assignments ;
; avs_writedata[3]  ; Incomplete set of assignments ;
; avs_writedata[9]  ; Incomplete set of assignments ;
; avs_writedata[5]  ; Incomplete set of assignments ;
; avs_writedata[17] ; Incomplete set of assignments ;
; avs_writedata[20] ; Incomplete set of assignments ;
; avs_writedata[27] ; Incomplete set of assignments ;
; avs_writedata[18] ; Incomplete set of assignments ;
; avs_writedata[29] ; Incomplete set of assignments ;
; avs_writedata[10] ; Incomplete set of assignments ;
; avs_writedata[15] ; Incomplete set of assignments ;
; avs_writedata[28] ; Incomplete set of assignments ;
; avs_writedata[30] ; Incomplete set of assignments ;
; avs_writedata[16] ; Incomplete set of assignments ;
; avs_writedata[31] ; Incomplete set of assignments ;
; avs_writedata[8]  ; Incomplete set of assignments ;
; avs_writedata[14] ; Incomplete set of assignments ;
; avs_writedata[21] ; Incomplete set of assignments ;
; avs_writedata[23] ; Incomplete set of assignments ;
; avs_writedata[19] ; Incomplete set of assignments ;
; avs_writedata[25] ; Incomplete set of assignments ;
; avs_writedata[7]  ; Incomplete set of assignments ;
; avs_writedata[13] ; Incomplete set of assignments ;
; avs_byteenable[0] ; Incomplete set of assignments ;
; avs_byteenable[2] ; Incomplete set of assignments ;
; avs_byteenable[1] ; Incomplete set of assignments ;
; avs_byteenable[3] ; Incomplete set of assignments ;
; clk               ; Incomplete set of assignments ;
; reset_n           ; Incomplete set of assignments ;
; avs_readdata[0]   ; Missing location assignment   ;
; avs_readdata[1]   ; Missing location assignment   ;
; avs_readdata[2]   ; Missing location assignment   ;
; avs_readdata[3]   ; Missing location assignment   ;
; avs_readdata[4]   ; Missing location assignment   ;
; avs_readdata[5]   ; Missing location assignment   ;
; avs_readdata[6]   ; Missing location assignment   ;
; avs_readdata[7]   ; Missing location assignment   ;
; avs_readdata[8]   ; Missing location assignment   ;
; avs_readdata[9]   ; Missing location assignment   ;
; avs_readdata[10]  ; Missing location assignment   ;
; avs_readdata[11]  ; Missing location assignment   ;
; avs_readdata[12]  ; Missing location assignment   ;
; avs_readdata[13]  ; Missing location assignment   ;
; avs_readdata[14]  ; Missing location assignment   ;
; avs_readdata[15]  ; Missing location assignment   ;
; avs_readdata[16]  ; Missing location assignment   ;
; avs_readdata[17]  ; Missing location assignment   ;
; avs_readdata[18]  ; Missing location assignment   ;
; avs_readdata[19]  ; Missing location assignment   ;
; avs_readdata[20]  ; Missing location assignment   ;
; avs_readdata[21]  ; Missing location assignment   ;
; avs_readdata[22]  ; Missing location assignment   ;
; avs_readdata[23]  ; Missing location assignment   ;
; avs_readdata[24]  ; Missing location assignment   ;
; avs_readdata[25]  ; Missing location assignment   ;
; avs_readdata[26]  ; Missing location assignment   ;
; avs_readdata[27]  ; Missing location assignment   ;
; avs_readdata[28]  ; Missing location assignment   ;
; avs_readdata[29]  ; Missing location assignment   ;
; avs_readdata[30]  ; Missing location assignment   ;
; avs_readdata[31]  ; Missing location assignment   ;
; avs_waitrequest   ; Missing location assignment   ;
; avs_read          ; Missing location assignment   ;
; avs_address[2]    ; Missing location assignment   ;
; avs_address[3]    ; Missing location assignment   ;
; avs_address[6]    ; Missing location assignment   ;
; avs_address[4]    ; Missing location assignment   ;
; avs_address[5]    ; Missing location assignment   ;
; avs_address[7]    ; Missing location assignment   ;
; avs_address[0]    ; Missing location assignment   ;
; avs_address[1]    ; Missing location assignment   ;
; avs_write         ; Missing location assignment   ;
; avs_writedata[2]  ; Missing location assignment   ;
; avs_writedata[1]  ; Missing location assignment   ;
; avs_writedata[0]  ; Missing location assignment   ;
; avs_writedata[22] ; Missing location assignment   ;
; avs_writedata[24] ; Missing location assignment   ;
; avs_writedata[12] ; Missing location assignment   ;
; avs_writedata[26] ; Missing location assignment   ;
; avs_writedata[4]  ; Missing location assignment   ;
; avs_writedata[6]  ; Missing location assignment   ;
; avs_writedata[11] ; Missing location assignment   ;
; avs_writedata[3]  ; Missing location assignment   ;
; avs_writedata[9]  ; Missing location assignment   ;
; avs_writedata[5]  ; Missing location assignment   ;
; avs_writedata[17] ; Missing location assignment   ;
; avs_writedata[20] ; Missing location assignment   ;
; avs_writedata[27] ; Missing location assignment   ;
; avs_writedata[18] ; Missing location assignment   ;
; avs_writedata[29] ; Missing location assignment   ;
; avs_writedata[10] ; Missing location assignment   ;
; avs_writedata[15] ; Missing location assignment   ;
; avs_writedata[28] ; Missing location assignment   ;
; avs_writedata[30] ; Missing location assignment   ;
; avs_writedata[16] ; Missing location assignment   ;
; avs_writedata[31] ; Missing location assignment   ;
; avs_writedata[8]  ; Missing location assignment   ;
; avs_writedata[14] ; Missing location assignment   ;
; avs_writedata[21] ; Missing location assignment   ;
; avs_writedata[23] ; Missing location assignment   ;
; avs_writedata[19] ; Missing location assignment   ;
; avs_writedata[25] ; Missing location assignment   ;
; avs_writedata[7]  ; Missing location assignment   ;
; avs_writedata[13] ; Missing location assignment   ;
; avs_byteenable[0] ; Missing location assignment   ;
; avs_byteenable[2] ; Missing location assignment   ;
; avs_byteenable[1] ; Missing location assignment   ;
; avs_byteenable[3] ; Missing location assignment   ;
; clk               ; Missing location assignment   ;
; reset_n           ; Missing location assignment   ;
+-------------------+-------------------------------+


+----------------------------------------------------------------------------------------------------------------------------------------------------------------------------------------------------------------------------------------------------------------------------------------------------------------------------------------------------------------------------------------------------------------------------------------------------------------------------------------------------------------------------------------------+
; Fitter Resource Utilization by Entity                                                                                                                                                                                                                                                                                                                                                                                                                                                                                                        ;
+-------------------------------------------------+----------------------+----------------------------------+---------------------------------------------------+----------------------------------+----------------------+---------------------+---------------------------+---------------+-------------------+------------+------+--------------+--------------------------------------------------------------------------------------------------------------------------------------------------------+-------------------+--------------+
; Compilation Hierarchy Node                      ; ALMs needed [=A-B+C] ; [A] ALMs used in final placement ; [B] Estimate of ALMs recoverable by dense packing ; [C] Estimate of ALMs unavailable ; ALMs used for memory ; Combinational ALUTs ; Dedicated Logic Registers ; I/O Registers ; Block Memory Bits ; DSP Blocks ; Pins ; Virtual Pins ; Full Hierarchy Name                                                                                                                                    ; Entity Name       ; Library Name ;
+-------------------------------------------------+----------------------+----------------------------------+---------------------------------------------------+----------------------------------+----------------------+---------------------+---------------------------+---------------+-------------------+------------+------+--------------+--------------------------------------------------------------------------------------------------------------------------------------------------------+-------------------+--------------+
; |tinysign_de10nano                              ; 46158.7 (0.6)        ; 45164.2 (0.5)                    ; 0.0 (0.0)                                         ; 994.5 (0.1)                      ; 0.0 (0.0)            ; 56474 (1)           ; 67887 (0)                 ; 0 (0)         ; 0                 ; 0          ; 81   ; 0            ; |tinysign_de10nano                                                                                                                                     ; tinysign_de10nano ; work         ;
;    |tinysign_core:u_core|                       ; 46158.1 (478.8)      ; 45163.7 (455.1)                  ; 0.0 (0.0)                                         ; 994.4 (23.7)                     ; 0.0 (0.0)            ; 56473 (450)         ; 67887 (820)               ; 0 (0)         ; 0                 ; 0          ; 0    ; 0            ; |tinysign_de10nano|tinysign_core:u_core                                                                                                                ; tinysign_core     ; work         ;
;       |ecdsa_signer:u_signer|                   ; 26383.9 (1856.1)     ; 25874.5 (1802.0)                 ; 0.0 (0.0)                                         ; 509.3 (54.1)                     ; 0.0 (0.0)            ; 31760 (1482)        ; 37925 (3345)              ; 0 (0)         ; 0                 ; 0          ; 0    ; 0            ; |tinysign_de10nano|tinysign_core:u_core|ecdsa_signer:u_signer                                                                                          ; ecdsa_signer      ; work         ;
;          |mod_add:u_add|                        ; 608.8 (608.8)        ; 586.8 (586.8)                    ; 0.0 (0.0)                                         ; 22.0 (22.0)                      ; 0.0 (0.0)            ; 781 (781)           ; 772 (772)                 ; 0 (0)         ; 0                 ; 0          ; 0    ; 0            ; |tinysign_de10nano|tinysign_core:u_core|ecdsa_signer:u_signer|mod_add:u_add                                                                            ; mod_add           ; work         ;
;          |mod_inv:u_inverse|                    ; 3506.7 (535.7)       ; 3490.7 (530.9)                   ; 0.0 (0.0)                                         ; 16.1 (4.8)                       ; 0.0 (0.0)            ; 6008 (536)          ; 4694 (1042)               ; 0 (0)         ; 0                 ; 0          ; 0    ; 0            ; |tinysign_de10nano|tinysign_core:u_core|ecdsa_signer:u_signer|mod_inv:u_inverse                                                                        ; mod_inv           ; work         ;
;             |mod_mul:u_product|                 ; 1576.1 (600.4)       ; 1572.8 (598.6)                   ; 0.0 (0.0)                                         ; 3.3 (1.8)                        ; 0.0 (0.0)            ; 2858 (893)          ; 1826 (785)                ; 0 (0)         ; 0                 ; 0          ; 0    ; 0            ; |tinysign_de10nano|tinysign_core:u_core|ecdsa_signer:u_signer|mod_inv:u_inverse|mod_mul:u_product                                                      ; mod_mul           ; work         ;
;                |montgomery_mul:u_montgomery|    ; 975.7 (975.7)        ; 974.2 (974.2)                    ; 0.0 (0.0)                                         ; 1.6 (1.6)                        ; 0.0 (0.0)            ; 1965 (1965)         ; 1041 (1041)               ; 0 (0)         ; 0                 ; 0          ; 0    ; 0            ; |tinysign_de10nano|tinysign_core:u_core|ecdsa_signer:u_signer|mod_inv:u_inverse|mod_mul:u_product|montgomery_mul:u_montgomery                          ; montgomery_mul    ; work         ;
;             |mod_mul:u_square|                  ; 1394.9 (434.2)       ; 1386.9 (429.1)                   ; 0.0 (0.0)                                         ; 7.9 (5.1)                        ; 0.0 (0.0)            ; 2614 (680)          ; 1826 (785)                ; 0 (0)         ; 0                 ; 0          ; 0    ; 0            ; |tinysign_de10nano|tinysign_core:u_core|ecdsa_signer:u_signer|mod_inv:u_inverse|mod_mul:u_square                                                       ; mod_mul           ; work         ;
;                |montgomery_mul:u_montgomery|    ; 960.7 (960.7)        ; 957.8 (957.8)                    ; 0.0 (0.0)                                         ; 2.8 (2.8)                        ; 0.0 (0.0)            ; 1934 (1934)         ; 1041 (1041)               ; 0 (0)         ; 0                 ; 0          ; 0    ; 0            ; |tinysign_de10nano|tinysign_core:u_core|ecdsa_signer:u_signer|mod_inv:u_inverse|mod_mul:u_square|montgomery_mul:u_montgomery                           ; montgomery_mul    ; work         ;
;          |mod_mul:u_multiply|                   ; 1505.3 (564.7)       ; 1494.4 (556.4)                   ; 0.0 (0.0)                                         ; 10.9 (8.2)                       ; 0.0 (0.0)            ; 2833 (901)          ; 1826 (785)                ; 0 (0)         ; 0                 ; 0          ; 0    ; 0            ; |tinysign_de10nano|tinysign_core:u_core|ecdsa_signer:u_signer|mod_mul:u_multiply                                                                       ; mod_mul           ; work         ;
;             |montgomery_mul:u_montgomery|       ; 940.6 (940.6)        ; 938.0 (938.0)                    ; 0.0 (0.0)                                         ; 2.7 (2.7)                        ; 0.0 (0.0)            ; 1932 (1932)         ; 1041 (1041)               ; 0 (0)         ; 0                 ; 0          ; 0    ; 0            ; |tinysign_de10nano|tinysign_core:u_core|ecdsa_signer:u_signer|mod_mul:u_multiply|montgomery_mul:u_montgomery                                           ; montgomery_mul    ; work         ;
;          |rfc6979:u_nonce|                      ; 5399.9 (1022.2)      ; 5356.1 (1014.4)                  ; 0.0 (0.0)                                         ; 43.8 (7.8)                       ; 0.0 (0.0)            ; 5070 (1487)         ; 8258 (2326)               ; 0 (0)         ; 0                 ; 0          ; 0    ; 0            ; |tinysign_de10nano|tinysign_core:u_core|ecdsa_signer:u_signer|rfc6979:u_nonce                                                                          ; rfc6979           ; work         ;
;             |hmac_sha256:u_hmac|                ; 4377.7 (514.9)       ; 4341.7 (508.0)                   ; 0.0 (0.0)                                         ; 36.0 (7.0)                       ; 0.0 (0.0)            ; 3583 (278)          ; 5932 (1552)               ; 0 (0)         ; 0                 ; 0          ; 0    ; 0            ; |tinysign_de10nano|tinysign_core:u_core|ecdsa_signer:u_signer|rfc6979:u_nonce|hmac_sha256:u_hmac                                                       ; hmac_sha256       ; work         ;
;                |sha256_hash:u_hash|             ; 3862.7 (445.0)       ; 3833.7 (444.4)                   ; 0.0 (0.0)                                         ; 29.0 (0.7)                       ; 0.0 (0.0)            ; 3305 (185)          ; 4380 (1556)               ; 0 (0)         ; 0                 ; 0          ; 0    ; 0            ; |tinysign_de10nano|tinysign_core:u_core|ecdsa_signer:u_signer|rfc6979:u_nonce|hmac_sha256:u_hmac|sha256_hash:u_hash                                    ; sha256_hash       ; work         ;
;                   |sha256_compress:u_compress|  ; 3417.7 (3417.7)      ; 3389.4 (3389.4)                  ; 0.0 (0.0)                                         ; 28.3 (28.3)                      ; 0.0 (0.0)            ; 3120 (3120)         ; 2824 (2824)               ; 0 (0)         ; 0                 ; 0          ; 0    ; 0            ; |tinysign_de10nano|tinysign_core:u_core|ecdsa_signer:u_signer|rfc6979:u_nonce|hmac_sha256:u_hmac|sha256_hash:u_hash|sha256_compress:u_compress         ; sha256_compress   ; work         ;
;          |scalar_mult:u_scalar|                 ; 13507.0 (2207.9)     ; 13144.6 (2171.4)                 ; 0.0 (0.0)                                         ; 362.4 (36.5)                     ; 0.0 (0.0)            ; 15586 (1670)        ; 19030 (5409)              ; 0 (0)         ; 0                 ; 0          ; 0    ; 0            ; |tinysign_de10nano|tinysign_core:u_core|ecdsa_signer:u_signer|scalar_mult:u_scalar                                                                     ; scalar_mult       ; work         ;
;             |point_ops:u_point_ops|             ; 11299.1 (8213.0)     ; 10973.2 (7956.0)                 ; 0.0 (0.0)                                         ; 325.9 (257.0)                    ; 0.0 (0.0)            ; 13916 (8440)        ; 13621 (10255)             ; 0 (0)         ; 0                 ; 0          ; 0    ; 0            ; |tinysign_de10nano|tinysign_core:u_core|ecdsa_signer:u_signer|scalar_mult:u_scalar|point_ops:u_point_ops                                               ; point_ops         ; work         ;
;                |mod_add:u_add|                  ; 715.2 (715.2)        ; 687.4 (687.4)                    ; 0.0 (0.0)                                         ; 27.8 (27.8)                      ; 0.0 (0.0)            ; 1276 (1276)         ; 772 (772)                 ; 0 (0)         ; 0                 ; 0          ; 0    ; 0            ; |tinysign_de10nano|tinysign_core:u_core|ecdsa_signer:u_signer|scalar_mult:u_scalar|point_ops:u_point_ops|mod_add:u_add                                 ; mod_add           ; work         ;
;                |mod_mul:u_mul|                  ; 1440.6 (469.4)       ; 1423.1 (452.8)                   ; 0.0 (0.0)                                         ; 17.5 (16.6)                      ; 0.0 (0.0)            ; 2508 (689)          ; 1822 (783)                ; 0 (0)         ; 0                 ; 0          ; 0    ; 0            ; |tinysign_de10nano|tinysign_core:u_core|ecdsa_signer:u_signer|scalar_mult:u_scalar|point_ops:u_point_ops|mod_mul:u_mul                                 ; mod_mul           ; work         ;
;                   |montgomery_mul:u_montgomery| ; 971.1 (971.1)        ; 970.3 (970.3)                    ; 0.0 (0.0)                                         ; 0.9 (0.9)                        ; 0.0 (0.0)            ; 1819 (1819)         ; 1039 (1039)               ; 0 (0)         ; 0                 ; 0          ; 0    ; 0            ; |tinysign_de10nano|tinysign_core:u_core|ecdsa_signer:u_signer|scalar_mult:u_scalar|point_ops:u_point_ops|mod_mul:u_mul|montgomery_mul:u_montgomery     ; montgomery_mul    ; work         ;
;                |mod_sub:u_sub|                  ; 930.3 (930.3)        ; 906.7 (906.7)                    ; 0.0 (0.0)                                         ; 23.6 (23.6)                      ; 0.0 (0.0)            ; 1692 (1692)         ; 772 (772)                 ; 0 (0)         ; 0                 ; 0          ; 0    ; 0            ; |tinysign_de10nano|tinysign_core:u_core|ecdsa_signer:u_signer|scalar_mult:u_scalar|point_ops:u_point_ops|mod_sub:u_sub                                 ; mod_sub           ; work         ;
;       |key_manager:u_key_manager|               ; 19295.5 (1255.2)     ; 18834.1 (1203.2)                 ; 0.0 (0.0)                                         ; 461.3 (52.0)                     ; 0.0 (0.0)            ; 24263 (727)         ; 29142 (3094)              ; 0 (0)         ; 0                 ; 0          ; 0    ; 0            ; |tinysign_de10nano|tinysign_core:u_core|key_manager:u_key_manager                                                                                      ; key_manager       ; work         ;
;          |mod_inv:u_inverse|                    ; 3157.2 (476.5)       ; 3116.3 (459.1)                   ; 0.0 (0.0)                                         ; 40.8 (17.4)                      ; 0.0 (0.0)            ; 5428 (524)          ; 4684 (1040)               ; 0 (0)         ; 0                 ; 0          ; 0    ; 0            ; |tinysign_de10nano|tinysign_core:u_core|key_manager:u_key_manager|mod_inv:u_inverse                                                                    ; mod_inv           ; work         ;
;             |mod_mul:u_product|                 ; 1350.2 (456.8)       ; 1340.8 (447.4)                   ; 0.0 (0.0)                                         ; 9.4 (9.4)                        ; 0.0 (0.0)            ; 2542 (723)          ; 1822 (783)                ; 0 (0)         ; 0                 ; 0          ; 0    ; 0            ; |tinysign_de10nano|tinysign_core:u_core|key_manager:u_key_manager|mod_inv:u_inverse|mod_mul:u_product                                                  ; mod_mul           ; work         ;
;                |montgomery_mul:u_montgomery|    ; 893.5 (893.5)        ; 893.4 (893.4)                    ; 0.0 (0.0)                                         ; 0.1 (0.1)                        ; 0.0 (0.0)            ; 1819 (1819)         ; 1039 (1039)               ; 0 (0)         ; 0                 ; 0          ; 0    ; 0            ; |tinysign_de10nano|tinysign_core:u_core|key_manager:u_key_manager|mod_inv:u_inverse|mod_mul:u_product|montgomery_mul:u_montgomery                      ; montgomery_mul    ; work         ;
;             |mod_mul:u_square|                  ; 1330.4 (388.2)       ; 1316.4 (375.6)                   ; 0.0 (0.0)                                         ; 14.0 (12.6)                      ; 0.0 (0.0)            ; 2362 (560)          ; 1822 (783)                ; 0 (0)         ; 0                 ; 0          ; 0    ; 0            ; |tinysign_de10nano|tinysign_core:u_core|key_manager:u_key_manager|mod_inv:u_inverse|mod_mul:u_square                                                   ; mod_mul           ; work         ;
;                |montgomery_mul:u_montgomery|    ; 942.2 (942.2)        ; 940.7 (940.7)                    ; 0.0 (0.0)                                         ; 1.5 (1.5)                        ; 0.0 (0.0)            ; 1802 (1802)         ; 1039 (1039)               ; 0 (0)         ; 0                 ; 0          ; 0    ; 0            ; |tinysign_de10nano|tinysign_core:u_core|key_manager:u_key_manager|mod_inv:u_inverse|mod_mul:u_square|montgomery_mul:u_montgomery                       ; montgomery_mul    ; work         ;
;          |mod_mul:u_multiply|                   ; 1354.3 (460.7)       ; 1337.6 (445.1)                   ; 0.0 (0.0)                                         ; 16.7 (15.6)                      ; 0.0 (0.0)            ; 2508 (689)          ; 1822 (783)                ; 0 (0)         ; 0                 ; 0          ; 0    ; 0            ; |tinysign_de10nano|tinysign_core:u_core|key_manager:u_key_manager|mod_mul:u_multiply                                                                   ; mod_mul           ; work         ;
;             |montgomery_mul:u_montgomery|       ; 893.6 (893.6)        ; 892.5 (892.5)                    ; 0.0 (0.0)                                         ; 1.1 (1.1)                        ; 0.0 (0.0)            ; 1819 (1819)         ; 1039 (1039)               ; 0 (0)         ; 0                 ; 0          ; 0    ; 0            ; |tinysign_de10nano|tinysign_core:u_core|key_manager:u_key_manager|mod_mul:u_multiply|montgomery_mul:u_montgomery                                       ; montgomery_mul    ; work         ;
;          |scalar_mult:u_scalar|                 ; 13528.9 (2157.4)     ; 13177.1 (2115.2)                 ; 0.0 (0.0)                                         ; 351.8 (42.2)                     ; 0.0 (0.0)            ; 15600 (1672)        ; 19542 (5665)              ; 0 (0)         ; 0                 ; 0          ; 0    ; 0            ; |tinysign_de10nano|tinysign_core:u_core|key_manager:u_key_manager|scalar_mult:u_scalar                                                                 ; scalar_mult       ; work         ;
;             |point_ops:u_point_ops|             ; 11371.5 (8316.7)     ; 11061.9 (8068.0)                 ; 0.0 (0.0)                                         ; 309.6 (248.7)                    ; 0.0 (0.0)            ; 13928 (8445)        ; 13877 (10511)             ; 0 (0)         ; 0                 ; 0          ; 0    ; 0            ; |tinysign_de10nano|tinysign_core:u_core|key_manager:u_key_manager|scalar_mult:u_scalar|point_ops:u_point_ops                                           ; point_ops         ; work         ;
;                |mod_add:u_add|                  ; 726.0 (726.0)        ; 699.1 (699.1)                    ; 0.0 (0.0)                                         ; 26.9 (26.9)                      ; 0.0 (0.0)            ; 1284 (1284)         ; 772 (772)                 ; 0 (0)         ; 0                 ; 0          ; 0    ; 0            ; |tinysign_de10nano|tinysign_core:u_core|key_manager:u_key_manager|scalar_mult:u_scalar|point_ops:u_point_ops|mod_add:u_add                             ; mod_add           ; work         ;
;                |mod_mul:u_mul|                  ; 1413.9 (479.1)       ; 1396.5 (463.2)                   ; 0.0 (0.0)                                         ; 17.4 (15.9)                      ; 0.0 (0.0)            ; 2508 (689)          ; 1822 (783)                ; 0 (0)         ; 0                 ; 0          ; 0    ; 0            ; |tinysign_de10nano|tinysign_core:u_core|key_manager:u_key_manager|scalar_mult:u_scalar|point_ops:u_point_ops|mod_mul:u_mul                             ; mod_mul           ; work         ;
;                   |montgomery_mul:u_montgomery| ; 934.9 (934.9)        ; 933.4 (933.4)                    ; 0.0 (0.0)                                         ; 1.5 (1.5)                        ; 0.0 (0.0)            ; 1819 (1819)         ; 1039 (1039)               ; 0 (0)         ; 0                 ; 0          ; 0    ; 0            ; |tinysign_de10nano|tinysign_core:u_core|key_manager:u_key_manager|scalar_mult:u_scalar|point_ops:u_point_ops|mod_mul:u_mul|montgomery_mul:u_montgomery ; montgomery_mul    ; work         ;
;                |mod_sub:u_sub|                  ; 914.8 (914.8)        ; 898.2 (898.2)                    ; 0.0 (0.0)                                         ; 16.5 (16.5)                      ; 0.0 (0.0)            ; 1691 (1691)         ; 772 (772)                 ; 0 (0)         ; 0                 ; 0          ; 0    ; 0            ; |tinysign_de10nano|tinysign_core:u_core|key_manager:u_key_manager|scalar_mult:u_scalar|point_ops:u_point_ops|mod_sub:u_sub                             ; mod_sub           ; work         ;
+-------------------------------------------------+----------------------+----------------------------------+---------------------------------------------------+----------------------------------+----------------------+---------------------+---------------------------+---------------+-------------------+------------+------+--------------+--------------------------------------------------------------------------------------------------------------------------------------------------------+-------------------+--------------+
Note: For table entries with two numbers listed, the numbers in parentheses indicate the number of resources of the given type used by the specific entity alone. The numbers listed outside of parentheses indicate the total resources of the given type used by the specific entity and all of its sub-entities in the hierarchy.


+----------------------------------------------------------------------------------------------------------------------------------+
; Delay Chain Summary                                                                                                              ;
+-------------------+----------+----+------+------+----+------+-------+--------+------------------------+--------------------------+
; Name              ; Pin Type ; D1 ; D3_0 ; D3_1 ; D4 ; D5   ; D5 OE ; D5 OCT ; T11 (Postamble Gating) ; T11 (Postamble Ungating) ;
+-------------------+----------+----+------+------+----+------+-------+--------+------------------------+--------------------------+
; avs_readdata[0]   ; Output   ; -- ; --   ; --   ; -- ; (0)  ; (0)   ; --     ; --                     ; --                       ;
; avs_readdata[1]   ; Output   ; -- ; --   ; --   ; -- ; (0)  ; (0)   ; --     ; --                     ; --                       ;
; avs_readdata[2]   ; Output   ; -- ; --   ; --   ; -- ; (0)  ; (0)   ; --     ; --                     ; --                       ;
; avs_readdata[3]   ; Output   ; -- ; --   ; --   ; -- ; (0)  ; (0)   ; --     ; --                     ; --                       ;
; avs_readdata[4]   ; Output   ; -- ; --   ; --   ; -- ; (0)  ; (0)   ; --     ; --                     ; --                       ;
; avs_readdata[5]   ; Output   ; -- ; --   ; --   ; -- ; (0)  ; (0)   ; --     ; --                     ; --                       ;
; avs_readdata[6]   ; Output   ; -- ; --   ; --   ; -- ; (0)  ; (0)   ; --     ; --                     ; --                       ;
; avs_readdata[7]   ; Output   ; -- ; --   ; --   ; -- ; (0)  ; (0)   ; --     ; --                     ; --                       ;
; avs_readdata[8]   ; Output   ; -- ; --   ; --   ; -- ; (0)  ; (0)   ; --     ; --                     ; --                       ;
; avs_readdata[9]   ; Output   ; -- ; --   ; --   ; -- ; (0)  ; (0)   ; --     ; --                     ; --                       ;
; avs_readdata[10]  ; Output   ; -- ; --   ; --   ; -- ; (0)  ; (0)   ; --     ; --                     ; --                       ;
; avs_readdata[11]  ; Output   ; -- ; --   ; --   ; -- ; (0)  ; (0)   ; --     ; --                     ; --                       ;
; avs_readdata[12]  ; Output   ; -- ; --   ; --   ; -- ; (0)  ; (0)   ; --     ; --                     ; --                       ;
; avs_readdata[13]  ; Output   ; -- ; --   ; --   ; -- ; (0)  ; (0)   ; --     ; --                     ; --                       ;
; avs_readdata[14]  ; Output   ; -- ; --   ; --   ; -- ; (0)  ; (0)   ; --     ; --                     ; --                       ;
; avs_readdata[15]  ; Output   ; -- ; --   ; --   ; -- ; (0)  ; (0)   ; --     ; --                     ; --                       ;
; avs_readdata[16]  ; Output   ; -- ; --   ; --   ; -- ; (0)  ; (0)   ; --     ; --                     ; --                       ;
; avs_readdata[17]  ; Output   ; -- ; --   ; --   ; -- ; (0)  ; (0)   ; --     ; --                     ; --                       ;
; avs_readdata[18]  ; Output   ; -- ; --   ; --   ; -- ; (0)  ; (0)   ; --     ; --                     ; --                       ;
; avs_readdata[19]  ; Output   ; -- ; --   ; --   ; -- ; (0)  ; (0)   ; --     ; --                     ; --                       ;
; avs_readdata[20]  ; Output   ; -- ; --   ; --   ; -- ; (0)  ; (0)   ; --     ; --                     ; --                       ;
; avs_readdata[21]  ; Output   ; -- ; --   ; --   ; -- ; (0)  ; (0)   ; --     ; --                     ; --                       ;
; avs_readdata[22]  ; Output   ; -- ; --   ; --   ; -- ; (0)  ; (0)   ; --     ; --                     ; --                       ;
; avs_readdata[23]  ; Output   ; -- ; --   ; --   ; -- ; (0)  ; (0)   ; --     ; --                     ; --                       ;
; avs_readdata[24]  ; Output   ; -- ; --   ; --   ; -- ; (0)  ; (0)   ; --     ; --                     ; --                       ;
; avs_readdata[25]  ; Output   ; -- ; --   ; --   ; -- ; (0)  ; (0)   ; --     ; --                     ; --                       ;
; avs_readdata[26]  ; Output   ; -- ; --   ; --   ; -- ; (0)  ; (0)   ; --     ; --                     ; --                       ;
; avs_readdata[27]  ; Output   ; -- ; --   ; --   ; -- ; (0)  ; (0)   ; --     ; --                     ; --                       ;
; avs_readdata[28]  ; Output   ; -- ; --   ; --   ; -- ; (0)  ; (0)   ; --     ; --                     ; --                       ;
; avs_readdata[29]  ; Output   ; -- ; --   ; --   ; -- ; (0)  ; (0)   ; --     ; --                     ; --                       ;
; avs_readdata[30]  ; Output   ; -- ; --   ; --   ; -- ; (0)  ; (0)   ; --     ; --                     ; --                       ;
; avs_readdata[31]  ; Output   ; -- ; --   ; --   ; -- ; (0)  ; (0)   ; --     ; --                     ; --                       ;
; avs_waitrequest   ; Output   ; -- ; --   ; --   ; -- ; (0)  ; (0)   ; --     ; --                     ; --                       ;
; avs_read          ; Input    ; -- ; --   ; --   ; -- ; --   ; --    ; --     ; --                     ; --                       ;
; avs_address[2]    ; Input    ; -- ; (0)  ; --   ; -- ; --   ; --    ; --     ; --                     ; --                       ;
; avs_address[3]    ; Input    ; -- ; (0)  ; --   ; -- ; --   ; --    ; --     ; --                     ; --                       ;
; avs_address[6]    ; Input    ; -- ; (0)  ; --   ; -- ; --   ; --    ; --     ; --                     ; --                       ;
; avs_address[4]    ; Input    ; -- ; (0)  ; --   ; -- ; --   ; --    ; --     ; --                     ; --                       ;
; avs_address[5]    ; Input    ; -- ; (0)  ; --   ; -- ; --   ; --    ; --     ; --                     ; --                       ;
; avs_address[7]    ; Input    ; -- ; (0)  ; --   ; -- ; --   ; --    ; --     ; --                     ; --                       ;
; avs_address[0]    ; Input    ; -- ; (0)  ; --   ; -- ; --   ; --    ; --     ; --                     ; --                       ;
; avs_address[1]    ; Input    ; -- ; (0)  ; --   ; -- ; --   ; --    ; --     ; --                     ; --                       ;
; avs_write         ; Input    ; -- ; (0)  ; --   ; -- ; --   ; --    ; --     ; --                     ; --                       ;
; avs_writedata[2]  ; Input    ; -- ; (0)  ; --   ; -- ; --   ; --    ; --     ; --                     ; --                       ;
; avs_writedata[1]  ; Input    ; -- ; (0)  ; --   ; -- ; --   ; --    ; --     ; --                     ; --                       ;
; avs_writedata[0]  ; Input    ; -- ; (0)  ; --   ; -- ; --   ; --    ; --     ; --                     ; --                       ;
; avs_writedata[22] ; Input    ; -- ; (0)  ; --   ; -- ; --   ; --    ; --     ; --                     ; --                       ;
; avs_writedata[24] ; Input    ; -- ; (0)  ; --   ; -- ; --   ; --    ; --     ; --                     ; --                       ;
; avs_writedata[12] ; Input    ; -- ; (0)  ; --   ; -- ; --   ; --    ; --     ; --                     ; --                       ;
; avs_writedata[26] ; Input    ; -- ; (0)  ; --   ; -- ; --   ; --    ; --     ; --                     ; --                       ;
; avs_writedata[4]  ; Input    ; -- ; (0)  ; --   ; -- ; --   ; --    ; --     ; --                     ; --                       ;
; avs_writedata[6]  ; Input    ; -- ; (0)  ; --   ; -- ; --   ; --    ; --     ; --                     ; --                       ;
; avs_writedata[11] ; Input    ; -- ; (0)  ; --   ; -- ; --   ; --    ; --     ; --                     ; --                       ;
; avs_writedata[3]  ; Input    ; -- ; (0)  ; --   ; -- ; --   ; --    ; --     ; --                     ; --                       ;
; avs_writedata[9]  ; Input    ; -- ; (0)  ; --   ; -- ; --   ; --    ; --     ; --                     ; --                       ;
; avs_writedata[5]  ; Input    ; -- ; (0)  ; --   ; -- ; --   ; --    ; --     ; --                     ; --                       ;
; avs_writedata[17] ; Input    ; -- ; (0)  ; --   ; -- ; --   ; --    ; --     ; --                     ; --                       ;
; avs_writedata[20] ; Input    ; -- ; (0)  ; --   ; -- ; --   ; --    ; --     ; --                     ; --                       ;
; avs_writedata[27] ; Input    ; -- ; (0)  ; --   ; -- ; --   ; --    ; --     ; --                     ; --                       ;
; avs_writedata[18] ; Input    ; -- ; (0)  ; --   ; -- ; --   ; --    ; --     ; --                     ; --                       ;
; avs_writedata[29] ; Input    ; -- ; (0)  ; --   ; -- ; --   ; --    ; --     ; --                     ; --                       ;
; avs_writedata[10] ; Input    ; -- ; (0)  ; --   ; -- ; --   ; --    ; --     ; --                     ; --                       ;
; avs_writedata[15] ; Input    ; -- ; (0)  ; --   ; -- ; --   ; --    ; --     ; --                     ; --                       ;
; avs_writedata[28] ; Input    ; -- ; (0)  ; --   ; -- ; --   ; --    ; --     ; --                     ; --                       ;
; avs_writedata[30] ; Input    ; -- ; (0)  ; --   ; -- ; --   ; --    ; --     ; --                     ; --                       ;
; avs_writedata[16] ; Input    ; -- ; (0)  ; --   ; -- ; --   ; --    ; --     ; --                     ; --                       ;
; avs_writedata[31] ; Input    ; -- ; (0)  ; --   ; -- ; --   ; --    ; --     ; --                     ; --                       ;
; avs_writedata[8]  ; Input    ; -- ; (0)  ; --   ; -- ; --   ; --    ; --     ; --                     ; --                       ;
; avs_writedata[14] ; Input    ; -- ; (0)  ; --   ; -- ; --   ; --    ; --     ; --                     ; --                       ;
; avs_writedata[21] ; Input    ; -- ; (0)  ; --   ; -- ; --   ; --    ; --     ; --                     ; --                       ;
; avs_writedata[23] ; Input    ; -- ; (0)  ; --   ; -- ; --   ; --    ; --     ; --                     ; --                       ;
; avs_writedata[19] ; Input    ; -- ; (0)  ; --   ; -- ; --   ; --    ; --     ; --                     ; --                       ;
; avs_writedata[25] ; Input    ; -- ; (0)  ; --   ; -- ; --   ; --    ; --     ; --                     ; --                       ;
; avs_writedata[7]  ; Input    ; -- ; (0)  ; --   ; -- ; --   ; --    ; --     ; --                     ; --                       ;
; avs_writedata[13] ; Input    ; -- ; (0)  ; --   ; -- ; --   ; --    ; --     ; --                     ; --                       ;
; avs_byteenable[0] ; Input    ; -- ; (0)  ; --   ; -- ; --   ; --    ; --     ; --                     ; --                       ;
; avs_byteenable[2] ; Input    ; -- ; (0)  ; --   ; -- ; --   ; --    ; --     ; --                     ; --                       ;
; avs_byteenable[1] ; Input    ; -- ; (0)  ; --   ; -- ; --   ; --    ; --     ; --                     ; --                       ;
; avs_byteenable[3] ; Input    ; -- ; (0)  ; --   ; -- ; --   ; --    ; --     ; --                     ; --                       ;
; clk               ; Input    ; -- ; (0)  ; --   ; -- ; --   ; --    ; --     ; --                     ; --                       ;
; reset_n           ; Input    ; -- ; (0)  ; --   ; -- ; --   ; --    ; --     ; --                     ; --                       ;
+-------------------+----------+----+------+------+----+------+-------+--------+------------------------+--------------------------+


+---------------------------------------------------+
; Pad To Core Delay Chain Fanout                    ;
+---------------------+-------------------+---------+
; Source Pin / Fanout ; Pad To Core Index ; Setting ;
+---------------------+-------------------+---------+
; avs_read            ;                   ;         ;
; avs_address[2]      ;                   ;         ;
; avs_address[3]      ;                   ;         ;
; avs_address[6]      ;                   ;         ;
; avs_address[4]      ;                   ;         ;
; avs_address[5]      ;                   ;         ;
; avs_address[7]      ;                   ;         ;
; avs_address[0]      ;                   ;         ;
; avs_address[1]      ;                   ;         ;
; avs_write           ;                   ;         ;
; avs_writedata[2]    ;                   ;         ;
; avs_writedata[1]    ;                   ;         ;
; avs_writedata[0]    ;                   ;         ;
; avs_writedata[22]   ;                   ;         ;
; avs_writedata[24]   ;                   ;         ;
; avs_writedata[12]   ;                   ;         ;
; avs_writedata[26]   ;                   ;         ;
; avs_writedata[4]    ;                   ;         ;
; avs_writedata[6]    ;                   ;         ;
; avs_writedata[11]   ;                   ;         ;
; avs_writedata[3]    ;                   ;         ;
; avs_writedata[9]    ;                   ;         ;
; avs_writedata[5]    ;                   ;         ;
; avs_writedata[17]   ;                   ;         ;
; avs_writedata[20]   ;                   ;         ;
; avs_writedata[27]   ;                   ;         ;
; avs_writedata[18]   ;                   ;         ;
; avs_writedata[29]   ;                   ;         ;
; avs_writedata[10]   ;                   ;         ;
; avs_writedata[15]   ;                   ;         ;
; avs_writedata[28]   ;                   ;         ;
; avs_writedata[30]   ;                   ;         ;
; avs_writedata[16]   ;                   ;         ;
; avs_writedata[31]   ;                   ;         ;
; avs_writedata[8]    ;                   ;         ;
; avs_writedata[14]   ;                   ;         ;
; avs_writedata[21]   ;                   ;         ;
; avs_writedata[23]   ;                   ;         ;
; avs_writedata[19]   ;                   ;         ;
; avs_writedata[25]   ;                   ;         ;
; avs_writedata[7]    ;                   ;         ;
; avs_writedata[13]   ;                   ;         ;
; avs_byteenable[0]   ;                   ;         ;
; avs_byteenable[2]   ;                   ;         ;
; avs_byteenable[1]   ;                   ;         ;
; avs_byteenable[3]   ;                   ;         ;
; clk                 ;                   ;         ;
; reset_n             ;                   ;         ;
+---------------------+-------------------+---------+


+---------------------------------------------------------------------------------------------------------------------------------------------------------------------------------------------------------------------------------------------------------------------------------------+
; Control Signals                                                                                                                                                                                                                                                                       ;
+-----------------------------------------------------------------------------------------------------------------------------------------------------+------------+---------+---------------------------+--------+----------------------+------------------+---------------------------+
; Name                                                                                                                                                ; Location   ; Fan-Out ; Usage                     ; Global ; Global Resource Used ; Global Line Name ; Enable Signal Source Name ;
+-----------------------------------------------------------------------------------------------------------------------------------------------------+------------+---------+---------------------------+--------+----------------------+------------------+---------------------------+
; clk                                                                                                                                                 ; PIN_Y24    ; 67887   ; Clock                     ; yes    ; Global Clock         ; Not Available    ; --                        ;
; reset_n                                                                                                                                             ; PIN_W24    ; 3914    ; Async. clear              ; yes    ; Global Clock         ; Not Available    ; --                        ;
; tinysign_core:u_core|Equal5~0                                                                                                                       ; Unassigned ; 276     ; Sync. clear               ; no     ; --                   ; --               ; --                        ;
; tinysign_core:u_core|digest_reg[0]~2                                                                                                                ; Unassigned ; 31      ; Clock enable              ; no     ; --                   ; --               ; --                        ;
; tinysign_core:u_core|digest_reg[128]~6                                                                                                              ; Unassigned ; 31      ; Clock enable              ; no     ; --                   ; --               ; --                        ;
; tinysign_core:u_core|digest_reg[160]~7                                                                                                              ; Unassigned ; 31      ; Clock enable              ; no     ; --                   ; --               ; --                        ;
; tinysign_core:u_core|digest_reg[192]~8                                                                                                              ; Unassigned ; 31      ; Clock enable              ; no     ; --                   ; --               ; --                        ;
; tinysign_core:u_core|digest_reg[224]~11                                                                                                             ; Unassigned ; 31      ; Clock enable              ; no     ; --                   ; --               ; --                        ;
; tinysign_core:u_core|digest_reg[31]~1                                                                                                               ; Unassigned ; 15      ; Clock enable              ; no     ; --                   ; --               ; --                        ;
; tinysign_core:u_core|digest_reg[32]~3                                                                                                               ; Unassigned ; 31      ; Clock enable              ; no     ; --                   ; --               ; --                        ;
; tinysign_core:u_core|digest_reg[64]~4                                                                                                               ; Unassigned ; 31      ; Clock enable              ; no     ; --                   ; --               ; --                        ;
; tinysign_core:u_core|digest_reg[96]~5                                                                                                               ; Unassigned ; 31      ; Clock enable              ; no     ; --                   ; --               ; --                        ;
; tinysign_core:u_core|ecdsa_signer:u_signer|LessThan1~78                                                                                             ; Unassigned ; 256     ; Sync. load                ; no     ; --                   ; --               ; --                        ;
; tinysign_core:u_core|ecdsa_signer:u_signer|LessThan2~62                                                                                             ; Unassigned ; 258     ; Sync. load                ; no     ; --                   ; --               ; --                        ;
; tinysign_core:u_core|ecdsa_signer:u_signer|Selector1807~2                                                                                           ; Unassigned ; 513     ; Clock enable              ; no     ; --                   ; --               ; --                        ;
; tinysign_core:u_core|ecdsa_signer:u_signer|Selector770~0                                                                                            ; Unassigned ; 261     ; Sync. clear               ; no     ; --                   ; --               ; --                        ;
; tinysign_core:u_core|ecdsa_signer:u_signer|Selector770~1                                                                                            ; Unassigned ; 259     ; Clock enable              ; no     ; --                   ; --               ; --                        ;
; tinysign_core:u_core|ecdsa_signer:u_signer|add_start~0                                                                                              ; Unassigned ; 513     ; Clock enable              ; no     ; --                   ; --               ; --                        ;
; tinysign_core:u_core|ecdsa_signer:u_signer|core_rst_n~0                                                                                             ; Unassigned ; 47845   ; Async. clear              ; yes    ; Global Clock         ; Not Available    ; --                        ;
; tinysign_core:u_core|ecdsa_signer:u_signer|d_reg[167]~4                                                                                             ; Unassigned ; 256     ; Clock enable              ; no     ; --                   ; --               ; --                        ;
; tinysign_core:u_core|ecdsa_signer:u_signer|inv_a[81]~1                                                                                              ; Unassigned ; 257     ; Clock enable              ; no     ; --                   ; --               ; --                        ;
; tinysign_core:u_core|ecdsa_signer:u_signer|k_reg[79]~0                                                                                              ; Unassigned ; 256     ; Clock enable              ; no     ; --                   ; --               ; --                        ;
; tinysign_core:u_core|ecdsa_signer:u_signer|kinv_reg[255]~0                                                                                          ; Unassigned ; 256     ; Clock enable              ; no     ; --                   ; --               ; --                        ;
; tinysign_core:u_core|ecdsa_signer:u_signer|mod_add:u_add|LessThan3~106                                                                              ; Unassigned ; 256     ; Sync. load                ; no     ; --                   ; --               ; --                        ;
; tinysign_core:u_core|ecdsa_signer:u_signer|mod_add:u_add|b_reg[255]~0                                                                               ; Unassigned ; 514     ; Clock enable              ; no     ; --                   ; --               ; --                        ;
; tinysign_core:u_core|ecdsa_signer:u_signer|mod_add:u_add|state                                                                                      ; Unassigned ; 259     ; Clock enable              ; no     ; --                   ; --               ; --                        ;
; tinysign_core:u_core|ecdsa_signer:u_signer|mod_inv:u_inverse|base_reg[7]~1                                                                          ; Unassigned ; 777     ; Clock enable              ; no     ; --                   ; --               ; --                        ;
; tinysign_core:u_core|ecdsa_signer:u_signer|mod_inv:u_inverse|mod_mul:u_product|Selector778~2                                                        ; Unassigned ; 259     ; Clock enable              ; no     ; --                   ; --               ; --                        ;
; tinysign_core:u_core|ecdsa_signer:u_signer|mod_inv:u_inverse|mod_mul:u_product|b_mont[160]~0                                                        ; Unassigned ; 255     ; Clock enable              ; no     ; --                   ; --               ; --                        ;
; tinysign_core:u_core|ecdsa_signer:u_signer|mod_inv:u_inverse|mod_mul:u_product|montgomery_mul:u_montgomery|LessThan0~143                            ; Unassigned ; 256     ; Sync. load                ; no     ; --                   ; --               ; --                        ;
; tinysign_core:u_core|ecdsa_signer:u_signer|mod_inv:u_inverse|mod_mul:u_product|montgomery_mul:u_montgomery|state.ST_IDLE                            ; Unassigned ; 783     ; Sync. clear               ; no     ; --                   ; --               ; --                        ;
; tinysign_core:u_core|ecdsa_signer:u_signer|mod_inv:u_inverse|mod_mul:u_product|montgomery_mul:u_montgomery|state.ST_REDUCE                          ; Unassigned ; 258     ; Clock enable              ; no     ; --                   ; --               ; --                        ;
; tinysign_core:u_core|ecdsa_signer:u_signer|mod_inv:u_inverse|mod_mul:u_product|result[255]~0                                                        ; Unassigned ; 256     ; Clock enable              ; no     ; --                   ; --               ; --                        ;
; tinysign_core:u_core|ecdsa_signer:u_signer|mod_inv:u_inverse|mod_mul:u_product|round_count[7]~0                                                     ; Unassigned ; 8       ; Clock enable              ; no     ; --                   ; --               ; --                        ;
; tinysign_core:u_core|ecdsa_signer:u_signer|mod_inv:u_inverse|mod_mul:u_product|state.ST_CONVERT                                                     ; Unassigned ; 267     ; Sync. clear               ; no     ; --                   ; --               ; --                        ;
; tinysign_core:u_core|ecdsa_signer:u_signer|mod_inv:u_inverse|mod_mul:u_product|state.ST_WAIT                                                        ; Unassigned ; 523     ; Sync. clear               ; no     ; --                   ; --               ; --                        ;
; tinysign_core:u_core|ecdsa_signer:u_signer|mod_inv:u_inverse|mod_mul:u_square|a_reg[171]~1                                                          ; Unassigned ; 260     ; Clock enable              ; no     ; --                   ; --               ; --                        ;
; tinysign_core:u_core|ecdsa_signer:u_signer|mod_inv:u_inverse|mod_mul:u_square|b_mont[77]~0                                                          ; Unassigned ; 255     ; Clock enable              ; no     ; --                   ; --               ; --                        ;
; tinysign_core:u_core|ecdsa_signer:u_signer|mod_inv:u_inverse|mod_mul:u_square|montgomery_mul:u_montgomery|LessThan0~147                             ; Unassigned ; 256     ; Sync. load                ; no     ; --                   ; --               ; --                        ;
; tinysign_core:u_core|ecdsa_signer:u_signer|mod_inv:u_inverse|mod_mul:u_square|montgomery_mul:u_montgomery|state.ST_IDLE                             ; Unassigned ; 262     ; Sync. clear               ; no     ; --                   ; --               ; --                        ;
; tinysign_core:u_core|ecdsa_signer:u_signer|mod_inv:u_inverse|mod_mul:u_square|montgomery_mul:u_montgomery|state.ST_REDUCE                           ; Unassigned ; 258     ; Clock enable              ; no     ; --                   ; --               ; --                        ;
; tinysign_core:u_core|ecdsa_signer:u_signer|mod_inv:u_inverse|mod_mul:u_square|result[255]~0                                                         ; Unassigned ; 256     ; Clock enable              ; no     ; --                   ; --               ; --                        ;
; tinysign_core:u_core|ecdsa_signer:u_signer|mod_inv:u_inverse|mod_mul:u_square|round_count[0]~0                                                      ; Unassigned ; 8       ; Clock enable              ; no     ; --                   ; --               ; --                        ;
; tinysign_core:u_core|ecdsa_signer:u_signer|mod_inv:u_inverse|mod_mul:u_square|state.ST_CONVERT                                                      ; Unassigned ; 267     ; Sync. clear               ; no     ; --                   ; --               ; --                        ;
; tinysign_core:u_core|ecdsa_signer:u_signer|mod_inv:u_inverse|mod_mul:u_square|state.ST_WAIT                                                         ; Unassigned ; 523     ; Sync. clear               ; no     ; --                   ; --               ; --                        ;
; tinysign_core:u_core|ecdsa_signer:u_signer|mod_inv:u_inverse|modulus_reg[101]~0                                                                     ; Unassigned ; 3       ; Clock enable              ; no     ; --                   ; --               ; --                        ;
; tinysign_core:u_core|ecdsa_signer:u_signer|mod_inv:u_inverse|result[255]~1                                                                          ; Unassigned ; 256     ; Clock enable              ; no     ; --                   ; --               ; --                        ;
; tinysign_core:u_core|ecdsa_signer:u_signer|mod_inv:u_inverse|state.ST_WAIT                                                                          ; Unassigned ; 782     ; Sync. clear, Sync. load   ; no     ; --                   ; --               ; --                        ;
; tinysign_core:u_core|ecdsa_signer:u_signer|mod_mul:u_multiply|a_reg[171]~2                                                                          ; Unassigned ; 259     ; Clock enable              ; no     ; --                   ; --               ; --                        ;
; tinysign_core:u_core|ecdsa_signer:u_signer|mod_mul:u_multiply|b_mont[179]~0                                                                         ; Unassigned ; 255     ; Clock enable              ; no     ; --                   ; --               ; --                        ;
; tinysign_core:u_core|ecdsa_signer:u_signer|mod_mul:u_multiply|done~0                                                                                ; Unassigned ; 257     ; Clock enable              ; no     ; --                   ; --               ; --                        ;
; tinysign_core:u_core|ecdsa_signer:u_signer|mod_mul:u_multiply|error                                                                                 ; Unassigned ; 14      ; Sync. load                ; no     ; --                   ; --               ; --                        ;
; tinysign_core:u_core|ecdsa_signer:u_signer|mod_mul:u_multiply|montgomery_mul:u_montgomery|LessThan0~145                                             ; Unassigned ; 256     ; Sync. load                ; no     ; --                   ; --               ; --                        ;
; tinysign_core:u_core|ecdsa_signer:u_signer|mod_mul:u_multiply|montgomery_mul:u_montgomery|state.ST_IDLE                                             ; Unassigned ; 262     ; Sync. clear               ; no     ; --                   ; --               ; --                        ;
; tinysign_core:u_core|ecdsa_signer:u_signer|mod_mul:u_multiply|montgomery_mul:u_montgomery|state.ST_REDUCE                                           ; Unassigned ; 258     ; Clock enable              ; no     ; --                   ; --               ; --                        ;
; tinysign_core:u_core|ecdsa_signer:u_signer|mod_mul:u_multiply|round_count[7]~0                                                                      ; Unassigned ; 8       ; Clock enable              ; no     ; --                   ; --               ; --                        ;
; tinysign_core:u_core|ecdsa_signer:u_signer|mod_mul:u_multiply|state.ST_CONVERT                                                                      ; Unassigned ; 268     ; Sync. clear               ; no     ; --                   ; --               ; --                        ;
; tinysign_core:u_core|ecdsa_signer:u_signer|mod_mul:u_multiply|state.ST_WAIT                                                                         ; Unassigned ; 522     ; Sync. clear               ; no     ; --                   ; --               ; --                        ;
; tinysign_core:u_core|ecdsa_signer:u_signer|r_reg[255]~0                                                                                             ; Unassigned ; 256     ; Clock enable              ; no     ; --                   ; --               ; --                        ;
; tinysign_core:u_core|ecdsa_signer:u_signer|rfc6979:u_nonce|LessThan1~78                                                                             ; Unassigned ; 256     ; Sync. load                ; no     ; --                   ; --               ; --                        ;
; tinysign_core:u_core|ecdsa_signer:u_signer|rfc6979:u_nonce|Selector524~0                                                                            ; Unassigned ; 515     ; Clock enable              ; no     ; --                   ; --               ; --                        ;
; tinysign_core:u_core|ecdsa_signer:u_signer|rfc6979:u_nonce|WideOr0~1                                                                                ; Unassigned ; 1029    ; Clock enable              ; no     ; --                   ; --               ; --                        ;
; tinysign_core:u_core|ecdsa_signer:u_signer|rfc6979:u_nonce|hmac_sha256:u_hmac|Selector1537~0                                                        ; Unassigned ; 253     ; Sync. clear               ; no     ; --                   ; --               ; --                        ;
; tinysign_core:u_core|ecdsa_signer:u_signer|rfc6979:u_nonce|hmac_sha256:u_hmac|digest[255]~0                                                         ; Unassigned ; 257     ; Clock enable              ; no     ; --                   ; --               ; --                        ;
; tinysign_core:u_core|ecdsa_signer:u_signer|rfc6979:u_nonce|hmac_sha256:u_hmac|error                                                                 ; Unassigned ; 12      ; Sync. load                ; no     ; --                   ; --               ; --                        ;
; tinysign_core:u_core|ecdsa_signer:u_signer|rfc6979:u_nonce|hmac_sha256:u_hmac|hash_length[0]~1                                                      ; Unassigned ; 1031    ; Clock enable              ; no     ; --                   ; --               ; --                        ;
; tinysign_core:u_core|ecdsa_signer:u_signer|rfc6979:u_nonce|hmac_sha256:u_hmac|hash_message[1017]~1                                                  ; Unassigned ; 8       ; Sync. clear               ; no     ; --                   ; --               ; --                        ;
; tinysign_core:u_core|ecdsa_signer:u_signer|rfc6979:u_nonce|hmac_sha256:u_hmac|hash_message[248]~4                                                   ; Unassigned ; 8       ; Sync. clear               ; no     ; --                   ; --               ; --                        ;
; tinysign_core:u_core|ecdsa_signer:u_signer|rfc6979:u_nonce|hmac_sha256:u_hmac|hash_message[342]~5                                                   ; Unassigned ; 248     ; Sync. clear               ; no     ; --                   ; --               ; --                        ;
; tinysign_core:u_core|ecdsa_signer:u_signer|rfc6979:u_nonce|hmac_sha256:u_hmac|hash_message[510]~6                                                   ; Unassigned ; 8       ; Sync. clear               ; no     ; --                   ; --               ; --                        ;
; tinysign_core:u_core|ecdsa_signer:u_signer|rfc6979:u_nonce|hmac_sha256:u_hmac|hash_message[908]~0                                                   ; Unassigned ; 249     ; Sync. clear               ; no     ; --                   ; --               ; --                        ;
; tinysign_core:u_core|ecdsa_signer:u_signer|rfc6979:u_nonce|hmac_sha256:u_hmac|key_reg[255]~0                                                        ; Unassigned ; 259     ; Clock enable              ; no     ; --                   ; --               ; --                        ;
; tinysign_core:u_core|ecdsa_signer:u_signer|rfc6979:u_nonce|hmac_sha256:u_hmac|sha256_hash:u_hash|block_count[0]~0                                   ; Unassigned ; 1037    ; Clock enable              ; no     ; --                   ; --               ; --                        ;
; tinysign_core:u_core|ecdsa_signer:u_signer|rfc6979:u_nonce|hmac_sha256:u_hmac|sha256_hash:u_hash|digest[255]~0                                      ; Unassigned ; 256     ; Clock enable              ; no     ; --                   ; --               ; --                        ;
; tinysign_core:u_core|ecdsa_signer:u_signer|rfc6979:u_nonce|hmac_sha256:u_hmac|sha256_hash:u_hash|hash_state[155]~0                                  ; Unassigned ; 256     ; Clock enable              ; no     ; --                   ; --               ; --                        ;
; tinysign_core:u_core|ecdsa_signer:u_signer|rfc6979:u_nonce|hmac_sha256:u_hmac|sha256_hash:u_hash|sha256_compress:u_compress|LessThan1~0             ; Unassigned ; 1576    ; Sync. load                ; no     ; --                   ; --               ; --                        ;
; tinysign_core:u_core|ecdsa_signer:u_signer|rfc6979:u_nonce|hmac_sha256:u_hmac|sha256_hash:u_hash|sha256_compress:u_compress|done~0                  ; Unassigned ; 257     ; Clock enable              ; no     ; --                   ; --               ; --                        ;
; tinysign_core:u_core|ecdsa_signer:u_signer|rfc6979:u_nonce|hmac_sha256:u_hmac|sha256_hash:u_hash|sha256_compress:u_compress|f[17]~0                 ; Unassigned ; 256     ; Clock enable              ; no     ; --                   ; --               ; --                        ;
; tinysign_core:u_core|ecdsa_signer:u_signer|rfc6979:u_nonce|hmac_sha256:u_hmac|sha256_hash:u_hash|sha256_compress:u_compress|h0[31]~0                ; Unassigned ; 768     ; Clock enable              ; no     ; --                   ; --               ; --                        ;
; tinysign_core:u_core|ecdsa_signer:u_signer|rfc6979:u_nonce|hmac_sha256:u_hmac|sha256_hash:u_hash|sha256_compress:u_compress|state                   ; Unassigned ; 352     ; Sync. load                ; no     ; --                   ; --               ; --                        ;
; tinysign_core:u_core|ecdsa_signer:u_signer|rfc6979:u_nonce|hmac_sha256:u_hmac|sha256_hash:u_hash|sha256_compress:u_compress|w[0][2]~5               ; Unassigned ; 217     ; Sync. clear               ; no     ; --                   ; --               ; --                        ;
; tinysign_core:u_core|ecdsa_signer:u_signer|rfc6979:u_nonce|hmac_sha256:u_hmac|sha256_hash:u_hash|sha256_compress:u_compress|w[14][0]~22             ; Unassigned ; 46      ; Sync. clear               ; no     ; --                   ; --               ; --                        ;
; tinysign_core:u_core|ecdsa_signer:u_signer|rfc6979:u_nonce|hmac_sha256:u_hmac|sha256_hash:u_hash|sha256_compress:u_compress|w[16][18]~540           ; Unassigned ; 32      ; Clock enable              ; no     ; --                   ; --               ; --                        ;
; tinysign_core:u_core|ecdsa_signer:u_signer|rfc6979:u_nonce|hmac_sha256:u_hmac|sha256_hash:u_hash|sha256_compress:u_compress|w[17][18]~541           ; Unassigned ; 32      ; Clock enable              ; no     ; --                   ; --               ; --                        ;
; tinysign_core:u_core|ecdsa_signer:u_signer|rfc6979:u_nonce|hmac_sha256:u_hmac|sha256_hash:u_hash|sha256_compress:u_compress|w[18][18]~542           ; Unassigned ; 32      ; Clock enable              ; no     ; --                   ; --               ; --                        ;
; tinysign_core:u_core|ecdsa_signer:u_signer|rfc6979:u_nonce|hmac_sha256:u_hmac|sha256_hash:u_hash|sha256_compress:u_compress|w[19][18]~531           ; Unassigned ; 32      ; Clock enable              ; no     ; --                   ; --               ; --                        ;
; tinysign_core:u_core|ecdsa_signer:u_signer|rfc6979:u_nonce|hmac_sha256:u_hmac|sha256_hash:u_hash|sha256_compress:u_compress|w[20][18]~543           ; Unassigned ; 32      ; Clock enable              ; no     ; --                   ; --               ; --                        ;
; tinysign_core:u_core|ecdsa_signer:u_signer|rfc6979:u_nonce|hmac_sha256:u_hmac|sha256_hash:u_hash|sha256_compress:u_compress|w[21][18]~544           ; Unassigned ; 32      ; Clock enable              ; no     ; --                   ; --               ; --                        ;
; tinysign_core:u_core|ecdsa_signer:u_signer|rfc6979:u_nonce|hmac_sha256:u_hmac|sha256_hash:u_hash|sha256_compress:u_compress|w[22][18]~545           ; Unassigned ; 32      ; Clock enable              ; no     ; --                   ; --               ; --                        ;
; tinysign_core:u_core|ecdsa_signer:u_signer|rfc6979:u_nonce|hmac_sha256:u_hmac|sha256_hash:u_hash|sha256_compress:u_compress|w[23][18]~530           ; Unassigned ; 32      ; Clock enable              ; no     ; --                   ; --               ; --                        ;
; tinysign_core:u_core|ecdsa_signer:u_signer|rfc6979:u_nonce|hmac_sha256:u_hmac|sha256_hash:u_hash|sha256_compress:u_compress|w[24][18]~546           ; Unassigned ; 32      ; Clock enable              ; no     ; --                   ; --               ; --                        ;
; tinysign_core:u_core|ecdsa_signer:u_signer|rfc6979:u_nonce|hmac_sha256:u_hmac|sha256_hash:u_hash|sha256_compress:u_compress|w[25][18]~547           ; Unassigned ; 32      ; Clock enable              ; no     ; --                   ; --               ; --                        ;
; tinysign_core:u_core|ecdsa_signer:u_signer|rfc6979:u_nonce|hmac_sha256:u_hmac|sha256_hash:u_hash|sha256_compress:u_compress|w[26][18]~548           ; Unassigned ; 32      ; Clock enable              ; no     ; --                   ; --               ; --                        ;
; tinysign_core:u_core|ecdsa_signer:u_signer|rfc6979:u_nonce|hmac_sha256:u_hmac|sha256_hash:u_hash|sha256_compress:u_compress|w[27][18]~529           ; Unassigned ; 32      ; Clock enable              ; no     ; --                   ; --               ; --                        ;
; tinysign_core:u_core|ecdsa_signer:u_signer|rfc6979:u_nonce|hmac_sha256:u_hmac|sha256_hash:u_hash|sha256_compress:u_compress|w[28][18]~549           ; Unassigned ; 32      ; Clock enable              ; no     ; --                   ; --               ; --                        ;
; tinysign_core:u_core|ecdsa_signer:u_signer|rfc6979:u_nonce|hmac_sha256:u_hmac|sha256_hash:u_hash|sha256_compress:u_compress|w[29][18]~550           ; Unassigned ; 32      ; Clock enable              ; no     ; --                   ; --               ; --                        ;
; tinysign_core:u_core|ecdsa_signer:u_signer|rfc6979:u_nonce|hmac_sha256:u_hmac|sha256_hash:u_hash|sha256_compress:u_compress|w[30][18]~551           ; Unassigned ; 32      ; Clock enable              ; no     ; --                   ; --               ; --                        ;
; tinysign_core:u_core|ecdsa_signer:u_signer|rfc6979:u_nonce|hmac_sha256:u_hmac|sha256_hash:u_hash|sha256_compress:u_compress|w[31][18]~528           ; Unassigned ; 32      ; Clock enable              ; no     ; --                   ; --               ; --                        ;
; tinysign_core:u_core|ecdsa_signer:u_signer|rfc6979:u_nonce|hmac_sha256:u_hmac|sha256_hash:u_hash|sha256_compress:u_compress|w[32][18]~552           ; Unassigned ; 32      ; Clock enable              ; no     ; --                   ; --               ; --                        ;
; tinysign_core:u_core|ecdsa_signer:u_signer|rfc6979:u_nonce|hmac_sha256:u_hmac|sha256_hash:u_hash|sha256_compress:u_compress|w[33][18]~553           ; Unassigned ; 32      ; Clock enable              ; no     ; --                   ; --               ; --                        ;
; tinysign_core:u_core|ecdsa_signer:u_signer|rfc6979:u_nonce|hmac_sha256:u_hmac|sha256_hash:u_hash|sha256_compress:u_compress|w[34][18]~554           ; Unassigned ; 32      ; Clock enable              ; no     ; --                   ; --               ; --                        ;
; tinysign_core:u_core|ecdsa_signer:u_signer|rfc6979:u_nonce|hmac_sha256:u_hmac|sha256_hash:u_hash|sha256_compress:u_compress|w[35][18]~527           ; Unassigned ; 32      ; Clock enable              ; no     ; --                   ; --               ; --                        ;
; tinysign_core:u_core|ecdsa_signer:u_signer|rfc6979:u_nonce|hmac_sha256:u_hmac|sha256_hash:u_hash|sha256_compress:u_compress|w[36][18]~555           ; Unassigned ; 32      ; Clock enable              ; no     ; --                   ; --               ; --                        ;
; tinysign_core:u_core|ecdsa_signer:u_signer|rfc6979:u_nonce|hmac_sha256:u_hmac|sha256_hash:u_hash|sha256_compress:u_compress|w[37][18]~556           ; Unassigned ; 32      ; Clock enable              ; no     ; --                   ; --               ; --                        ;
; tinysign_core:u_core|ecdsa_signer:u_signer|rfc6979:u_nonce|hmac_sha256:u_hmac|sha256_hash:u_hash|sha256_compress:u_compress|w[38][18]~557           ; Unassigned ; 32      ; Clock enable              ; no     ; --                   ; --               ; --                        ;
; tinysign_core:u_core|ecdsa_signer:u_signer|rfc6979:u_nonce|hmac_sha256:u_hmac|sha256_hash:u_hash|sha256_compress:u_compress|w[39][18]~526           ; Unassigned ; 32      ; Clock enable              ; no     ; --                   ; --               ; --                        ;
; tinysign_core:u_core|ecdsa_signer:u_signer|rfc6979:u_nonce|hmac_sha256:u_hmac|sha256_hash:u_hash|sha256_compress:u_compress|w[40][18]~558           ; Unassigned ; 32      ; Clock enable              ; no     ; --                   ; --               ; --                        ;
; tinysign_core:u_core|ecdsa_signer:u_signer|rfc6979:u_nonce|hmac_sha256:u_hmac|sha256_hash:u_hash|sha256_compress:u_compress|w[41][18]~559           ; Unassigned ; 32      ; Clock enable              ; no     ; --                   ; --               ; --                        ;
; tinysign_core:u_core|ecdsa_signer:u_signer|rfc6979:u_nonce|hmac_sha256:u_hmac|sha256_hash:u_hash|sha256_compress:u_compress|w[42][18]~560           ; Unassigned ; 32      ; Clock enable              ; no     ; --                   ; --               ; --                        ;
; tinysign_core:u_core|ecdsa_signer:u_signer|rfc6979:u_nonce|hmac_sha256:u_hmac|sha256_hash:u_hash|sha256_compress:u_compress|w[43][18]~525           ; Unassigned ; 32      ; Clock enable              ; no     ; --                   ; --               ; --                        ;
; tinysign_core:u_core|ecdsa_signer:u_signer|rfc6979:u_nonce|hmac_sha256:u_hmac|sha256_hash:u_hash|sha256_compress:u_compress|w[44][18]~561           ; Unassigned ; 32      ; Clock enable              ; no     ; --                   ; --               ; --                        ;
; tinysign_core:u_core|ecdsa_signer:u_signer|rfc6979:u_nonce|hmac_sha256:u_hmac|sha256_hash:u_hash|sha256_compress:u_compress|w[45][18]~562           ; Unassigned ; 32      ; Clock enable              ; no     ; --                   ; --               ; --                        ;
; tinysign_core:u_core|ecdsa_signer:u_signer|rfc6979:u_nonce|hmac_sha256:u_hmac|sha256_hash:u_hash|sha256_compress:u_compress|w[46][18]~563           ; Unassigned ; 32      ; Clock enable              ; no     ; --                   ; --               ; --                        ;
; tinysign_core:u_core|ecdsa_signer:u_signer|rfc6979:u_nonce|hmac_sha256:u_hmac|sha256_hash:u_hash|sha256_compress:u_compress|w[47][18]~524           ; Unassigned ; 32      ; Clock enable              ; no     ; --                   ; --               ; --                        ;
; tinysign_core:u_core|ecdsa_signer:u_signer|rfc6979:u_nonce|hmac_sha256:u_hmac|sha256_hash:u_hash|sha256_compress:u_compress|w[48][18]~534           ; Unassigned ; 32      ; Clock enable              ; no     ; --                   ; --               ; --                        ;
; tinysign_core:u_core|ecdsa_signer:u_signer|rfc6979:u_nonce|hmac_sha256:u_hmac|sha256_hash:u_hash|sha256_compress:u_compress|w[49][18]~535           ; Unassigned ; 32      ; Clock enable              ; no     ; --                   ; --               ; --                        ;
; tinysign_core:u_core|ecdsa_signer:u_signer|rfc6979:u_nonce|hmac_sha256:u_hmac|sha256_hash:u_hash|sha256_compress:u_compress|w[50][18]~536           ; Unassigned ; 32      ; Clock enable              ; no     ; --                   ; --               ; --                        ;
; tinysign_core:u_core|ecdsa_signer:u_signer|rfc6979:u_nonce|hmac_sha256:u_hmac|sha256_hash:u_hash|sha256_compress:u_compress|w[51][18]~533           ; Unassigned ; 32      ; Clock enable              ; no     ; --                   ; --               ; --                        ;
; tinysign_core:u_core|ecdsa_signer:u_signer|rfc6979:u_nonce|hmac_sha256:u_hmac|sha256_hash:u_hash|sha256_compress:u_compress|w[52][18]~537           ; Unassigned ; 32      ; Clock enable              ; no     ; --                   ; --               ; --                        ;
; tinysign_core:u_core|ecdsa_signer:u_signer|rfc6979:u_nonce|hmac_sha256:u_hmac|sha256_hash:u_hash|sha256_compress:u_compress|w[53][18]~538           ; Unassigned ; 32      ; Clock enable              ; no     ; --                   ; --               ; --                        ;
; tinysign_core:u_core|ecdsa_signer:u_signer|rfc6979:u_nonce|hmac_sha256:u_hmac|sha256_hash:u_hash|sha256_compress:u_compress|w[54][18]~539           ; Unassigned ; 32      ; Clock enable              ; no     ; --                   ; --               ; --                        ;
; tinysign_core:u_core|ecdsa_signer:u_signer|rfc6979:u_nonce|hmac_sha256:u_hmac|sha256_hash:u_hash|sha256_compress:u_compress|w[55][31]~516           ; Unassigned ; 32      ; Clock enable              ; no     ; --                   ; --               ; --                        ;
; tinysign_core:u_core|ecdsa_signer:u_signer|rfc6979:u_nonce|hmac_sha256:u_hmac|sha256_hash:u_hash|sha256_compress:u_compress|w[56][31]~517           ; Unassigned ; 32      ; Clock enable              ; no     ; --                   ; --               ; --                        ;
; tinysign_core:u_core|ecdsa_signer:u_signer|rfc6979:u_nonce|hmac_sha256:u_hmac|sha256_hash:u_hash|sha256_compress:u_compress|w[57][31]~518           ; Unassigned ; 32      ; Clock enable              ; no     ; --                   ; --               ; --                        ;
; tinysign_core:u_core|ecdsa_signer:u_signer|rfc6979:u_nonce|hmac_sha256:u_hmac|sha256_hash:u_hash|sha256_compress:u_compress|w[58][31]~520           ; Unassigned ; 32      ; Clock enable              ; no     ; --                   ; --               ; --                        ;
; tinysign_core:u_core|ecdsa_signer:u_signer|rfc6979:u_nonce|hmac_sha256:u_hmac|sha256_hash:u_hash|sha256_compress:u_compress|w[59][31]~519           ; Unassigned ; 32      ; Clock enable              ; no     ; --                   ; --               ; --                        ;
; tinysign_core:u_core|ecdsa_signer:u_signer|rfc6979:u_nonce|hmac_sha256:u_hmac|sha256_hash:u_hash|sha256_compress:u_compress|w[60][31]~521           ; Unassigned ; 32      ; Clock enable              ; no     ; --                   ; --               ; --                        ;
; tinysign_core:u_core|ecdsa_signer:u_signer|rfc6979:u_nonce|hmac_sha256:u_hmac|sha256_hash:u_hash|sha256_compress:u_compress|w[61][31]~522           ; Unassigned ; 32      ; Clock enable              ; no     ; --                   ; --               ; --                        ;
; tinysign_core:u_core|ecdsa_signer:u_signer|rfc6979:u_nonce|hmac_sha256:u_hmac|sha256_hash:u_hash|sha256_compress:u_compress|w[62][31]~523           ; Unassigned ; 32      ; Clock enable              ; no     ; --                   ; --               ; --                        ;
; tinysign_core:u_core|ecdsa_signer:u_signer|rfc6979:u_nonce|hmac_sha256:u_hmac|sha256_hash:u_hash|sha256_compress:u_compress|w[63][18]~532           ; Unassigned ; 32      ; Clock enable              ; no     ; --                   ; --               ; --                        ;
; tinysign_core:u_core|ecdsa_signer:u_signer|rfc6979:u_nonce|hmac_sha256:u_hmac|sha256_hash:u_hash|sha256_compress:u_compress|w[8][12]~13             ; Unassigned ; 161     ; Sync. clear               ; no     ; --                   ; --               ; --                        ;
; tinysign_core:u_core|ecdsa_signer:u_signer|rfc6979:u_nonce|hmac_sha256:u_hmac|sha256_hash:u_hash|state.ST_IDLE                                      ; Unassigned ; 3       ; Sync. clear               ; no     ; --                   ; --               ; --                        ;
; tinysign_core:u_core|ecdsa_signer:u_signer|rfc6979:u_nonce|hmac_sha256:u_hmac|sha256_hash:u_hash|state.ST_WAIT                                      ; Unassigned ; 265     ; Sync. clear               ; no     ; --                   ; --               ; --                        ;
; tinysign_core:u_core|ecdsa_signer:u_signer|rfc6979:u_nonce|hmac_sha256:u_hmac|state.ST_INNER_WAIT                                                   ; Unassigned ; 522     ; Sync. load                ; no     ; --                   ; --               ; --                        ;
; tinysign_core:u_core|ecdsa_signer:u_signer|rfc6979:u_nonce|k_reg[105]~0                                                                             ; Unassigned ; 256     ; Clock enable              ; no     ; --                   ; --               ; --                        ;
; tinysign_core:u_core|ecdsa_signer:u_signer|rfc6979:u_nonce|nonce[255]~1                                                                             ; Unassigned ; 256     ; Clock enable              ; no     ; --                   ; --               ; --                        ;
; tinysign_core:u_core|ecdsa_signer:u_signer|rfc6979:u_nonce|state.ST_CAND_WAIT                                                                       ; Unassigned ; 6       ; Sync. clear               ; no     ; --                   ; --               ; --                        ;
; tinysign_core:u_core|ecdsa_signer:u_signer|rfc6979:u_nonce|state.ST_IDLE                                                                            ; Unassigned ; 517     ; Sync. clear               ; no     ; --                   ; --               ; --                        ;
; tinysign_core:u_core|ecdsa_signer:u_signer|rfc6979:u_nonce|v_reg[9]~0                                                                               ; Unassigned ; 256     ; Clock enable              ; no     ; --                   ; --               ; --                        ;
; tinysign_core:u_core|ecdsa_signer:u_signer|s[179]~0                                                                                                 ; Unassigned ; 512     ; Sync. clear               ; no     ; --                   ; --               ; --                        ;
; tinysign_core:u_core|ecdsa_signer:u_signer|s[179]~5                                                                                                 ; Unassigned ; 512     ; Clock enable              ; no     ; --                   ; --               ; --                        ;
; tinysign_core:u_core|ecdsa_signer:u_signer|scalar_mult:u_scalar|Mux0~84                                                                             ; Unassigned ; 2049    ; Sync. load                ; no     ; --                   ; --               ; --                        ;
; tinysign_core:u_core|ecdsa_signer:u_signer|scalar_mult:u_scalar|bit_index[8]~0                                                                      ; Unassigned ; 9       ; Clock enable              ; no     ; --                   ; --               ; --                        ;
; tinysign_core:u_core|ecdsa_signer:u_signer|scalar_mult:u_scalar|op_phase                                                                            ; Unassigned ; 776     ; Sync. clear               ; no     ; --                   ; --               ; --                        ;
; tinysign_core:u_core|ecdsa_signer:u_signer|scalar_mult:u_scalar|point_ops:u_point_ops|mod_add:u_add|LessThan3~68                                    ; Unassigned ; 256     ; Sync. load                ; no     ; --                   ; --               ; --                        ;
; tinysign_core:u_core|ecdsa_signer:u_signer|scalar_mult:u_scalar|point_ops:u_point_ops|mod_add:u_add|mod_reg[0]~0                                    ; Unassigned ; 513     ; Clock enable              ; no     ; --                   ; --               ; --                        ;
; tinysign_core:u_core|ecdsa_signer:u_signer|scalar_mult:u_scalar|point_ops:u_point_ops|mod_add:u_add|state                                           ; Unassigned ; 261     ; Clock enable, Sync. clear ; no     ; --                   ; --               ; --                        ;
; tinysign_core:u_core|ecdsa_signer:u_signer|scalar_mult:u_scalar|point_ops:u_point_ops|mod_mul:u_mul|Selector777~2                                   ; Unassigned ; 258     ; Clock enable              ; no     ; --                   ; --               ; --                        ;
; tinysign_core:u_core|ecdsa_signer:u_signer|scalar_mult:u_scalar|point_ops:u_point_ops|mod_mul:u_mul|b_mont[88]~0                                    ; Unassigned ; 255     ; Clock enable              ; no     ; --                   ; --               ; --                        ;
; tinysign_core:u_core|ecdsa_signer:u_signer|scalar_mult:u_scalar|point_ops:u_point_ops|mod_mul:u_mul|montgomery_mul:u_montgomery|LessThan0~102       ; Unassigned ; 256     ; Sync. load                ; no     ; --                   ; --               ; --                        ;
; tinysign_core:u_core|ecdsa_signer:u_signer|scalar_mult:u_scalar|point_ops:u_point_ops|mod_mul:u_mul|montgomery_mul:u_montgomery|state.ST_IDLE       ; Unassigned ; 261     ; Sync. clear               ; no     ; --                   ; --               ; --                        ;
; tinysign_core:u_core|ecdsa_signer:u_signer|scalar_mult:u_scalar|point_ops:u_point_ops|mod_mul:u_mul|montgomery_mul:u_montgomery|state.ST_REDUCE     ; Unassigned ; 258     ; Clock enable              ; no     ; --                   ; --               ; --                        ;
; tinysign_core:u_core|ecdsa_signer:u_signer|scalar_mult:u_scalar|point_ops:u_point_ops|mod_mul:u_mul|result[255]~0                                   ; Unassigned ; 256     ; Clock enable              ; no     ; --                   ; --               ; --                        ;
; tinysign_core:u_core|ecdsa_signer:u_signer|scalar_mult:u_scalar|point_ops:u_point_ops|mod_mul:u_mul|round_count[1]~0                                ; Unassigned ; 8       ; Clock enable              ; no     ; --                   ; --               ; --                        ;
; tinysign_core:u_core|ecdsa_signer:u_signer|scalar_mult:u_scalar|point_ops:u_point_ops|mod_mul:u_mul|state.ST_CONVERT                                ; Unassigned ; 267     ; Sync. clear, Sync. load   ; no     ; --                   ; --               ; --                        ;
; tinysign_core:u_core|ecdsa_signer:u_signer|scalar_mult:u_scalar|point_ops:u_point_ops|mod_mul:u_mul|state.ST_WAIT                                   ; Unassigned ; 520     ; Sync. clear               ; no     ; --                   ; --               ; --                        ;
; tinysign_core:u_core|ecdsa_signer:u_signer|scalar_mult:u_scalar|point_ops:u_point_ops|mod_sub:u_sub|LessThan3~254                                   ; Unassigned ; 256     ; Sync. load                ; no     ; --                   ; --               ; --                        ;
; tinysign_core:u_core|ecdsa_signer:u_signer|scalar_mult:u_scalar|point_ops:u_point_ops|mod_sub:u_sub|mod_reg[0]~0                                    ; Unassigned ; 513     ; Clock enable              ; no     ; --                   ; --               ; --                        ;
; tinysign_core:u_core|ecdsa_signer:u_signer|scalar_mult:u_scalar|point_ops:u_point_ops|mod_sub:u_sub|state                                           ; Unassigned ; 261     ; Clock enable, Sync. clear ; no     ; --                   ; --               ; --                        ;
; tinysign_core:u_core|ecdsa_signer:u_signer|scalar_mult:u_scalar|point_ops:u_point_ops|pc[5]~1                                                       ; Unassigned ; 6       ; Clock enable              ; no     ; --                   ; --               ; --                        ;
; tinysign_core:u_core|ecdsa_signer:u_signer|scalar_mult:u_scalar|point_ops:u_point_ops|state.ST_FETCH                                                ; Unassigned ; 785     ; Sync. clear               ; no     ; --                   ; --               ; --                        ;
; tinysign_core:u_core|ecdsa_signer:u_signer|scalar_mult:u_scalar|point_ops:u_point_ops|state.ST_WAIT                                                 ; Unassigned ; 1552    ; Sync. clear, Sync. load   ; no     ; --                   ; --               ; --                        ;
; tinysign_core:u_core|ecdsa_signer:u_signer|scalar_mult:u_scalar|point_ops:u_point_ops|t[0][255]~37                                                  ; Unassigned ; 256     ; Clock enable              ; no     ; --                   ; --               ; --                        ;
; tinysign_core:u_core|ecdsa_signer:u_signer|scalar_mult:u_scalar|point_ops:u_point_ops|t[10][255]~7                                                  ; Unassigned ; 256     ; Clock enable              ; no     ; --                   ; --               ; --                        ;
; tinysign_core:u_core|ecdsa_signer:u_signer|scalar_mult:u_scalar|point_ops:u_point_ops|t[11][255]~6                                                  ; Unassigned ; 256     ; Clock enable              ; no     ; --                   ; --               ; --                        ;
; tinysign_core:u_core|ecdsa_signer:u_signer|scalar_mult:u_scalar|point_ops:u_point_ops|t[12][255]~13                                                 ; Unassigned ; 256     ; Clock enable              ; no     ; --                   ; --               ; --                        ;
; tinysign_core:u_core|ecdsa_signer:u_signer|scalar_mult:u_scalar|point_ops:u_point_ops|t[13][255]~12                                                 ; Unassigned ; 256     ; Clock enable              ; no     ; --                   ; --               ; --                        ;
; tinysign_core:u_core|ecdsa_signer:u_signer|scalar_mult:u_scalar|point_ops:u_point_ops|t[14][255]~11                                                 ; Unassigned ; 256     ; Clock enable              ; no     ; --                   ; --               ; --                        ;
; tinysign_core:u_core|ecdsa_signer:u_signer|scalar_mult:u_scalar|point_ops:u_point_ops|t[15][255]~10                                                 ; Unassigned ; 256     ; Clock enable              ; no     ; --                   ; --               ; --                        ;
; tinysign_core:u_core|ecdsa_signer:u_signer|scalar_mult:u_scalar|point_ops:u_point_ops|t[16][16]~27                                                  ; Unassigned ; 17      ; Clock enable              ; no     ; --                   ; --               ; --                        ;
; tinysign_core:u_core|ecdsa_signer:u_signer|scalar_mult:u_scalar|point_ops:u_point_ops|t[16][255]~15                                                 ; Unassigned ; 239     ; Clock enable              ; no     ; --                   ; --               ; --                        ;
; tinysign_core:u_core|ecdsa_signer:u_signer|scalar_mult:u_scalar|point_ops:u_point_ops|t[17][255]~26                                                 ; Unassigned ; 256     ; Clock enable              ; no     ; --                   ; --               ; --                        ;
; tinysign_core:u_core|ecdsa_signer:u_signer|scalar_mult:u_scalar|point_ops:u_point_ops|t[18][255]~24                                                 ; Unassigned ; 256     ; Clock enable              ; no     ; --                   ; --               ; --                        ;
; tinysign_core:u_core|ecdsa_signer:u_signer|scalar_mult:u_scalar|point_ops:u_point_ops|t[19][255]~17                                                 ; Unassigned ; 256     ; Clock enable              ; no     ; --                   ; --               ; --                        ;
; tinysign_core:u_core|ecdsa_signer:u_signer|scalar_mult:u_scalar|point_ops:u_point_ops|t[1][255]~36                                                  ; Unassigned ; 256     ; Clock enable              ; no     ; --                   ; --               ; --                        ;
; tinysign_core:u_core|ecdsa_signer:u_signer|scalar_mult:u_scalar|point_ops:u_point_ops|t[20][255]~22                                                 ; Unassigned ; 256     ; Clock enable              ; no     ; --                   ; --               ; --                        ;
; tinysign_core:u_core|ecdsa_signer:u_signer|scalar_mult:u_scalar|point_ops:u_point_ops|t[21][255]~21                                                 ; Unassigned ; 256     ; Clock enable              ; no     ; --                   ; --               ; --                        ;
; tinysign_core:u_core|ecdsa_signer:u_signer|scalar_mult:u_scalar|point_ops:u_point_ops|t[22][255]~19                                                 ; Unassigned ; 256     ; Clock enable              ; no     ; --                   ; --               ; --                        ;
; tinysign_core:u_core|ecdsa_signer:u_signer|scalar_mult:u_scalar|point_ops:u_point_ops|t[23][255]~16                                                 ; Unassigned ; 256     ; Clock enable              ; no     ; --                   ; --               ; --                        ;
; tinysign_core:u_core|ecdsa_signer:u_signer|scalar_mult:u_scalar|point_ops:u_point_ops|t[24][255]~25                                                 ; Unassigned ; 256     ; Clock enable              ; no     ; --                   ; --               ; --                        ;
; tinysign_core:u_core|ecdsa_signer:u_signer|scalar_mult:u_scalar|point_ops:u_point_ops|t[25][255]~20                                                 ; Unassigned ; 256     ; Clock enable              ; no     ; --                   ; --               ; --                        ;
; tinysign_core:u_core|ecdsa_signer:u_signer|scalar_mult:u_scalar|point_ops:u_point_ops|t[26][255]~18                                                 ; Unassigned ; 256     ; Clock enable              ; no     ; --                   ; --               ; --                        ;
; tinysign_core:u_core|ecdsa_signer:u_signer|scalar_mult:u_scalar|point_ops:u_point_ops|t[27][255]~23                                                 ; Unassigned ; 256     ; Clock enable              ; no     ; --                   ; --               ; --                        ;
; tinysign_core:u_core|ecdsa_signer:u_signer|scalar_mult:u_scalar|point_ops:u_point_ops|t[28][255]~29                                                 ; Unassigned ; 256     ; Clock enable              ; no     ; --                   ; --               ; --                        ;
; tinysign_core:u_core|ecdsa_signer:u_signer|scalar_mult:u_scalar|point_ops:u_point_ops|t[29][255]~28                                                 ; Unassigned ; 256     ; Clock enable              ; no     ; --                   ; --               ; --                        ;
; tinysign_core:u_core|ecdsa_signer:u_signer|scalar_mult:u_scalar|point_ops:u_point_ops|t[2][255]~35                                                  ; Unassigned ; 256     ; Clock enable              ; no     ; --                   ; --               ; --                        ;
; tinysign_core:u_core|ecdsa_signer:u_signer|scalar_mult:u_scalar|point_ops:u_point_ops|t[30][255]~30                                                 ; Unassigned ; 256     ; Clock enable              ; no     ; --                   ; --               ; --                        ;
; tinysign_core:u_core|ecdsa_signer:u_signer|scalar_mult:u_scalar|point_ops:u_point_ops|t[3][255]~34                                                  ; Unassigned ; 256     ; Clock enable              ; no     ; --                   ; --               ; --                        ;
; tinysign_core:u_core|ecdsa_signer:u_signer|scalar_mult:u_scalar|point_ops:u_point_ops|t[4][255]~33                                                  ; Unassigned ; 256     ; Clock enable              ; no     ; --                   ; --               ; --                        ;
; tinysign_core:u_core|ecdsa_signer:u_signer|scalar_mult:u_scalar|point_ops:u_point_ops|t[5][255]~32                                                  ; Unassigned ; 256     ; Clock enable              ; no     ; --                   ; --               ; --                        ;
; tinysign_core:u_core|ecdsa_signer:u_signer|scalar_mult:u_scalar|point_ops:u_point_ops|t[6][160]~5                                                   ; Unassigned ; 161     ; Clock enable              ; no     ; --                   ; --               ; --                        ;
; tinysign_core:u_core|ecdsa_signer:u_signer|scalar_mult:u_scalar|point_ops:u_point_ops|t[6][255]~3                                                   ; Unassigned ; 95      ; Clock enable              ; no     ; --                   ; --               ; --                        ;
; tinysign_core:u_core|ecdsa_signer:u_signer|scalar_mult:u_scalar|point_ops:u_point_ops|t[7][255]~14                                                  ; Unassigned ; 256     ; Clock enable              ; no     ; --                   ; --               ; --                        ;
; tinysign_core:u_core|ecdsa_signer:u_signer|scalar_mult:u_scalar|point_ops:u_point_ops|t[8][255]~9                                                   ; Unassigned ; 256     ; Clock enable              ; no     ; --                   ; --               ; --                        ;
; tinysign_core:u_core|ecdsa_signer:u_signer|scalar_mult:u_scalar|point_ops:u_point_ops|t[9][255]~8                                                   ; Unassigned ; 256     ; Clock enable              ; no     ; --                   ; --               ; --                        ;
; tinysign_core:u_core|ecdsa_signer:u_signer|scalar_mult:u_scalar|point_ops:u_point_ops|y3[12]~6                                                      ; Unassigned ; 767     ; Clock enable              ; no     ; --                   ; --               ; --                        ;
; tinysign_core:u_core|ecdsa_signer:u_signer|scalar_mult:u_scalar|point_ops:u_point_ops|y3[12]~7                                                      ; Unassigned ; 767     ; Sync. clear               ; no     ; --                   ; --               ; --                        ;
; tinysign_core:u_core|ecdsa_signer:u_signer|scalar_mult:u_scalar|point_z1~0                                                                          ; Unassigned ; 768     ; Sync. load                ; no     ; --                   ; --               ; --                        ;
; tinysign_core:u_core|ecdsa_signer:u_signer|scalar_mult:u_scalar|r1x[2]~0                                                                            ; Unassigned ; 70      ; Clock enable              ; no     ; --                   ; --               ; --                        ;
; tinysign_core:u_core|ecdsa_signer:u_signer|scalar_mult:u_scalar|r1x[2]~1                                                                            ; Unassigned ; 1536    ; Clock enable              ; no     ; --                   ; --               ; --                        ;
; tinysign_core:u_core|ecdsa_signer:u_signer|scalar_mult:u_scalar|scalar_reg[188]~0                                                                   ; Unassigned ; 189     ; Clock enable              ; no     ; --                   ; --               ; --                        ;
; tinysign_core:u_core|ecdsa_signer:u_signer|scalar_mult:u_scalar|slot_cycles[11]~0                                                                   ; Unassigned ; 14      ; Clock enable              ; no     ; --                   ; --               ; --                        ;
; tinysign_core:u_core|ecdsa_signer:u_signer|scalar_mult:u_scalar|state.ST_COMPLETE                                                                   ; Unassigned ; 1554    ; Sync. clear, Sync. load   ; no     ; --                   ; --               ; --                        ;
; tinysign_core:u_core|ecdsa_signer:u_signer|scalar_mult:u_scalar|state.ST_ISSUE                                                                      ; Unassigned ; 1553    ; Clock enable, Sync. clear ; no     ; --                   ; --               ; --                        ;
; tinysign_core:u_core|ecdsa_signer:u_signer|scalar_mult:u_scalar|sumz[255]~0                                                                         ; Unassigned ; 768     ; Clock enable              ; no     ; --                   ; --               ; --                        ;
; tinysign_core:u_core|ecdsa_signer:u_signer|scalar_mult:u_scalar|tmpz[255]~0                                                                         ; Unassigned ; 768     ; Clock enable              ; no     ; --                   ; --               ; --                        ;
; tinysign_core:u_core|ecdsa_signer:u_signer|scalar_mult:u_scalar|x_out[255]~0                                                                        ; Unassigned ; 512     ; Clock enable              ; no     ; --                   ; --               ; --                        ;
; tinysign_core:u_core|ecdsa_signer:u_signer|state.ST_IDLE                                                                                            ; Unassigned ; 262     ; Sync. clear               ; no     ; --                   ; --               ; --                        ;
; tinysign_core:u_core|ecdsa_signer:u_signer|state.ST_S_WAIT                                                                                          ; Unassigned ; 6       ; Sync. clear               ; no     ; --                   ; --               ; --                        ;
; tinysign_core:u_core|ecdsa_signer:u_signer|state.ST_X_WAIT                                                                                          ; Unassigned ; 519     ; Sync. load                ; no     ; --                   ; --               ; --                        ;
; tinysign_core:u_core|ecdsa_signer:u_signer|x_reg[255]~0                                                                                             ; Unassigned ; 256     ; Clock enable              ; no     ; --                   ; --               ; --                        ;
; tinysign_core:u_core|key_manager:u_key_manager|inv_a[85]~0                                                                                          ; Unassigned ; 257     ; Clock enable              ; no     ; --                   ; --               ; --                        ;
; tinysign_core:u_core|key_manager:u_key_manager|key_reg[86]~0                                                                                        ; Unassigned ; 264     ; Clock enable              ; no     ; --                   ; --               ; --                        ;
; tinysign_core:u_core|key_manager:u_key_manager|mod_inv:u_inverse|base_reg[79]~1                                                                     ; Unassigned ; 777     ; Clock enable              ; no     ; --                   ; --               ; --                        ;
; tinysign_core:u_core|key_manager:u_key_manager|mod_inv:u_inverse|mod_mul:u_product|Selector777~2                                                    ; Unassigned ; 258     ; Clock enable              ; no     ; --                   ; --               ; --                        ;
; tinysign_core:u_core|key_manager:u_key_manager|mod_inv:u_inverse|mod_mul:u_product|b_mont[158]~0                                                    ; Unassigned ; 255     ; Clock enable              ; no     ; --                   ; --               ; --                        ;
; tinysign_core:u_core|key_manager:u_key_manager|mod_inv:u_inverse|mod_mul:u_product|montgomery_mul:u_montgomery|LessThan0~102                        ; Unassigned ; 256     ; Sync. load                ; no     ; --                   ; --               ; --                        ;
; tinysign_core:u_core|key_manager:u_key_manager|mod_inv:u_inverse|mod_mul:u_product|montgomery_mul:u_montgomery|state.ST_IDLE                        ; Unassigned ; 261     ; Sync. clear               ; no     ; --                   ; --               ; --                        ;
; tinysign_core:u_core|key_manager:u_key_manager|mod_inv:u_inverse|mod_mul:u_product|montgomery_mul:u_montgomery|state.ST_REDUCE                      ; Unassigned ; 258     ; Clock enable              ; no     ; --                   ; --               ; --                        ;
; tinysign_core:u_core|key_manager:u_key_manager|mod_inv:u_inverse|mod_mul:u_product|result[255]~0                                                    ; Unassigned ; 256     ; Clock enable              ; no     ; --                   ; --               ; --                        ;
; tinysign_core:u_core|key_manager:u_key_manager|mod_inv:u_inverse|mod_mul:u_product|round_count[7]~0                                                 ; Unassigned ; 8       ; Clock enable              ; no     ; --                   ; --               ; --                        ;
; tinysign_core:u_core|key_manager:u_key_manager|mod_inv:u_inverse|mod_mul:u_product|state.ST_CONVERT                                                 ; Unassigned ; 267     ; Sync. clear, Sync. load   ; no     ; --                   ; --               ; --                        ;
; tinysign_core:u_core|key_manager:u_key_manager|mod_inv:u_inverse|mod_mul:u_product|state.ST_WAIT                                                    ; Unassigned ; 520     ; Sync. clear               ; no     ; --                   ; --               ; --                        ;
; tinysign_core:u_core|key_manager:u_key_manager|mod_inv:u_inverse|mod_mul:u_square|a_reg[167]~1                                                      ; Unassigned ; 258     ; Clock enable              ; no     ; --                   ; --               ; --                        ;
; tinysign_core:u_core|key_manager:u_key_manager|mod_inv:u_inverse|mod_mul:u_square|b_mont[83]~0                                                      ; Unassigned ; 255     ; Clock enable              ; no     ; --                   ; --               ; --                        ;
; tinysign_core:u_core|key_manager:u_key_manager|mod_inv:u_inverse|mod_mul:u_square|montgomery_mul:u_montgomery|LessThan0~104                         ; Unassigned ; 256     ; Sync. load                ; no     ; --                   ; --               ; --                        ;
; tinysign_core:u_core|key_manager:u_key_manager|mod_inv:u_inverse|mod_mul:u_square|montgomery_mul:u_montgomery|state.ST_IDLE                         ; Unassigned ; 261     ; Sync. clear               ; no     ; --                   ; --               ; --                        ;
; tinysign_core:u_core|key_manager:u_key_manager|mod_inv:u_inverse|mod_mul:u_square|montgomery_mul:u_montgomery|state.ST_REDUCE                       ; Unassigned ; 258     ; Clock enable              ; no     ; --                   ; --               ; --                        ;
; tinysign_core:u_core|key_manager:u_key_manager|mod_inv:u_inverse|mod_mul:u_square|result[255]~0                                                     ; Unassigned ; 256     ; Clock enable              ; no     ; --                   ; --               ; --                        ;
; tinysign_core:u_core|key_manager:u_key_manager|mod_inv:u_inverse|mod_mul:u_square|round_count[0]~0                                                  ; Unassigned ; 8       ; Clock enable              ; no     ; --                   ; --               ; --                        ;
; tinysign_core:u_core|key_manager:u_key_manager|mod_inv:u_inverse|mod_mul:u_square|state.ST_CONVERT                                                  ; Unassigned ; 267     ; Sync. clear, Sync. load   ; no     ; --                   ; --               ; --                        ;
; tinysign_core:u_core|key_manager:u_key_manager|mod_inv:u_inverse|mod_mul:u_square|state.ST_WAIT                                                     ; Unassigned ; 520     ; Sync. clear               ; no     ; --                   ; --               ; --                        ;
; tinysign_core:u_core|key_manager:u_key_manager|mod_inv:u_inverse|modulus_reg[0]~0                                                                   ; Unassigned ; 2       ; Clock enable              ; no     ; --                   ; --               ; --                        ;
; tinysign_core:u_core|key_manager:u_key_manager|mod_inv:u_inverse|result[255]~1                                                                      ; Unassigned ; 256     ; Clock enable              ; no     ; --                   ; --               ; --                        ;
; tinysign_core:u_core|key_manager:u_key_manager|mod_inv:u_inverse|state.ST_WAIT                                                                      ; Unassigned ; 782     ; Sync. clear, Sync. load   ; no     ; --                   ; --               ; --                        ;
; tinysign_core:u_core|key_manager:u_key_manager|mod_mul:u_multiply|Selector778~2                                                                     ; Unassigned ; 258     ; Clock enable              ; no     ; --                   ; --               ; --                        ;
; tinysign_core:u_core|key_manager:u_key_manager|mod_mul:u_multiply|b_mont[88]~0                                                                      ; Unassigned ; 255     ; Clock enable              ; no     ; --                   ; --               ; --                        ;
; tinysign_core:u_core|key_manager:u_key_manager|mod_mul:u_multiply|montgomery_mul:u_montgomery|LessThan0~102                                         ; Unassigned ; 256     ; Sync. load                ; no     ; --                   ; --               ; --                        ;
; tinysign_core:u_core|key_manager:u_key_manager|mod_mul:u_multiply|montgomery_mul:u_montgomery|state.ST_IDLE                                         ; Unassigned ; 261     ; Sync. clear               ; no     ; --                   ; --               ; --                        ;
; tinysign_core:u_core|key_manager:u_key_manager|mod_mul:u_multiply|montgomery_mul:u_montgomery|state.ST_REDUCE                                       ; Unassigned ; 258     ; Clock enable              ; no     ; --                   ; --               ; --                        ;
; tinysign_core:u_core|key_manager:u_key_manager|mod_mul:u_multiply|result[255]~0                                                                     ; Unassigned ; 256     ; Clock enable              ; no     ; --                   ; --               ; --                        ;
; tinysign_core:u_core|key_manager:u_key_manager|mod_mul:u_multiply|round_count[6]~0                                                                  ; Unassigned ; 8       ; Clock enable              ; no     ; --                   ; --               ; --                        ;
; tinysign_core:u_core|key_manager:u_key_manager|mod_mul:u_multiply|state.ST_CONVERT                                                                  ; Unassigned ; 267     ; Sync. clear, Sync. load   ; no     ; --                   ; --               ; --                        ;
; tinysign_core:u_core|key_manager:u_key_manager|mod_mul:u_multiply|state.ST_WAIT                                                                     ; Unassigned ; 520     ; Sync. clear               ; no     ; --                   ; --               ; --                        ;
; tinysign_core:u_core|key_manager:u_key_manager|mul_b[65]~2                                                                                          ; Unassigned ; 512     ; Clock enable              ; no     ; --                   ; --               ; --                        ;
; tinysign_core:u_core|key_manager:u_key_manager|point_x_reg[89]~0                                                                                    ; Unassigned ; 512     ; Clock enable              ; no     ; --                   ; --               ; --                        ;
; tinysign_core:u_core|key_manager:u_key_manager|public_x[184]~0                                                                                      ; Unassigned ; 256     ; Clock enable              ; no     ; --                   ; --               ; --                        ;
; tinysign_core:u_core|key_manager:u_key_manager|public_y[86]~0                                                                                       ; Unassigned ; 256     ; Clock enable              ; no     ; --                   ; --               ; --                        ;
; tinysign_core:u_core|key_manager:u_key_manager|scalar_mult:u_scalar|Mux0~84                                                                         ; Unassigned ; 1793    ; Sync. load                ; no     ; --                   ; --               ; --                        ;
; tinysign_core:u_core|key_manager:u_key_manager|scalar_mult:u_scalar|Selector522~0                                                                   ; Unassigned ; 2       ; Clock enable              ; no     ; --                   ; --               ; --                        ;
; tinysign_core:u_core|key_manager:u_key_manager|scalar_mult:u_scalar|bit_index[4]~0                                                                  ; Unassigned ; 9       ; Clock enable              ; no     ; --                   ; --               ; --                        ;
; tinysign_core:u_core|key_manager:u_key_manager|scalar_mult:u_scalar|op_phase                                                                        ; Unassigned ; 777     ; Sync. clear               ; no     ; --                   ; --               ; --                        ;
; tinysign_core:u_core|key_manager:u_key_manager|scalar_mult:u_scalar|point_ops:u_point_ops|mod_add:u_add|LessThan3~80                                ; Unassigned ; 256     ; Sync. load                ; no     ; --                   ; --               ; --                        ;
; tinysign_core:u_core|key_manager:u_key_manager|scalar_mult:u_scalar|point_ops:u_point_ops|mod_add:u_add|mod_reg[0]~0                                ; Unassigned ; 513     ; Clock enable              ; no     ; --                   ; --               ; --                        ;
; tinysign_core:u_core|key_manager:u_key_manager|scalar_mult:u_scalar|point_ops:u_point_ops|mod_add:u_add|state                                       ; Unassigned ; 261     ; Clock enable, Sync. clear ; no     ; --                   ; --               ; --                        ;
; tinysign_core:u_core|key_manager:u_key_manager|scalar_mult:u_scalar|point_ops:u_point_ops|mod_mul:u_mul|Selector777~2                               ; Unassigned ; 258     ; Clock enable              ; no     ; --                   ; --               ; --                        ;
; tinysign_core:u_core|key_manager:u_key_manager|scalar_mult:u_scalar|point_ops:u_point_ops|mod_mul:u_mul|b_mont[88]~0                                ; Unassigned ; 255     ; Clock enable              ; no     ; --                   ; --               ; --                        ;
; tinysign_core:u_core|key_manager:u_key_manager|scalar_mult:u_scalar|point_ops:u_point_ops|mod_mul:u_mul|montgomery_mul:u_montgomery|LessThan0~102   ; Unassigned ; 256     ; Sync. load                ; no     ; --                   ; --               ; --                        ;
; tinysign_core:u_core|key_manager:u_key_manager|scalar_mult:u_scalar|point_ops:u_point_ops|mod_mul:u_mul|montgomery_mul:u_montgomery|state.ST_IDLE   ; Unassigned ; 261     ; Sync. clear               ; no     ; --                   ; --               ; --                        ;
; tinysign_core:u_core|key_manager:u_key_manager|scalar_mult:u_scalar|point_ops:u_point_ops|mod_mul:u_mul|montgomery_mul:u_montgomery|state.ST_REDUCE ; Unassigned ; 258     ; Clock enable              ; no     ; --                   ; --               ; --                        ;
; tinysign_core:u_core|key_manager:u_key_manager|scalar_mult:u_scalar|point_ops:u_point_ops|mod_mul:u_mul|result[255]~0                               ; Unassigned ; 256     ; Clock enable              ; no     ; --                   ; --               ; --                        ;
; tinysign_core:u_core|key_manager:u_key_manager|scalar_mult:u_scalar|point_ops:u_point_ops|mod_mul:u_mul|round_count[1]~0                            ; Unassigned ; 8       ; Clock enable              ; no     ; --                   ; --               ; --                        ;
; tinysign_core:u_core|key_manager:u_key_manager|scalar_mult:u_scalar|point_ops:u_point_ops|mod_mul:u_mul|state.ST_CONVERT                            ; Unassigned ; 267     ; Sync. clear, Sync. load   ; no     ; --                   ; --               ; --                        ;
; tinysign_core:u_core|key_manager:u_key_manager|scalar_mult:u_scalar|point_ops:u_point_ops|mod_mul:u_mul|state.ST_WAIT                               ; Unassigned ; 520     ; Sync. clear               ; no     ; --                   ; --               ; --                        ;
; tinysign_core:u_core|key_manager:u_key_manager|scalar_mult:u_scalar|point_ops:u_point_ops|mod_sub:u_sub|LessThan3~253                               ; Unassigned ; 256     ; Sync. load                ; no     ; --                   ; --               ; --                        ;
; tinysign_core:u_core|key_manager:u_key_manager|scalar_mult:u_scalar|point_ops:u_point_ops|mod_sub:u_sub|mod_reg[0]~0                                ; Unassigned ; 513     ; Clock enable              ; no     ; --                   ; --               ; --                        ;
; tinysign_core:u_core|key_manager:u_key_manager|scalar_mult:u_scalar|point_ops:u_point_ops|mod_sub:u_sub|state                                       ; Unassigned ; 261     ; Clock enable, Sync. clear ; no     ; --                   ; --               ; --                        ;
; tinysign_core:u_core|key_manager:u_key_manager|scalar_mult:u_scalar|point_ops:u_point_ops|pc[5]~2                                                   ; Unassigned ; 6       ; Clock enable              ; no     ; --                   ; --               ; --                        ;
; tinysign_core:u_core|key_manager:u_key_manager|scalar_mult:u_scalar|point_ops:u_point_ops|state.ST_FETCH                                            ; Unassigned ; 781     ; Sync. clear               ; no     ; --                   ; --               ; --                        ;
; tinysign_core:u_core|key_manager:u_key_manager|scalar_mult:u_scalar|point_ops:u_point_ops|state.ST_WAIT                                             ; Unassigned ; 1554    ; Sync. clear, Sync. load   ; no     ; --                   ; --               ; --                        ;
; tinysign_core:u_core|key_manager:u_key_manager|scalar_mult:u_scalar|point_ops:u_point_ops|t[0][255]~40                                              ; Unassigned ; 256     ; Clock enable              ; no     ; --                   ; --               ; --                        ;
; tinysign_core:u_core|key_manager:u_key_manager|scalar_mult:u_scalar|point_ops:u_point_ops|t[10][255]~18                                             ; Unassigned ; 256     ; Clock enable              ; no     ; --                   ; --               ; --                        ;
; tinysign_core:u_core|key_manager:u_key_manager|scalar_mult:u_scalar|point_ops:u_point_ops|t[11][255]~17                                             ; Unassigned ; 256     ; Clock enable              ; no     ; --                   ; --               ; --                        ;
; tinysign_core:u_core|key_manager:u_key_manager|scalar_mult:u_scalar|point_ops:u_point_ops|t[12][240]~5                                              ; Unassigned ; 241     ; Clock enable              ; no     ; --                   ; --               ; --                        ;
; tinysign_core:u_core|key_manager:u_key_manager|scalar_mult:u_scalar|point_ops:u_point_ops|t[12][255]~21                                             ; Unassigned ; 15      ; Clock enable              ; no     ; --                   ; --               ; --                        ;
; tinysign_core:u_core|key_manager:u_key_manager|scalar_mult:u_scalar|point_ops:u_point_ops|t[13][255]~13                                             ; Unassigned ; 256     ; Clock enable              ; no     ; --                   ; --               ; --                        ;
; tinysign_core:u_core|key_manager:u_key_manager|scalar_mult:u_scalar|point_ops:u_point_ops|t[14][255]~12                                             ; Unassigned ; 256     ; Clock enable              ; no     ; --                   ; --               ; --                        ;
; tinysign_core:u_core|key_manager:u_key_manager|scalar_mult:u_scalar|point_ops:u_point_ops|t[15][255]~11                                             ; Unassigned ; 256     ; Clock enable              ; no     ; --                   ; --               ; --                        ;
; tinysign_core:u_core|key_manager:u_key_manager|scalar_mult:u_scalar|point_ops:u_point_ops|t[16][255]~15                                             ; Unassigned ; 256     ; Clock enable              ; no     ; --                   ; --               ; --                        ;
; tinysign_core:u_core|key_manager:u_key_manager|scalar_mult:u_scalar|point_ops:u_point_ops|t[17][255]~14                                             ; Unassigned ; 256     ; Clock enable              ; no     ; --                   ; --               ; --                        ;
; tinysign_core:u_core|key_manager:u_key_manager|scalar_mult:u_scalar|point_ops:u_point_ops|t[18][255]~8                                              ; Unassigned ; 256     ; Clock enable              ; no     ; --                   ; --               ; --                        ;
; tinysign_core:u_core|key_manager:u_key_manager|scalar_mult:u_scalar|point_ops:u_point_ops|t[19][255]~6                                              ; Unassigned ; 256     ; Clock enable              ; no     ; --                   ; --               ; --                        ;
; tinysign_core:u_core|key_manager:u_key_manager|scalar_mult:u_scalar|point_ops:u_point_ops|t[1][255]~39                                              ; Unassigned ; 256     ; Clock enable              ; no     ; --                   ; --               ; --                        ;
; tinysign_core:u_core|key_manager:u_key_manager|scalar_mult:u_scalar|point_ops:u_point_ops|t[20][255]~10                                             ; Unassigned ; 256     ; Clock enable              ; no     ; --                   ; --               ; --                        ;
; tinysign_core:u_core|key_manager:u_key_manager|scalar_mult:u_scalar|point_ops:u_point_ops|t[21][255]~9                                              ; Unassigned ; 256     ; Clock enable              ; no     ; --                   ; --               ; --                        ;
; tinysign_core:u_core|key_manager:u_key_manager|scalar_mult:u_scalar|point_ops:u_point_ops|t[22][255]~7                                              ; Unassigned ; 159     ; Clock enable              ; no     ; --                   ; --               ; --                        ;
; tinysign_core:u_core|key_manager:u_key_manager|scalar_mult:u_scalar|point_ops:u_point_ops|t[22][96]~24                                              ; Unassigned ; 97      ; Clock enable              ; no     ; --                   ; --               ; --                        ;
; tinysign_core:u_core|key_manager:u_key_manager|scalar_mult:u_scalar|point_ops:u_point_ops|t[23][255]~25                                             ; Unassigned ; 256     ; Clock enable              ; no     ; --                   ; --               ; --                        ;
; tinysign_core:u_core|key_manager:u_key_manager|scalar_mult:u_scalar|point_ops:u_point_ops|t[24][255]~30                                             ; Unassigned ; 256     ; Clock enable              ; no     ; --                   ; --               ; --                        ;
; tinysign_core:u_core|key_manager:u_key_manager|scalar_mult:u_scalar|point_ops:u_point_ops|t[25][255]~28                                             ; Unassigned ; 256     ; Clock enable              ; no     ; --                   ; --               ; --                        ;
; tinysign_core:u_core|key_manager:u_key_manager|scalar_mult:u_scalar|point_ops:u_point_ops|t[26][255]~26                                             ; Unassigned ; 256     ; Clock enable              ; no     ; --                   ; --               ; --                        ;
; tinysign_core:u_core|key_manager:u_key_manager|scalar_mult:u_scalar|point_ops:u_point_ops|t[27][255]~31                                             ; Unassigned ; 256     ; Clock enable              ; no     ; --                   ; --               ; --                        ;
; tinysign_core:u_core|key_manager:u_key_manager|scalar_mult:u_scalar|point_ops:u_point_ops|t[28][255]~29                                             ; Unassigned ; 256     ; Clock enable              ; no     ; --                   ; --               ; --                        ;
; tinysign_core:u_core|key_manager:u_key_manager|scalar_mult:u_scalar|point_ops:u_point_ops|t[29][144]~32                                             ; Unassigned ; 145     ; Clock enable              ; no     ; --                   ; --               ; --                        ;
; tinysign_core:u_core|key_manager:u_key_manager|scalar_mult:u_scalar|point_ops:u_point_ops|t[29][255]~27                                             ; Unassigned ; 111     ; Clock enable              ; no     ; --                   ; --               ; --                        ;
; tinysign_core:u_core|key_manager:u_key_manager|scalar_mult:u_scalar|point_ops:u_point_ops|t[2][255]~38                                              ; Unassigned ; 256     ; Clock enable              ; no     ; --                   ; --               ; --                        ;
; tinysign_core:u_core|key_manager:u_key_manager|scalar_mult:u_scalar|point_ops:u_point_ops|t[30][233]~1                                              ; Unassigned ; 256     ; Clock enable              ; no     ; --                   ; --               ; --                        ;
; tinysign_core:u_core|key_manager:u_key_manager|scalar_mult:u_scalar|point_ops:u_point_ops|t[31][0]~16                                               ; Unassigned ; 1       ; Clock enable              ; no     ; --                   ; --               ; --                        ;
; tinysign_core:u_core|key_manager:u_key_manager|scalar_mult:u_scalar|point_ops:u_point_ops|t[31][86]~0                                               ; Unassigned ; 255     ; Clock enable              ; no     ; --                   ; --               ; --                        ;
; tinysign_core:u_core|key_manager:u_key_manager|scalar_mult:u_scalar|point_ops:u_point_ops|t[3][255]~37                                              ; Unassigned ; 256     ; Clock enable              ; no     ; --                   ; --               ; --                        ;
; tinysign_core:u_core|key_manager:u_key_manager|scalar_mult:u_scalar|point_ops:u_point_ops|t[4][255]~36                                              ; Unassigned ; 256     ; Clock enable              ; no     ; --                   ; --               ; --                        ;
; tinysign_core:u_core|key_manager:u_key_manager|scalar_mult:u_scalar|point_ops:u_point_ops|t[5][255]~35                                              ; Unassigned ; 256     ; Clock enable              ; no     ; --                   ; --               ; --                        ;
; tinysign_core:u_core|key_manager:u_key_manager|scalar_mult:u_scalar|point_ops:u_point_ops|t[6][255]~23                                              ; Unassigned ; 256     ; Clock enable              ; no     ; --                   ; --               ; --                        ;
; tinysign_core:u_core|key_manager:u_key_manager|scalar_mult:u_scalar|point_ops:u_point_ops|t[7][255]~22                                              ; Unassigned ; 256     ; Clock enable              ; no     ; --                   ; --               ; --                        ;
; tinysign_core:u_core|key_manager:u_key_manager|scalar_mult:u_scalar|point_ops:u_point_ops|t[8][255]~20                                              ; Unassigned ; 256     ; Clock enable              ; no     ; --                   ; --               ; --                        ;
; tinysign_core:u_core|key_manager:u_key_manager|scalar_mult:u_scalar|point_ops:u_point_ops|t[9][255]~19                                              ; Unassigned ; 256     ; Clock enable              ; no     ; --                   ; --               ; --                        ;
; tinysign_core:u_core|key_manager:u_key_manager|scalar_mult:u_scalar|point_ops:u_point_ops|y3[12]~5                                                  ; Unassigned ; 767     ; Clock enable              ; no     ; --                   ; --               ; --                        ;
; tinysign_core:u_core|key_manager:u_key_manager|scalar_mult:u_scalar|point_ops:u_point_ops|y3[12]~6                                                  ; Unassigned ; 767     ; Sync. clear               ; no     ; --                   ; --               ; --                        ;
; tinysign_core:u_core|key_manager:u_key_manager|scalar_mult:u_scalar|point_z1~0                                                                      ; Unassigned ; 768     ; Sync. load                ; no     ; --                   ; --               ; --                        ;
; tinysign_core:u_core|key_manager:u_key_manager|scalar_mult:u_scalar|r0y[175]~256                                                                    ; Unassigned ; 1534    ; Clock enable              ; no     ; --                   ; --               ; --                        ;
; tinysign_core:u_core|key_manager:u_key_manager|scalar_mult:u_scalar|scalar_reg[255]~0                                                               ; Unassigned ; 256     ; Clock enable              ; no     ; --                   ; --               ; --                        ;
; tinysign_core:u_core|key_manager:u_key_manager|scalar_mult:u_scalar|slot_cycles[1]~0                                                                ; Unassigned ; 14      ; Clock enable              ; no     ; --                   ; --               ; --                        ;
; tinysign_core:u_core|key_manager:u_key_manager|scalar_mult:u_scalar|state.ST_COMPLETE                                                               ; Unassigned ; 1553    ; Sync. clear, Sync. load   ; no     ; --                   ; --               ; --                        ;
; tinysign_core:u_core|key_manager:u_key_manager|scalar_mult:u_scalar|state.ST_ISSUE                                                                  ; Unassigned ; 1553    ; Clock enable, Sync. clear ; no     ; --                   ; --               ; --                        ;
; tinysign_core:u_core|key_manager:u_key_manager|scalar_mult:u_scalar|sumz[255]~0                                                                     ; Unassigned ; 768     ; Clock enable              ; no     ; --                   ; --               ; --                        ;
; tinysign_core:u_core|key_manager:u_key_manager|scalar_mult:u_scalar|tmpz[255]~0                                                                     ; Unassigned ; 768     ; Clock enable              ; no     ; --                   ; --               ; --                        ;
; tinysign_core:u_core|key_manager:u_key_manager|scalar_mult:u_scalar|z_out[255]~0                                                                    ; Unassigned ; 768     ; Clock enable              ; no     ; --                   ; --               ; --                        ;
; tinysign_core:u_core|key_manager:u_key_manager|staging_key[115]~6                                                                                   ; Unassigned ; 31      ; Clock enable              ; no     ; --                   ; --               ; --                        ;
; tinysign_core:u_core|key_manager:u_key_manager|staging_key[145]~5                                                                                   ; Unassigned ; 31      ; Clock enable              ; no     ; --                   ; --               ; --                        ;
; tinysign_core:u_core|key_manager:u_key_manager|staging_key[189]~4                                                                                   ; Unassigned ; 31      ; Clock enable              ; no     ; --                   ; --               ; --                        ;
; tinysign_core:u_core|key_manager:u_key_manager|staging_key[197]~2                                                                                   ; Unassigned ; 31      ; Clock enable              ; no     ; --                   ; --               ; --                        ;
; tinysign_core:u_core|key_manager:u_key_manager|staging_key[239]~3                                                                                   ; Unassigned ; 31      ; Clock enable              ; no     ; --                   ; --               ; --                        ;
; tinysign_core:u_core|key_manager:u_key_manager|staging_key[26]~0                                                                                    ; Unassigned ; 1528    ; Sync. clear               ; no     ; --                   ; --               ; --                        ;
; tinysign_core:u_core|key_manager:u_key_manager|staging_key[26]~9                                                                                    ; Unassigned ; 31      ; Clock enable              ; no     ; --                   ; --               ; --                        ;
; tinysign_core:u_core|key_manager:u_key_manager|staging_key[49]~8                                                                                    ; Unassigned ; 31      ; Clock enable              ; no     ; --                   ; --               ; --                        ;
; tinysign_core:u_core|key_manager:u_key_manager|staging_key[69]~7                                                                                    ; Unassigned ; 31      ; Clock enable              ; no     ; --                   ; --               ; --                        ;
; tinysign_core:u_core|key_manager:u_key_manager|state.ST_IDLE                                                                                        ; Unassigned ; 16      ; Sync. load                ; no     ; --                   ; --               ; --                        ;
; tinysign_core:u_core|key_manager:u_key_manager|z2_reg[176]~0                                                                                        ; Unassigned ; 256     ; Clock enable              ; no     ; --                   ; --               ; --                        ;
; tinysign_core:u_core|key_manager:u_key_manager|z3_reg[163]~0                                                                                        ; Unassigned ; 256     ; Clock enable              ; no     ; --                   ; --               ; --                        ;
; tinysign_core:u_core|key_manager:u_key_manager|zinv_reg[171]~1                                                                                      ; Unassigned ; 256     ; Clock enable              ; no     ; --                   ; --               ; --                        ;
; tinysign_core:u_core|key_word_data[0]~1                                                                                                             ; Unassigned ; 35      ; Clock enable              ; no     ; --                   ; --               ; --                        ;
; tinysign_core:u_core|key_zeroize                                                                                                                    ; Unassigned ; 1576    ; Sync. clear, Sync. load   ; no     ; --                   ; --               ; --                        ;
; tinysign_core:u_core|sig_r_reg[102]~2                                                                                                               ; Unassigned ; 512     ; Clock enable              ; no     ; --                   ; --               ; --                        ;
; tinysign_core:u_core|sig_r_reg~0                                                                                                                    ; Unassigned ; 513     ; Sync. clear               ; no     ; --                   ; --               ; --                        ;
+-----------------------------------------------------------------------------------------------------------------------------------------------------+------------+---------+---------------------------+--------+----------------------+------------------+---------------------------+


+------------------------------------------------------------------------------------------------------------------------------------------------------+
; Global & Other Fast Signals                                                                                                                          ;
+---------------------------------------------------------+------------+---------+----------------------+------------------+---------------------------+
; Name                                                    ; Location   ; Fan-Out ; Global Resource Used ; Global Line Name ; Enable Signal Source Name ;
+---------------------------------------------------------+------------+---------+----------------------+------------------+---------------------------+
; clk                                                     ; PIN_Y24    ; 67887   ; Global Clock         ; Not Available    ; --                        ;
; reset_n                                                 ; PIN_W24    ; 3914    ; Global Clock         ; Not Available    ; --                        ;
; tinysign_core:u_core|ecdsa_signer:u_signer|core_rst_n~0 ; Unassigned ; 47845   ; Global Clock         ; Not Available    ; --                        ;
+---------------------------------------------------------+------------+---------+----------------------+------------------+---------------------------+


+------------------------------------------------------------------------------------------------------------------------------------------------------------+
; Non-Global High Fan-Out Signals                                                                                                                            ;
+--------------------------------------------------------------------------------------------------------------------------------------------------+---------+
; Name                                                                                                                                             ; Fan-Out ;
+--------------------------------------------------------------------------------------------------------------------------------------------------+---------+
; tinysign_core:u_core|ecdsa_signer:u_signer|scalar_mult:u_scalar|Mux0~84                                                                          ; 2049    ;
; tinysign_core:u_core|key_manager:u_key_manager|scalar_mult:u_scalar|Mux0~84                                                                      ; 1793    ;
; tinysign_core:u_core|key_zeroize                                                                                                                 ; 1576    ;
; tinysign_core:u_core|ecdsa_signer:u_signer|rfc6979:u_nonce|hmac_sha256:u_hmac|sha256_hash:u_hash|sha256_compress:u_compress|LessThan1~0          ; 1576    ;
; tinysign_core:u_core|key_manager:u_key_manager|scalar_mult:u_scalar|point_ops:u_point_ops|state.ST_WAIT                                          ; 1554    ;
; tinysign_core:u_core|ecdsa_signer:u_signer|scalar_mult:u_scalar|state.ST_COMPLETE                                                                ; 1554    ;
; tinysign_core:u_core|key_manager:u_key_manager|scalar_mult:u_scalar|state.ST_ISSUE                                                               ; 1553    ;
; tinysign_core:u_core|key_manager:u_key_manager|scalar_mult:u_scalar|state.ST_COMPLETE                                                            ; 1553    ;
; tinysign_core:u_core|ecdsa_signer:u_signer|scalar_mult:u_scalar|state.ST_ISSUE                                                                   ; 1553    ;
; tinysign_core:u_core|ecdsa_signer:u_signer|scalar_mult:u_scalar|point_ops:u_point_ops|state.ST_WAIT                                              ; 1552    ;
; tinysign_core:u_core|ecdsa_signer:u_signer|scalar_mult:u_scalar|r1x[2]~1                                                                         ; 1536    ;
; tinysign_core:u_core|key_manager:u_key_manager|scalar_mult:u_scalar|r0y[175]~256                                                                 ; 1534    ;
; tinysign_core:u_core|key_manager:u_key_manager|staging_key[26]~0                                                                                 ; 1528    ;
; tinysign_core:u_core|ecdsa_signer:u_signer|scalar_mult:u_scalar|point_ops:u_point_ops|WideOr30~1                                                 ; 1280    ;
; tinysign_core:u_core|ecdsa_signer:u_signer|scalar_mult:u_scalar|point_ops:u_point_ops|WideOr31~1                                                 ; 1280    ;
; tinysign_core:u_core|ecdsa_signer:u_signer|scalar_mult:u_scalar|point_ops:u_point_ops|WideOr29~1                                                 ; 1280    ;
; tinysign_core:u_core|ecdsa_signer:u_signer|scalar_mult:u_scalar|point_ops:u_point_ops|WideOr28~1                                                 ; 1280    ;
; tinysign_core:u_core|ecdsa_signer:u_signer|scalar_mult:u_scalar|point_ops:u_point_ops|WideOr25~1                                                 ; 1280    ;
; tinysign_core:u_core|ecdsa_signer:u_signer|scalar_mult:u_scalar|point_ops:u_point_ops|WideOr26~1                                                 ; 1280    ;
; tinysign_core:u_core|ecdsa_signer:u_signer|scalar_mult:u_scalar|point_ops:u_point_ops|WideOr24~1                                                 ; 1280    ;
; tinysign_core:u_core|ecdsa_signer:u_signer|scalar_mult:u_scalar|point_ops:u_point_ops|WideOr23~1                                                 ; 1280    ;
; tinysign_core:u_core|key_manager:u_key_manager|scalar_mult:u_scalar|point_ops:u_point_ops|WideOr30~1                                             ; 1280    ;
; tinysign_core:u_core|key_manager:u_key_manager|scalar_mult:u_scalar|point_ops:u_point_ops|WideOr31~1                                             ; 1280    ;
; tinysign_core:u_core|key_manager:u_key_manager|scalar_mult:u_scalar|point_ops:u_point_ops|WideOr29~1                                             ; 1280    ;
; tinysign_core:u_core|key_manager:u_key_manager|scalar_mult:u_scalar|point_ops:u_point_ops|WideOr28~1                                             ; 1280    ;
; tinysign_core:u_core|key_manager:u_key_manager|scalar_mult:u_scalar|point_ops:u_point_ops|WideOr25~1                                             ; 1280    ;
; tinysign_core:u_core|key_manager:u_key_manager|scalar_mult:u_scalar|point_ops:u_point_ops|WideOr26~1                                             ; 1280    ;
; tinysign_core:u_core|key_manager:u_key_manager|scalar_mult:u_scalar|point_ops:u_point_ops|WideOr24~1                                             ; 1280    ;
; tinysign_core:u_core|key_manager:u_key_manager|scalar_mult:u_scalar|point_ops:u_point_ops|WideOr23~1                                             ; 1280    ;
; tinysign_core:u_core|ecdsa_signer:u_signer|rfc6979:u_nonce|hmac_sha256:u_hmac|sha256_hash:u_hash|sha256_compress:u_compress|round_count[0]       ; 1077    ;
; tinysign_core:u_core|ecdsa_signer:u_signer|rfc6979:u_nonce|hmac_sha256:u_hmac|sha256_hash:u_hash|sha256_compress:u_compress|round_count[2]       ; 1046    ;
; tinysign_core:u_core|ecdsa_signer:u_signer|rfc6979:u_nonce|hmac_sha256:u_hmac|sha256_hash:u_hash|block_count[0]~0                                ; 1037    ;
; tinysign_core:u_core|ecdsa_signer:u_signer|rfc6979:u_nonce|hmac_sha256:u_hmac|hash_length[0]~1                                                   ; 1031    ;
; tinysign_core:u_core|ecdsa_signer:u_signer|rfc6979:u_nonce|WideOr0~1                                                                             ; 1029    ;
; tinysign_core:u_core|ecdsa_signer:u_signer|scalar_mult:u_scalar|point_ops:u_point_ops|state.ST_FETCH                                             ; 785     ;
; tinysign_core:u_core|ecdsa_signer:u_signer|mod_inv:u_inverse|mod_mul:u_product|montgomery_mul:u_montgomery|state.ST_IDLE                         ; 783     ;
; tinysign_core:u_core|key_manager:u_key_manager|mod_inv:u_inverse|state.ST_WAIT                                                                   ; 782     ;
; tinysign_core:u_core|ecdsa_signer:u_signer|mod_inv:u_inverse|state.ST_WAIT                                                                       ; 782     ;
; tinysign_core:u_core|ecdsa_signer:u_signer|mod_inv:u_inverse|mod_mul:u_product|montgomery_mul:u_montgomery|a_reg~0                               ; 782     ;
; tinysign_core:u_core|key_manager:u_key_manager|scalar_mult:u_scalar|point_ops:u_point_ops|state.ST_FETCH                                         ; 781     ;
; tinysign_core:u_core|ecdsa_signer:u_signer|mod_inv:u_inverse|mod_mul:u_product|montgomery_mul:u_montgomery|state.ST_RUN                          ; 781     ;
; tinysign_core:u_core|key_manager:u_key_manager|scalar_mult:u_scalar|op_phase                                                                     ; 777     ;
; tinysign_core:u_core|ecdsa_signer:u_signer|mod_inv:u_inverse|base_reg[7]~1                                                                       ; 777     ;
; tinysign_core:u_core|key_manager:u_key_manager|mod_inv:u_inverse|base_reg[79]~1                                                                  ; 777     ;
; tinysign_core:u_core|ecdsa_signer:u_signer|scalar_mult:u_scalar|op_phase                                                                         ; 776     ;
; tinysign_core:u_core|ecdsa_signer:u_signer|scalar_mult:u_scalar|tmpz[255]~0                                                                      ; 768     ;
; tinysign_core:u_core|ecdsa_signer:u_signer|scalar_mult:u_scalar|sumz[255]~0                                                                      ; 768     ;
; tinysign_core:u_core|ecdsa_signer:u_signer|scalar_mult:u_scalar|point_z1~0                                                                       ; 768     ;
; tinysign_core:u_core|key_manager:u_key_manager|scalar_mult:u_scalar|tmpz[255]~0                                                                  ; 768     ;
; tinysign_core:u_core|key_manager:u_key_manager|scalar_mult:u_scalar|sumz[255]~0                                                                  ; 768     ;
; tinysign_core:u_core|key_manager:u_key_manager|scalar_mult:u_scalar|z_out[255]~0                                                                 ; 768     ;
; tinysign_core:u_core|key_manager:u_key_manager|scalar_mult:u_scalar|point_z1~0                                                                   ; 768     ;
; tinysign_core:u_core|ecdsa_signer:u_signer|rfc6979:u_nonce|hmac_sha256:u_hmac|sha256_hash:u_hash|sha256_compress:u_compress|h0[31]~0             ; 768     ;
; tinysign_core:u_core|ecdsa_signer:u_signer|scalar_mult:u_scalar|point_ops:u_point_ops|WideOr27~1                                                 ; 768     ;
; tinysign_core:u_core|ecdsa_signer:u_signer|scalar_mult:u_scalar|point_ops:u_point_ops|WideOr22~1                                                 ; 768     ;
; tinysign_core:u_core|key_manager:u_key_manager|scalar_mult:u_scalar|point_ops:u_point_ops|WideOr27~1                                             ; 768     ;
; tinysign_core:u_core|key_manager:u_key_manager|scalar_mult:u_scalar|point_ops:u_point_ops|WideOr22~1                                             ; 768     ;
; tinysign_core:u_core|ecdsa_signer:u_signer|scalar_mult:u_scalar|point_ops:u_point_ops|y3[12]~6                                                   ; 767     ;
; tinysign_core:u_core|ecdsa_signer:u_signer|scalar_mult:u_scalar|point_ops:u_point_ops|y3[12]~7                                                   ; 767     ;
; tinysign_core:u_core|key_manager:u_key_manager|scalar_mult:u_scalar|point_ops:u_point_ops|y3[12]~5                                               ; 767     ;
; tinysign_core:u_core|key_manager:u_key_manager|scalar_mult:u_scalar|point_ops:u_point_ops|y3[12]~6                                               ; 767     ;
; tinysign_core:u_core|ecdsa_signer:u_signer|scalar_mult:u_scalar|point_ops:u_point_ops|y3[12]~8                                                   ; 767     ;
; tinysign_core:u_core|key_manager:u_key_manager|scalar_mult:u_scalar|point_ops:u_point_ops|y3[12]~7                                               ; 767     ;
; tinysign_core:u_core|ecdsa_signer:u_signer|rfc6979:u_nonce|hmac_sha256:u_hmac|sha256_hash:u_hash|sha256_compress:u_compress|round_count[1]       ; 692     ;
; tinysign_core:u_core|ecdsa_signer:u_signer|rfc6979:u_nonce|hmac_sha256:u_hmac|sha256_hash:u_hash|sha256_compress:u_compress|round_count[5]       ; 567     ;
; tinysign_core:u_core|key_manager:u_key_manager|scalar_mult:u_scalar|point_ops:u_point_ops|mod_mul:u_mul|montgomery_mul:u_montgomery|state.ST_RUN ; 524     ;
; tinysign_core:u_core|ecdsa_signer:u_signer|mod_mul:u_multiply|montgomery_mul:u_montgomery|state.ST_RUN                                           ; 524     ;
; tinysign_core:u_core|ecdsa_signer:u_signer|mod_inv:u_inverse|mod_mul:u_square|montgomery_mul:u_montgomery|state.ST_RUN                           ; 524     ;
; tinysign_core:u_core|ecdsa_signer:u_signer|scalar_mult:u_scalar|point_ops:u_point_ops|mod_mul:u_mul|montgomery_mul:u_montgomery|state.ST_RUN     ; 524     ;
; tinysign_core:u_core|key_manager:u_key_manager|mod_mul:u_multiply|montgomery_mul:u_montgomery|state.ST_RUN                                       ; 524     ;
; tinysign_core:u_core|key_manager:u_key_manager|mod_inv:u_inverse|mod_mul:u_product|montgomery_mul:u_montgomery|state.ST_RUN                      ; 524     ;
; tinysign_core:u_core|key_manager:u_key_manager|mod_inv:u_inverse|mod_mul:u_square|montgomery_mul:u_montgomery|state.ST_RUN                       ; 524     ;
; tinysign_core:u_core|ecdsa_signer:u_signer|mod_inv:u_inverse|mod_mul:u_product|state.ST_WAIT                                                     ; 523     ;
; tinysign_core:u_core|ecdsa_signer:u_signer|mod_inv:u_inverse|mod_mul:u_square|state.ST_WAIT                                                      ; 523     ;
; tinysign_core:u_core|ecdsa_signer:u_signer|rfc6979:u_nonce|hmac_sha256:u_hmac|state.ST_INNER_WAIT                                                ; 522     ;
; tinysign_core:u_core|ecdsa_signer:u_signer|mod_mul:u_multiply|state.ST_WAIT                                                                      ; 522     ;
; tinysign_core:u_core|key_manager:u_key_manager|scalar_mult:u_scalar|point_ops:u_point_ops|mod_mul:u_mul|state.ST_WAIT                            ; 520     ;
; tinysign_core:u_core|ecdsa_signer:u_signer|scalar_mult:u_scalar|point_ops:u_point_ops|mod_mul:u_mul|state.ST_WAIT                                ; 520     ;
; tinysign_core:u_core|key_manager:u_key_manager|mod_mul:u_multiply|state.ST_WAIT                                                                  ; 520     ;
; tinysign_core:u_core|key_manager:u_key_manager|mod_inv:u_inverse|mod_mul:u_product|state.ST_WAIT                                                 ; 520     ;
; tinysign_core:u_core|key_manager:u_key_manager|mod_inv:u_inverse|mod_mul:u_square|state.ST_WAIT                                                  ; 520     ;
; tinysign_core:u_core|ecdsa_signer:u_signer|state.ST_X_WAIT                                                                                       ; 519     ;
; tinysign_core:u_core|ecdsa_signer:u_signer|rfc6979:u_nonce|state.ST_IDLE                                                                         ; 517     ;
; tinysign_core:u_core|ecdsa_signer:u_signer|rfc6979:u_nonce|Selector524~0                                                                         ; 515     ;
; tinysign_core:u_core|ecdsa_signer:u_signer|mod_add:u_add|b_reg[255]~0                                                                            ; 514     ;
; tinysign_core:u_core|key_manager:u_key_manager|mul_b[65]~3                                                                                       ; 514     ;
; tinysign_core:u_core|ecdsa_signer:u_signer|Selector1807~2                                                                                        ; 513     ;
; tinysign_core:u_core|ecdsa_signer:u_signer|add_start~0                                                                                           ; 513     ;
; tinysign_core:u_core|key_manager:u_key_manager|scalar_mult:u_scalar|point_ops:u_point_ops|mod_add:u_add|mod_reg[0]~0                             ; 513     ;
; tinysign_core:u_core|key_manager:u_key_manager|scalar_mult:u_scalar|point_ops:u_point_ops|mod_sub:u_sub|mod_reg[0]~0                             ; 513     ;
; tinysign_core:u_core|ecdsa_signer:u_signer|scalar_mult:u_scalar|point_ops:u_point_ops|mod_add:u_add|mod_reg[0]~0                                 ; 513     ;
; tinysign_core:u_core|ecdsa_signer:u_signer|scalar_mult:u_scalar|point_ops:u_point_ops|mod_sub:u_sub|mod_reg[0]~0                                 ; 513     ;
; tinysign_core:u_core|sig_r_reg~0                                                                                                                 ; 513     ;
; tinysign_core:u_core|ecdsa_signer:u_signer|rfc6979:u_nonce|hmac_message~0                                                                        ; 513     ;
; tinysign_core:u_core|ecdsa_signer:u_signer|scalar_mult:u_scalar|point_ops:u_point_ops|sub_a[255]~0                                               ; 513     ;
; tinysign_core:u_core|ecdsa_signer:u_signer|scalar_mult:u_scalar|point_ops:u_point_ops|mul_a[255]~0                                               ; 513     ;
; tinysign_core:u_core|key_manager:u_key_manager|scalar_mult:u_scalar|point_ops:u_point_ops|sub_a[255]~0                                           ; 513     ;
; tinysign_core:u_core|key_manager:u_key_manager|scalar_mult:u_scalar|point_ops:u_point_ops|mul_a[255]~0                                           ; 513     ;
; tinysign_core:u_core|ecdsa_signer:u_signer|scalar_mult:u_scalar|x_out[255]~0                                                                     ; 512     ;
; tinysign_core:u_core|ecdsa_signer:u_signer|s[179]~0                                                                                              ; 512     ;
; tinysign_core:u_core|ecdsa_signer:u_signer|s[179]~5                                                                                              ; 512     ;
; tinysign_core:u_core|ecdsa_signer:u_signer|mul_b[78]~0                                                                                           ; 512     ;
; tinysign_core:u_core|ecdsa_signer:u_signer|mul_b[78]~1                                                                                           ; 512     ;
; tinysign_core:u_core|key_manager:u_key_manager|point_x_reg[89]~0                                                                                 ; 512     ;
; tinysign_core:u_core|key_manager:u_key_manager|mul_b[65]~2                                                                                       ; 512     ;
; tinysign_core:u_core|sig_r_reg[102]~2                                                                                                            ; 512     ;
; tinysign_core:u_core|key_manager:u_key_manager|mul_b[65]~4                                                                                       ; 512     ;
; tinysign_core:u_core|ecdsa_signer:u_signer|scalar_mult:u_scalar|point_ops:u_point_ops|add_a[255]~0                                               ; 512     ;
; tinysign_core:u_core|key_manager:u_key_manager|scalar_mult:u_scalar|point_ops:u_point_ops|add_a[255]~0                                           ; 512     ;
+--------------------------------------------------------------------------------------------------------------------------------------------------+---------+


+------------------------------------------+
; I/O Rules Summary                        ;
+----------------------------------+-------+
; I/O Rules Statistic              ; Total ;
+----------------------------------+-------+
; Total I/O Rules                  ; 28    ;
; Number of I/O Rules Passed       ; 6     ;
; Number of I/O Rules Failed       ; 0     ;
; Number of I/O Rules Unchecked    ; 0     ;
; Number of I/O Rules Inapplicable ; 22    ;
+----------------------------------+-------+


+-----------------------------------------------------------------------------------------------------------------------------------------------------------------------------------------------------------------------------------------------------------------------------------+
; I/O Rules Details                                                                                                                                                                                                                                                                 ;
+--------------+-----------+-----------------------------------+------------------------------------------------------------------------------------+----------+--------------------------------------------------------------------------+---------------------+-------------------+
; Status       ; ID        ; Category                          ; Rule Description                                                                   ; Severity ; Information                                                              ; Area                ; Extra Information ;
+--------------+-----------+-----------------------------------+------------------------------------------------------------------------------------+----------+--------------------------------------------------------------------------+---------------------+-------------------+
; Inapplicable ; IO_000002 ; Capacity Checks                   ; Number of clocks in an I/O bank should not exceed the number of clocks available.  ; Critical ; No Global Signal assignments found.                                      ; I/O                 ;                   ;
; Inapplicable ; IO_000001 ; Capacity Checks                   ; Number of pins in an I/O bank should not exceed the number of locations available. ; Critical ; No Location assignments found.                                           ; I/O                 ;                   ;
; Inapplicable ; IO_000003 ; Capacity Checks                   ; Number of pins in a Vrefgroup should not exceed the number of locations available. ; Critical ; No Location assignments found.                                           ; I/O                 ;                   ;
; Inapplicable ; IO_000004 ; Voltage Compatibility Checks      ; The I/O bank should support the requested VCCIO.                                   ; Critical ; No IOBANK_VCCIO assignments found.                                       ; I/O                 ;                   ;
; Inapplicable ; IO_000005 ; Voltage Compatibility Checks      ; The I/O bank should not have competing VREF values.                                ; Critical ; No VREF I/O Standard assignments found.                                  ; I/O                 ;                   ;
; Pass         ; IO_000006 ; Voltage Compatibility Checks      ; The I/O bank should not have competing VCCIO values.                               ; Critical ; 0 such failures found.                                                   ; I/O                 ;                   ;
; Inapplicable ; IO_000007 ; Valid Location Checks             ; Checks for unavailable locations.                                                  ; Critical ; No Location assignments found.                                           ; I/O                 ;                   ;
; Inapplicable ; IO_000008 ; Valid Location Checks             ; Checks for reserved locations.                                                     ; Critical ; No reserved LogicLock region found.                                      ; I/O                 ;                   ;
; Inapplicable ; IO_000047 ; I/O Properties Checks for One I/O ; On Chip Termination and Slew Rate should not be used at the same time.             ; Critical ; No Slew Rate assignments found.                                          ; I/O                 ;                   ;
; Inapplicable ; IO_000046 ; I/O Properties Checks for One I/O ; The location should support the requested Slew Rate value.                         ; Critical ; No Slew Rate assignments found.                                          ; I/O                 ;                   ;
; Inapplicable ; IO_000045 ; I/O Properties Checks for One I/O ; The I/O standard should support the requested Slew Rate value.                     ; Critical ; No Slew Rate assignments found.                                          ; I/O                 ;                   ;
; Inapplicable ; IO_000027 ; I/O Properties Checks for One I/O ; Weak Pull Up and Bus Hold should not be used at the same time.                     ; Critical ; No Enable Bus-Hold Circuitry or Weak Pull-Up Resistor assignments found. ; I/O                 ;                   ;
; Inapplicable ; IO_000026 ; I/O Properties Checks for One I/O ; On Chip Termination and Current Strength should not be used at the same time.      ; Critical ; No Current Strength assignments found.                                   ; I/O                 ;                   ;
; Pass         ; IO_000024 ; I/O Properties Checks for One I/O ; The I/O direction should support the On Chip Termination value.                    ; Critical ; 0 such failures found.                                                   ; I/O                 ;                   ;
; Inapplicable ; IO_000023 ; I/O Properties Checks for One I/O ; The I/O standard should support the Open Drain value.                              ; Critical ; No open drain assignments found.                                         ; I/O                 ;                   ;
; Inapplicable ; IO_000022 ; I/O Properties Checks for One I/O ; The I/O standard should support the requested Bus Hold value.                      ; Critical ; No Enable Bus-Hold Circuitry assignments found.                          ; I/O                 ;                   ;
; Inapplicable ; IO_000021 ; I/O Properties Checks for One I/O ; The I/O standard should support the requested Weak Pull Up value.                  ; Critical ; No Weak Pull-Up Resistor assignments found.                              ; I/O                 ;                   ;
; Inapplicable ; IO_000020 ; I/O Properties Checks for One I/O ; The I/O standard should support the requested PCI Clamp Diode.                     ; Critical ; No Clamping Diode assignments found.                                     ; I/O                 ;                   ;
; Pass         ; IO_000019 ; I/O Properties Checks for One I/O ; The I/O standard should support the requested On Chip Termination value.           ; Critical ; 0 such failures found.                                                   ; I/O                 ;                   ;
; Inapplicable ; IO_000018 ; I/O Properties Checks for One I/O ; The I/O standard should support the requested Current Strength.                    ; Critical ; No Current Strength assignments found.                                   ; I/O                 ;                   ;
; Inapplicable ; IO_000015 ; I/O Properties Checks for One I/O ; The location should support the requested PCI Clamp Diode.                         ; Critical ; No Clamping Diode assignments found.                                     ; I/O                 ;                   ;
; Inapplicable ; IO_000014 ; I/O Properties Checks for One I/O ; The location should support the requested Weak Pull Up value.                      ; Critical ; No Weak Pull-Up Resistor assignments found.                              ; I/O                 ;                   ;
; Inapplicable ; IO_000013 ; I/O Properties Checks for One I/O ; The location should support the requested Bus Hold value.                          ; Critical ; No Enable Bus-Hold Circuitry assignments found.                          ; I/O                 ;                   ;
; Pass         ; IO_000012 ; I/O Properties Checks for One I/O ; The location should support the requested On Chip Termination value.               ; Critical ; 0 such failures found.                                                   ; I/O                 ;                   ;
; Inapplicable ; IO_000011 ; I/O Properties Checks for One I/O ; The location should support the requested Current Strength.                        ; Critical ; No Current Strength assignments found.                                   ; I/O                 ;                   ;
; Pass         ; IO_000010 ; I/O Properties Checks for One I/O ; The location should support the requested I/O direction.                           ; Critical ; 0 such failures found.                                                   ; I/O                 ;                   ;
; Pass         ; IO_000009 ; I/O Properties Checks for One I/O ; The location should support the requested I/O standard.                            ; Critical ; 0 such failures found.                                                   ; I/O                 ;                   ;
; Inapplicable ; IO_000034 ; SI Related Distance Checks        ; Single-ended outputs should be 0 LAB row(s) away from a differential I/O.          ; High     ; No Differential I/O Standard assignments found.                          ; I/O                 ;                   ;
; ----         ; ----      ; Disclaimer                        ; OCT rules are checked but not reported.                                            ; None     ; ----                                                                     ; On Chip Termination ;                   ;
+--------------+-----------+-----------------------------------+------------------------------------------------------------------------------------+----------+--------------------------------------------------------------------------+---------------------+-------------------+


+-----------------------------------------------------------------------------------------------------------------------------------------------------------------------------------------------------------------------------------------------------------------------------------------------------------------------------------------------------------------------------------------------------------------------------------------------+
; I/O Rules Matrix                                                                                                                                                                                                                                                                                                                                                                                                                              ;
+--------------------+--------------+--------------+--------------+--------------+--------------+-----------+--------------+--------------+--------------+--------------+--------------+--------------+--------------+--------------+--------------+--------------+--------------+--------------+--------------+--------------+--------------+--------------+--------------+--------------+--------------+-----------+-----------+--------------+
; Pin/Rules          ; IO_000002    ; IO_000001    ; IO_000003    ; IO_000004    ; IO_000005    ; IO_000006 ; IO_000007    ; IO_000008    ; IO_000047    ; IO_000046    ; IO_000045    ; IO_000027    ; IO_000026    ; IO_000024    ; IO_000023    ; IO_000022    ; IO_000021    ; IO_000020    ; IO_000019    ; IO_000018    ; IO_000015    ; IO_000014    ; IO_000013    ; IO_000012    ; IO_000011    ; IO_000010 ; IO_000009 ; IO_000034    ;
+--------------------+--------------+--------------+--------------+--------------+--------------+-----------+--------------+--------------+--------------+--------------+--------------+--------------+--------------+--------------+--------------+--------------+--------------+--------------+--------------+--------------+--------------+--------------+--------------+--------------+--------------+-----------+-----------+--------------+
; Total Pass         ; 0            ; 0            ; 0            ; 0            ; 0            ; 81        ; 0            ; 0            ; 0            ; 0            ; 0            ; 0            ; 0            ; 33           ; 0            ; 0            ; 0            ; 0            ; 33           ; 0            ; 0            ; 0            ; 0            ; 33           ; 0            ; 81        ; 81        ; 0            ;
; Total Unchecked    ; 0            ; 0            ; 0            ; 0            ; 0            ; 0         ; 0            ; 0            ; 0            ; 0            ; 0            ; 0            ; 0            ; 0            ; 0            ; 0            ; 0            ; 0            ; 0            ; 0            ; 0            ; 0            ; 0            ; 0            ; 0            ; 0         ; 0         ; 0            ;
; Total Inapplicable ; 81           ; 81           ; 81           ; 81           ; 81           ; 0         ; 81           ; 81           ; 81           ; 81           ; 81           ; 81           ; 81           ; 48           ; 81           ; 81           ; 81           ; 81           ; 48           ; 81           ; 81           ; 81           ; 81           ; 48           ; 81           ; 0         ; 0         ; 81           ;
; Total Fail         ; 0            ; 0            ; 0            ; 0            ; 0            ; 0         ; 0            ; 0            ; 0            ; 0            ; 0            ; 0            ; 0            ; 0            ; 0            ; 0            ; 0            ; 0            ; 0            ; 0            ; 0            ; 0            ; 0            ; 0            ; 0            ; 0         ; 0         ; 0            ;
; avs_readdata[0]    ; Inapplicable ; Inapplicable ; Inapplicable ; Inapplicable ; Inapplicable ; Pass      ; Inapplicable ; Inapplicable ; Inapplicable ; Inapplicable ; Inapplicable ; Inapplicable ; Inapplicable ; Pass         ; Inapplicable ; Inapplicable ; Inapplicable ; Inapplicable ; Pass         ; Inapplicable ; Inapplicable ; Inapplicable ; Inapplicable ; Pass         ; Inapplicable ; Pass      ; Pass      ; Inapplicable ;
; avs_readdata[1]    ; Inapplicable ; Inapplicable ; Inapplicable ; Inapplicable ; Inapplicable ; Pass      ; Inapplicable ; Inapplicable ; Inapplicable ; Inapplicable ; Inapplicable ; Inapplicable ; Inapplicable ; Pass         ; Inapplicable ; Inapplicable ; Inapplicable ; Inapplicable ; Pass         ; Inapplicable ; Inapplicable ; Inapplicable ; Inapplicable ; Pass         ; Inapplicable ; Pass      ; Pass      ; Inapplicable ;
; avs_readdata[2]    ; Inapplicable ; Inapplicable ; Inapplicable ; Inapplicable ; Inapplicable ; Pass      ; Inapplicable ; Inapplicable ; Inapplicable ; Inapplicable ; Inapplicable ; Inapplicable ; Inapplicable ; Pass         ; Inapplicable ; Inapplicable ; Inapplicable ; Inapplicable ; Pass         ; Inapplicable ; Inapplicable ; Inapplicable ; Inapplicable ; Pass         ; Inapplicable ; Pass      ; Pass      ; Inapplicable ;
; avs_readdata[3]    ; Inapplicable ; Inapplicable ; Inapplicable ; Inapplicable ; Inapplicable ; Pass      ; Inapplicable ; Inapplicable ; Inapplicable ; Inapplicable ; Inapplicable ; Inapplicable ; Inapplicable ; Pass         ; Inapplicable ; Inapplicable ; Inapplicable ; Inapplicable ; Pass         ; Inapplicable ; Inapplicable ; Inapplicable ; Inapplicable ; Pass         ; Inapplicable ; Pass      ; Pass      ; Inapplicable ;
; avs_readdata[4]    ; Inapplicable ; Inapplicable ; Inapplicable ; Inapplicable ; Inapplicable ; Pass      ; Inapplicable ; Inapplicable ; Inapplicable ; Inapplicable ; Inapplicable ; Inapplicable ; Inapplicable ; Pass         ; Inapplicable ; Inapplicable ; Inapplicable ; Inapplicable ; Pass         ; Inapplicable ; Inapplicable ; Inapplicable ; Inapplicable ; Pass         ; Inapplicable ; Pass      ; Pass      ; Inapplicable ;
; avs_readdata[5]    ; Inapplicable ; Inapplicable ; Inapplicable ; Inapplicable ; Inapplicable ; Pass      ; Inapplicable ; Inapplicable ; Inapplicable ; Inapplicable ; Inapplicable ; Inapplicable ; Inapplicable ; Pass         ; Inapplicable ; Inapplicable ; Inapplicable ; Inapplicable ; Pass         ; Inapplicable ; Inapplicable ; Inapplicable ; Inapplicable ; Pass         ; Inapplicable ; Pass      ; Pass      ; Inapplicable ;
; avs_readdata[6]    ; Inapplicable ; Inapplicable ; Inapplicable ; Inapplicable ; Inapplicable ; Pass      ; Inapplicable ; Inapplicable ; Inapplicable ; Inapplicable ; Inapplicable ; Inapplicable ; Inapplicable ; Pass         ; Inapplicable ; Inapplicable ; Inapplicable ; Inapplicable ; Pass         ; Inapplicable ; Inapplicable ; Inapplicable ; Inapplicable ; Pass         ; Inapplicable ; Pass      ; Pass      ; Inapplicable ;
; avs_readdata[7]    ; Inapplicable ; Inapplicable ; Inapplicable ; Inapplicable ; Inapplicable ; Pass      ; Inapplicable ; Inapplicable ; Inapplicable ; Inapplicable ; Inapplicable ; Inapplicable ; Inapplicable ; Pass         ; Inapplicable ; Inapplicable ; Inapplicable ; Inapplicable ; Pass         ; Inapplicable ; Inapplicable ; Inapplicable ; Inapplicable ; Pass         ; Inapplicable ; Pass      ; Pass      ; Inapplicable ;
; avs_readdata[8]    ; Inapplicable ; Inapplicable ; Inapplicable ; Inapplicable ; Inapplicable ; Pass      ; Inapplicable ; Inapplicable ; Inapplicable ; Inapplicable ; Inapplicable ; Inapplicable ; Inapplicable ; Pass         ; Inapplicable ; Inapplicable ; Inapplicable ; Inapplicable ; Pass         ; Inapplicable ; Inapplicable ; Inapplicable ; Inapplicable ; Pass         ; Inapplicable ; Pass      ; Pass      ; Inapplicable ;
; avs_readdata[9]    ; Inapplicable ; Inapplicable ; Inapplicable ; Inapplicable ; Inapplicable ; Pass      ; Inapplicable ; Inapplicable ; Inapplicable ; Inapplicable ; Inapplicable ; Inapplicable ; Inapplicable ; Pass         ; Inapplicable ; Inapplicable ; Inapplicable ; Inapplicable ; Pass         ; Inapplicable ; Inapplicable ; Inapplicable ; Inapplicable ; Pass         ; Inapplicable ; Pass      ; Pass      ; Inapplicable ;
; avs_readdata[10]   ; Inapplicable ; Inapplicable ; Inapplicable ; Inapplicable ; Inapplicable ; Pass      ; Inapplicable ; Inapplicable ; Inapplicable ; Inapplicable ; Inapplicable ; Inapplicable ; Inapplicable ; Pass         ; Inapplicable ; Inapplicable ; Inapplicable ; Inapplicable ; Pass         ; Inapplicable ; Inapplicable ; Inapplicable ; Inapplicable ; Pass         ; Inapplicable ; Pass      ; Pass      ; Inapplicable ;
; avs_readdata[11]   ; Inapplicable ; Inapplicable ; Inapplicable ; Inapplicable ; Inapplicable ; Pass      ; Inapplicable ; Inapplicable ; Inapplicable ; Inapplicable ; Inapplicable ; Inapplicable ; Inapplicable ; Pass         ; Inapplicable ; Inapplicable ; Inapplicable ; Inapplicable ; Pass         ; Inapplicable ; Inapplicable ; Inapplicable ; Inapplicable ; Pass         ; Inapplicable ; Pass      ; Pass      ; Inapplicable ;
; avs_readdata[12]   ; Inapplicable ; Inapplicable ; Inapplicable ; Inapplicable ; Inapplicable ; Pass      ; Inapplicable ; Inapplicable ; Inapplicable ; Inapplicable ; Inapplicable ; Inapplicable ; Inapplicable ; Pass         ; Inapplicable ; Inapplicable ; Inapplicable ; Inapplicable ; Pass         ; Inapplicable ; Inapplicable ; Inapplicable ; Inapplicable ; Pass         ; Inapplicable ; Pass      ; Pass      ; Inapplicable ;
; avs_readdata[13]   ; Inapplicable ; Inapplicable ; Inapplicable ; Inapplicable ; Inapplicable ; Pass      ; Inapplicable ; Inapplicable ; Inapplicable ; Inapplicable ; Inapplicable ; Inapplicable ; Inapplicable ; Pass         ; Inapplicable ; Inapplicable ; Inapplicable ; Inapplicable ; Pass         ; Inapplicable ; Inapplicable ; Inapplicable ; Inapplicable ; Pass         ; Inapplicable ; Pass      ; Pass      ; Inapplicable ;
; avs_readdata[14]   ; Inapplicable ; Inapplicable ; Inapplicable ; Inapplicable ; Inapplicable ; Pass      ; Inapplicable ; Inapplicable ; Inapplicable ; Inapplicable ; Inapplicable ; Inapplicable ; Inapplicable ; Pass         ; Inapplicable ; Inapplicable ; Inapplicable ; Inapplicable ; Pass         ; Inapplicable ; Inapplicable ; Inapplicable ; Inapplicable ; Pass         ; Inapplicable ; Pass      ; Pass      ; Inapplicable ;
; avs_readdata[15]   ; Inapplicable ; Inapplicable ; Inapplicable ; Inapplicable ; Inapplicable ; Pass      ; Inapplicable ; Inapplicable ; Inapplicable ; Inapplicable ; Inapplicable ; Inapplicable ; Inapplicable ; Pass         ; Inapplicable ; Inapplicable ; Inapplicable ; Inapplicable ; Pass         ; Inapplicable ; Inapplicable ; Inapplicable ; Inapplicable ; Pass         ; Inapplicable ; Pass      ; Pass      ; Inapplicable ;
; avs_readdata[16]   ; Inapplicable ; Inapplicable ; Inapplicable ; Inapplicable ; Inapplicable ; Pass      ; Inapplicable ; Inapplicable ; Inapplicable ; Inapplicable ; Inapplicable ; Inapplicable ; Inapplicable ; Pass         ; Inapplicable ; Inapplicable ; Inapplicable ; Inapplicable ; Pass         ; Inapplicable ; Inapplicable ; Inapplicable ; Inapplicable ; Pass         ; Inapplicable ; Pass      ; Pass      ; Inapplicable ;
; avs_readdata[17]   ; Inapplicable ; Inapplicable ; Inapplicable ; Inapplicable ; Inapplicable ; Pass      ; Inapplicable ; Inapplicable ; Inapplicable ; Inapplicable ; Inapplicable ; Inapplicable ; Inapplicable ; Pass         ; Inapplicable ; Inapplicable ; Inapplicable ; Inapplicable ; Pass         ; Inapplicable ; Inapplicable ; Inapplicable ; Inapplicable ; Pass         ; Inapplicable ; Pass      ; Pass      ; Inapplicable ;
; avs_readdata[18]   ; Inapplicable ; Inapplicable ; Inapplicable ; Inapplicable ; Inapplicable ; Pass      ; Inapplicable ; Inapplicable ; Inapplicable ; Inapplicable ; Inapplicable ; Inapplicable ; Inapplicable ; Pass         ; Inapplicable ; Inapplicable ; Inapplicable ; Inapplicable ; Pass         ; Inapplicable ; Inapplicable ; Inapplicable ; Inapplicable ; Pass         ; Inapplicable ; Pass      ; Pass      ; Inapplicable ;
; avs_readdata[19]   ; Inapplicable ; Inapplicable ; Inapplicable ; Inapplicable ; Inapplicable ; Pass      ; Inapplicable ; Inapplicable ; Inapplicable ; Inapplicable ; Inapplicable ; Inapplicable ; Inapplicable ; Pass         ; Inapplicable ; Inapplicable ; Inapplicable ; Inapplicable ; Pass         ; Inapplicable ; Inapplicable ; Inapplicable ; Inapplicable ; Pass         ; Inapplicable ; Pass      ; Pass      ; Inapplicable ;
; avs_readdata[20]   ; Inapplicable ; Inapplicable ; Inapplicable ; Inapplicable ; Inapplicable ; Pass      ; Inapplicable ; Inapplicable ; Inapplicable ; Inapplicable ; Inapplicable ; Inapplicable ; Inapplicable ; Pass         ; Inapplicable ; Inapplicable ; Inapplicable ; Inapplicable ; Pass         ; Inapplicable ; Inapplicable ; Inapplicable ; Inapplicable ; Pass         ; Inapplicable ; Pass      ; Pass      ; Inapplicable ;
; avs_readdata[21]   ; Inapplicable ; Inapplicable ; Inapplicable ; Inapplicable ; Inapplicable ; Pass      ; Inapplicable ; Inapplicable ; Inapplicable ; Inapplicable ; Inapplicable ; Inapplicable ; Inapplicable ; Pass         ; Inapplicable ; Inapplicable ; Inapplicable ; Inapplicable ; Pass         ; Inapplicable ; Inapplicable ; Inapplicable ; Inapplicable ; Pass         ; Inapplicable ; Pass      ; Pass      ; Inapplicable ;
; avs_readdata[22]   ; Inapplicable ; Inapplicable ; Inapplicable ; Inapplicable ; Inapplicable ; Pass      ; Inapplicable ; Inapplicable ; Inapplicable ; Inapplicable ; Inapplicable ; Inapplicable ; Inapplicable ; Pass         ; Inapplicable ; Inapplicable ; Inapplicable ; Inapplicable ; Pass         ; Inapplicable ; Inapplicable ; Inapplicable ; Inapplicable ; Pass         ; Inapplicable ; Pass      ; Pass      ; Inapplicable ;
; avs_readdata[23]   ; Inapplicable ; Inapplicable ; Inapplicable ; Inapplicable ; Inapplicable ; Pass      ; Inapplicable ; Inapplicable ; Inapplicable ; Inapplicable ; Inapplicable ; Inapplicable ; Inapplicable ; Pass         ; Inapplicable ; Inapplicable ; Inapplicable ; Inapplicable ; Pass         ; Inapplicable ; Inapplicable ; Inapplicable ; Inapplicable ; Pass         ; Inapplicable ; Pass      ; Pass      ; Inapplicable ;
; avs_readdata[24]   ; Inapplicable ; Inapplicable ; Inapplicable ; Inapplicable ; Inapplicable ; Pass      ; Inapplicable ; Inapplicable ; Inapplicable ; Inapplicable ; Inapplicable ; Inapplicable ; Inapplicable ; Pass         ; Inapplicable ; Inapplicable ; Inapplicable ; Inapplicable ; Pass         ; Inapplicable ; Inapplicable ; Inapplicable ; Inapplicable ; Pass         ; Inapplicable ; Pass      ; Pass      ; Inapplicable ;
; avs_readdata[25]   ; Inapplicable ; Inapplicable ; Inapplicable ; Inapplicable ; Inapplicable ; Pass      ; Inapplicable ; Inapplicable ; Inapplicable ; Inapplicable ; Inapplicable ; Inapplicable ; Inapplicable ; Pass         ; Inapplicable ; Inapplicable ; Inapplicable ; Inapplicable ; Pass         ; Inapplicable ; Inapplicable ; Inapplicable ; Inapplicable ; Pass         ; Inapplicable ; Pass      ; Pass      ; Inapplicable ;
; avs_readdata[26]   ; Inapplicable ; Inapplicable ; Inapplicable ; Inapplicable ; Inapplicable ; Pass      ; Inapplicable ; Inapplicable ; Inapplicable ; Inapplicable ; Inapplicable ; Inapplicable ; Inapplicable ; Pass         ; Inapplicable ; Inapplicable ; Inapplicable ; Inapplicable ; Pass         ; Inapplicable ; Inapplicable ; Inapplicable ; Inapplicable ; Pass         ; Inapplicable ; Pass      ; Pass      ; Inapplicable ;
; avs_readdata[27]   ; Inapplicable ; Inapplicable ; Inapplicable ; Inapplicable ; Inapplicable ; Pass      ; Inapplicable ; Inapplicable ; Inapplicable ; Inapplicable ; Inapplicable ; Inapplicable ; Inapplicable ; Pass         ; Inapplicable ; Inapplicable ; Inapplicable ; Inapplicable ; Pass         ; Inapplicable ; Inapplicable ; Inapplicable ; Inapplicable ; Pass         ; Inapplicable ; Pass      ; Pass      ; Inapplicable ;
; avs_readdata[28]   ; Inapplicable ; Inapplicable ; Inapplicable ; Inapplicable ; Inapplicable ; Pass      ; Inapplicable ; Inapplicable ; Inapplicable ; Inapplicable ; Inapplicable ; Inapplicable ; Inapplicable ; Pass         ; Inapplicable ; Inapplicable ; Inapplicable ; Inapplicable ; Pass         ; Inapplicable ; Inapplicable ; Inapplicable ; Inapplicable ; Pass         ; Inapplicable ; Pass      ; Pass      ; Inapplicable ;
; avs_readdata[29]   ; Inapplicable ; Inapplicable ; Inapplicable ; Inapplicable ; Inapplicable ; Pass      ; Inapplicable ; Inapplicable ; Inapplicable ; Inapplicable ; Inapplicable ; Inapplicable ; Inapplicable ; Pass         ; Inapplicable ; Inapplicable ; Inapplicable ; Inapplicable ; Pass         ; Inapplicable ; Inapplicable ; Inapplicable ; Inapplicable ; Pass         ; Inapplicable ; Pass      ; Pass      ; Inapplicable ;
; avs_readdata[30]   ; Inapplicable ; Inapplicable ; Inapplicable ; Inapplicable ; Inapplicable ; Pass      ; Inapplicable ; Inapplicable ; Inapplicable ; Inapplicable ; Inapplicable ; Inapplicable ; Inapplicable ; Pass         ; Inapplicable ; Inapplicable ; Inapplicable ; Inapplicable ; Pass         ; Inapplicable ; Inapplicable ; Inapplicable ; Inapplicable ; Pass         ; Inapplicable ; Pass      ; Pass      ; Inapplicable ;
; avs_readdata[31]   ; Inapplicable ; Inapplicable ; Inapplicable ; Inapplicable ; Inapplicable ; Pass      ; Inapplicable ; Inapplicable ; Inapplicable ; Inapplicable ; Inapplicable ; Inapplicable ; Inapplicable ; Pass         ; Inapplicable ; Inapplicable ; Inapplicable ; Inapplicable ; Pass         ; Inapplicable ; Inapplicable ; Inapplicable ; Inapplicable ; Pass         ; Inapplicable ; Pass      ; Pass      ; Inapplicable ;
; avs_waitrequest    ; Inapplicable ; Inapplicable ; Inapplicable ; Inapplicable ; Inapplicable ; Pass      ; Inapplicable ; Inapplicable ; Inapplicable ; Inapplicable ; Inapplicable ; Inapplicable ; Inapplicable ; Pass         ; Inapplicable ; Inapplicable ; Inapplicable ; Inapplicable ; Pass         ; Inapplicable ; Inapplicable ; Inapplicable ; Inapplicable ; Pass         ; Inapplicable ; Pass      ; Pass      ; Inapplicable ;
; avs_read           ; Inapplicable ; Inapplicable ; Inapplicable ; Inapplicable ; Inapplicable ; Pass      ; Inapplicable ; Inapplicable ; Inapplicable ; Inapplicable ; Inapplicable ; Inapplicable ; Inapplicable ; Inapplicable ; Inapplicable ; Inapplicable ; Inapplicable ; Inapplicable ; Inapplicable ; Inapplicable ; Inapplicable ; Inapplicable ; Inapplicable ; Inapplicable ; Inapplicable ; Pass      ; Pass      ; Inapplicable ;
; avs_address[2]     ; Inapplicable ; Inapplicable ; Inapplicable ; Inapplicable ; Inapplicable ; Pass      ; Inapplicable ; Inapplicable ; Inapplicable ; Inapplicable ; Inapplicable ; Inapplicable ; Inapplicable ; Inapplicable ; Inapplicable ; Inapplicable ; Inapplicable ; Inapplicable ; Inapplicable ; Inapplicable ; Inapplicable ; Inapplicable ; Inapplicable ; Inapplicable ; Inapplicable ; Pass      ; Pass      ; Inapplicable ;
; avs_address[3]     ; Inapplicable ; Inapplicable ; Inapplicable ; Inapplicable ; Inapplicable ; Pass      ; Inapplicable ; Inapplicable ; Inapplicable ; Inapplicable ; Inapplicable ; Inapplicable ; Inapplicable ; Inapplicable ; Inapplicable ; Inapplicable ; Inapplicable ; Inapplicable ; Inapplicable ; Inapplicable ; Inapplicable ; Inapplicable ; Inapplicable ; Inapplicable ; Inapplicable ; Pass      ; Pass      ; Inapplicable ;
; avs_address[6]     ; Inapplicable ; Inapplicable ; Inapplicable ; Inapplicable ; Inapplicable ; Pass      ; Inapplicable ; Inapplicable ; Inapplicable ; Inapplicable ; Inapplicable ; Inapplicable ; Inapplicable ; Inapplicable ; Inapplicable ; Inapplicable ; Inapplicable ; Inapplicable ; Inapplicable ; Inapplicable ; Inapplicable ; Inapplicable ; Inapplicable ; Inapplicable ; Inapplicable ; Pass      ; Pass      ; Inapplicable ;
; avs_address[4]     ; Inapplicable ; Inapplicable ; Inapplicable ; Inapplicable ; Inapplicable ; Pass      ; Inapplicable ; Inapplicable ; Inapplicable ; Inapplicable ; Inapplicable ; Inapplicable ; Inapplicable ; Inapplicable ; Inapplicable ; Inapplicable ; Inapplicable ; Inapplicable ; Inapplicable ; Inapplicable ; Inapplicable ; Inapplicable ; Inapplicable ; Inapplicable ; Inapplicable ; Pass      ; Pass      ; Inapplicable ;
; avs_address[5]     ; Inapplicable ; Inapplicable ; Inapplicable ; Inapplicable ; Inapplicable ; Pass      ; Inapplicable ; Inapplicable ; Inapplicable ; Inapplicable ; Inapplicable ; Inapplicable ; Inapplicable ; Inapplicable ; Inapplicable ; Inapplicable ; Inapplicable ; Inapplicable ; Inapplicable ; Inapplicable ; Inapplicable ; Inapplicable ; Inapplicable ; Inapplicable ; Inapplicable ; Pass      ; Pass      ; Inapplicable ;
; avs_address[7]     ; Inapplicable ; Inapplicable ; Inapplicable ; Inapplicable ; Inapplicable ; Pass      ; Inapplicable ; Inapplicable ; Inapplicable ; Inapplicable ; Inapplicable ; Inapplicable ; Inapplicable ; Inapplicable ; Inapplicable ; Inapplicable ; Inapplicable ; Inapplicable ; Inapplicable ; Inapplicable ; Inapplicable ; Inapplicable ; Inapplicable ; Inapplicable ; Inapplicable ; Pass      ; Pass      ; Inapplicable ;
; avs_address[0]     ; Inapplicable ; Inapplicable ; Inapplicable ; Inapplicable ; Inapplicable ; Pass      ; Inapplicable ; Inapplicable ; Inapplicable ; Inapplicable ; Inapplicable ; Inapplicable ; Inapplicable ; Inapplicable ; Inapplicable ; Inapplicable ; Inapplicable ; Inapplicable ; Inapplicable ; Inapplicable ; Inapplicable ; Inapplicable ; Inapplicable ; Inapplicable ; Inapplicable ; Pass      ; Pass      ; Inapplicable ;
; avs_address[1]     ; Inapplicable ; Inapplicable ; Inapplicable ; Inapplicable ; Inapplicable ; Pass      ; Inapplicable ; Inapplicable ; Inapplicable ; Inapplicable ; Inapplicable ; Inapplicable ; Inapplicable ; Inapplicable ; Inapplicable ; Inapplicable ; Inapplicable ; Inapplicable ; Inapplicable ; Inapplicable ; Inapplicable ; Inapplicable ; Inapplicable ; Inapplicable ; Inapplicable ; Pass      ; Pass      ; Inapplicable ;
; avs_write          ; Inapplicable ; Inapplicable ; Inapplicable ; Inapplicable ; Inapplicable ; Pass      ; Inapplicable ; Inapplicable ; Inapplicable ; Inapplicable ; Inapplicable ; Inapplicable ; Inapplicable ; Inapplicable ; Inapplicable ; Inapplicable ; Inapplicable ; Inapplicable ; Inapplicable ; Inapplicable ; Inapplicable ; Inapplicable ; Inapplicable ; Inapplicable ; Inapplicable ; Pass      ; Pass      ; Inapplicable ;
; avs_writedata[2]   ; Inapplicable ; Inapplicable ; Inapplicable ; Inapplicable ; Inapplicable ; Pass      ; Inapplicable ; Inapplicable ; Inapplicable ; Inapplicable ; Inapplicable ; Inapplicable ; Inapplicable ; Inapplicable ; Inapplicable ; Inapplicable ; Inapplicable ; Inapplicable ; Inapplicable ; Inapplicable ; Inapplicable ; Inapplicable ; Inapplicable ; Inapplicable ; Inapplicable ; Pass      ; Pass      ; Inapplicable ;
; avs_writedata[1]   ; Inapplicable ; Inapplicable ; Inapplicable ; Inapplicable ; Inapplicable ; Pass      ; Inapplicable ; Inapplicable ; Inapplicable ; Inapplicable ; Inapplicable ; Inapplicable ; Inapplicable ; Inapplicable ; Inapplicable ; Inapplicable ; Inapplicable ; Inapplicable ; Inapplicable ; Inapplicable ; Inapplicable ; Inapplicable ; Inapplicable ; Inapplicable ; Inapplicable ; Pass      ; Pass      ; Inapplicable ;
; avs_writedata[0]   ; Inapplicable ; Inapplicable ; Inapplicable ; Inapplicable ; Inapplicable ; Pass      ; Inapplicable ; Inapplicable ; Inapplicable ; Inapplicable ; Inapplicable ; Inapplicable ; Inapplicable ; Inapplicable ; Inapplicable ; Inapplicable ; Inapplicable ; Inapplicable ; Inapplicable ; Inapplicable ; Inapplicable ; Inapplicable ; Inapplicable ; Inapplicable ; Inapplicable ; Pass      ; Pass      ; Inapplicable ;
; avs_writedata[22]  ; Inapplicable ; Inapplicable ; Inapplicable ; Inapplicable ; Inapplicable ; Pass      ; Inapplicable ; Inapplicable ; Inapplicable ; Inapplicable ; Inapplicable ; Inapplicable ; Inapplicable ; Inapplicable ; Inapplicable ; Inapplicable ; Inapplicable ; Inapplicable ; Inapplicable ; Inapplicable ; Inapplicable ; Inapplicable ; Inapplicable ; Inapplicable ; Inapplicable ; Pass      ; Pass      ; Inapplicable ;
; avs_writedata[24]  ; Inapplicable ; Inapplicable ; Inapplicable ; Inapplicable ; Inapplicable ; Pass      ; Inapplicable ; Inapplicable ; Inapplicable ; Inapplicable ; Inapplicable ; Inapplicable ; Inapplicable ; Inapplicable ; Inapplicable ; Inapplicable ; Inapplicable ; Inapplicable ; Inapplicable ; Inapplicable ; Inapplicable ; Inapplicable ; Inapplicable ; Inapplicable ; Inapplicable ; Pass      ; Pass      ; Inapplicable ;
; avs_writedata[12]  ; Inapplicable ; Inapplicable ; Inapplicable ; Inapplicable ; Inapplicable ; Pass      ; Inapplicable ; Inapplicable ; Inapplicable ; Inapplicable ; Inapplicable ; Inapplicable ; Inapplicable ; Inapplicable ; Inapplicable ; Inapplicable ; Inapplicable ; Inapplicable ; Inapplicable ; Inapplicable ; Inapplicable ; Inapplicable ; Inapplicable ; Inapplicable ; Inapplicable ; Pass      ; Pass      ; Inapplicable ;
; avs_writedata[26]  ; Inapplicable ; Inapplicable ; Inapplicable ; Inapplicable ; Inapplicable ; Pass      ; Inapplicable ; Inapplicable ; Inapplicable ; Inapplicable ; Inapplicable ; Inapplicable ; Inapplicable ; Inapplicable ; Inapplicable ; Inapplicable ; Inapplicable ; Inapplicable ; Inapplicable ; Inapplicable ; Inapplicable ; Inapplicable ; Inapplicable ; Inapplicable ; Inapplicable ; Pass      ; Pass      ; Inapplicable ;
; avs_writedata[4]   ; Inapplicable ; Inapplicable ; Inapplicable ; Inapplicable ; Inapplicable ; Pass      ; Inapplicable ; Inapplicable ; Inapplicable ; Inapplicable ; Inapplicable ; Inapplicable ; Inapplicable ; Inapplicable ; Inapplicable ; Inapplicable ; Inapplicable ; Inapplicable ; Inapplicable ; Inapplicable ; Inapplicable ; Inapplicable ; Inapplicable ; Inapplicable ; Inapplicable ; Pass      ; Pass      ; Inapplicable ;
; avs_writedata[6]   ; Inapplicable ; Inapplicable ; Inapplicable ; Inapplicable ; Inapplicable ; Pass      ; Inapplicable ; Inapplicable ; Inapplicable ; Inapplicable ; Inapplicable ; Inapplicable ; Inapplicable ; Inapplicable ; Inapplicable ; Inapplicable ; Inapplicable ; Inapplicable ; Inapplicable ; Inapplicable ; Inapplicable ; Inapplicable ; Inapplicable ; Inapplicable ; Inapplicable ; Pass      ; Pass      ; Inapplicable ;
; avs_writedata[11]  ; Inapplicable ; Inapplicable ; Inapplicable ; Inapplicable ; Inapplicable ; Pass      ; Inapplicable ; Inapplicable ; Inapplicable ; Inapplicable ; Inapplicable ; Inapplicable ; Inapplicable ; Inapplicable ; Inapplicable ; Inapplicable ; Inapplicable ; Inapplicable ; Inapplicable ; Inapplicable ; Inapplicable ; Inapplicable ; Inapplicable ; Inapplicable ; Inapplicable ; Pass      ; Pass      ; Inapplicable ;
; avs_writedata[3]   ; Inapplicable ; Inapplicable ; Inapplicable ; Inapplicable ; Inapplicable ; Pass      ; Inapplicable ; Inapplicable ; Inapplicable ; Inapplicable ; Inapplicable ; Inapplicable ; Inapplicable ; Inapplicable ; Inapplicable ; Inapplicable ; Inapplicable ; Inapplicable ; Inapplicable ; Inapplicable ; Inapplicable ; Inapplicable ; Inapplicable ; Inapplicable ; Inapplicable ; Pass      ; Pass      ; Inapplicable ;
; avs_writedata[9]   ; Inapplicable ; Inapplicable ; Inapplicable ; Inapplicable ; Inapplicable ; Pass      ; Inapplicable ; Inapplicable ; Inapplicable ; Inapplicable ; Inapplicable ; Inapplicable ; Inapplicable ; Inapplicable ; Inapplicable ; Inapplicable ; Inapplicable ; Inapplicable ; Inapplicable ; Inapplicable ; Inapplicable ; Inapplicable ; Inapplicable ; Inapplicable ; Inapplicable ; Pass      ; Pass      ; Inapplicable ;
; avs_writedata[5]   ; Inapplicable ; Inapplicable ; Inapplicable ; Inapplicable ; Inapplicable ; Pass      ; Inapplicable ; Inapplicable ; Inapplicable ; Inapplicable ; Inapplicable ; Inapplicable ; Inapplicable ; Inapplicable ; Inapplicable ; Inapplicable ; Inapplicable ; Inapplicable ; Inapplicable ; Inapplicable ; Inapplicable ; Inapplicable ; Inapplicable ; Inapplicable ; Inapplicable ; Pass      ; Pass      ; Inapplicable ;
; avs_writedata[17]  ; Inapplicable ; Inapplicable ; Inapplicable ; Inapplicable ; Inapplicable ; Pass      ; Inapplicable ; Inapplicable ; Inapplicable ; Inapplicable ; Inapplicable ; Inapplicable ; Inapplicable ; Inapplicable ; Inapplicable ; Inapplicable ; Inapplicable ; Inapplicable ; Inapplicable ; Inapplicable ; Inapplicable ; Inapplicable ; Inapplicable ; Inapplicable ; Inapplicable ; Pass      ; Pass      ; Inapplicable ;
; avs_writedata[20]  ; Inapplicable ; Inapplicable ; Inapplicable ; Inapplicable ; Inapplicable ; Pass      ; Inapplicable ; Inapplicable ; Inapplicable ; Inapplicable ; Inapplicable ; Inapplicable ; Inapplicable ; Inapplicable ; Inapplicable ; Inapplicable ; Inapplicable ; Inapplicable ; Inapplicable ; Inapplicable ; Inapplicable ; Inapplicable ; Inapplicable ; Inapplicable ; Inapplicable ; Pass      ; Pass      ; Inapplicable ;
; avs_writedata[27]  ; Inapplicable ; Inapplicable ; Inapplicable ; Inapplicable ; Inapplicable ; Pass      ; Inapplicable ; Inapplicable ; Inapplicable ; Inapplicable ; Inapplicable ; Inapplicable ; Inapplicable ; Inapplicable ; Inapplicable ; Inapplicable ; Inapplicable ; Inapplicable ; Inapplicable ; Inapplicable ; Inapplicable ; Inapplicable ; Inapplicable ; Inapplicable ; Inapplicable ; Pass      ; Pass      ; Inapplicable ;
; avs_writedata[18]  ; Inapplicable ; Inapplicable ; Inapplicable ; Inapplicable ; Inapplicable ; Pass      ; Inapplicable ; Inapplicable ; Inapplicable ; Inapplicable ; Inapplicable ; Inapplicable ; Inapplicable ; Inapplicable ; Inapplicable ; Inapplicable ; Inapplicable ; Inapplicable ; Inapplicable ; Inapplicable ; Inapplicable ; Inapplicable ; Inapplicable ; Inapplicable ; Inapplicable ; Pass      ; Pass      ; Inapplicable ;
; avs_writedata[29]  ; Inapplicable ; Inapplicable ; Inapplicable ; Inapplicable ; Inapplicable ; Pass      ; Inapplicable ; Inapplicable ; Inapplicable ; Inapplicable ; Inapplicable ; Inapplicable ; Inapplicable ; Inapplicable ; Inapplicable ; Inapplicable ; Inapplicable ; Inapplicable ; Inapplicable ; Inapplicable ; Inapplicable ; Inapplicable ; Inapplicable ; Inapplicable ; Inapplicable ; Pass      ; Pass      ; Inapplicable ;
; avs_writedata[10]  ; Inapplicable ; Inapplicable ; Inapplicable ; Inapplicable ; Inapplicable ; Pass      ; Inapplicable ; Inapplicable ; Inapplicable ; Inapplicable ; Inapplicable ; Inapplicable ; Inapplicable ; Inapplicable ; Inapplicable ; Inapplicable ; Inapplicable ; Inapplicable ; Inapplicable ; Inapplicable ; Inapplicable ; Inapplicable ; Inapplicable ; Inapplicable ; Inapplicable ; Pass      ; Pass      ; Inapplicable ;
; avs_writedata[15]  ; Inapplicable ; Inapplicable ; Inapplicable ; Inapplicable ; Inapplicable ; Pass      ; Inapplicable ; Inapplicable ; Inapplicable ; Inapplicable ; Inapplicable ; Inapplicable ; Inapplicable ; Inapplicable ; Inapplicable ; Inapplicable ; Inapplicable ; Inapplicable ; Inapplicable ; Inapplicable ; Inapplicable ; Inapplicable ; Inapplicable ; Inapplicable ; Inapplicable ; Pass      ; Pass      ; Inapplicable ;
; avs_writedata[28]  ; Inapplicable ; Inapplicable ; Inapplicable ; Inapplicable ; Inapplicable ; Pass      ; Inapplicable ; Inapplicable ; Inapplicable ; Inapplicable ; Inapplicable ; Inapplicable ; Inapplicable ; Inapplicable ; Inapplicable ; Inapplicable ; Inapplicable ; Inapplicable ; Inapplicable ; Inapplicable ; Inapplicable ; Inapplicable ; Inapplicable ; Inapplicable ; Inapplicable ; Pass      ; Pass      ; Inapplicable ;
; avs_writedata[30]  ; Inapplicable ; Inapplicable ; Inapplicable ; Inapplicable ; Inapplicable ; Pass      ; Inapplicable ; Inapplicable ; Inapplicable ; Inapplicable ; Inapplicable ; Inapplicable ; Inapplicable ; Inapplicable ; Inapplicable ; Inapplicable ; Inapplicable ; Inapplicable ; Inapplicable ; Inapplicable ; Inapplicable ; Inapplicable ; Inapplicable ; Inapplicable ; Inapplicable ; Pass      ; Pass      ; Inapplicable ;
; avs_writedata[16]  ; Inapplicable ; Inapplicable ; Inapplicable ; Inapplicable ; Inapplicable ; Pass      ; Inapplicable ; Inapplicable ; Inapplicable ; Inapplicable ; Inapplicable ; Inapplicable ; Inapplicable ; Inapplicable ; Inapplicable ; Inapplicable ; Inapplicable ; Inapplicable ; Inapplicable ; Inapplicable ; Inapplicable ; Inapplicable ; Inapplicable ; Inapplicable ; Inapplicable ; Pass      ; Pass      ; Inapplicable ;
; avs_writedata[31]  ; Inapplicable ; Inapplicable ; Inapplicable ; Inapplicable ; Inapplicable ; Pass      ; Inapplicable ; Inapplicable ; Inapplicable ; Inapplicable ; Inapplicable ; Inapplicable ; Inapplicable ; Inapplicable ; Inapplicable ; Inapplicable ; Inapplicable ; Inapplicable ; Inapplicable ; Inapplicable ; Inapplicable ; Inapplicable ; Inapplicable ; Inapplicable ; Inapplicable ; Pass      ; Pass      ; Inapplicable ;
; avs_writedata[8]   ; Inapplicable ; Inapplicable ; Inapplicable ; Inapplicable ; Inapplicable ; Pass      ; Inapplicable ; Inapplicable ; Inapplicable ; Inapplicable ; Inapplicable ; Inapplicable ; Inapplicable ; Inapplicable ; Inapplicable ; Inapplicable ; Inapplicable ; Inapplicable ; Inapplicable ; Inapplicable ; Inapplicable ; Inapplicable ; Inapplicable ; Inapplicable ; Inapplicable ; Pass      ; Pass      ; Inapplicable ;
; avs_writedata[14]  ; Inapplicable ; Inapplicable ; Inapplicable ; Inapplicable ; Inapplicable ; Pass      ; Inapplicable ; Inapplicable ; Inapplicable ; Inapplicable ; Inapplicable ; Inapplicable ; Inapplicable ; Inapplicable ; Inapplicable ; Inapplicable ; Inapplicable ; Inapplicable ; Inapplicable ; Inapplicable ; Inapplicable ; Inapplicable ; Inapplicable ; Inapplicable ; Inapplicable ; Pass      ; Pass      ; Inapplicable ;
; avs_writedata[21]  ; Inapplicable ; Inapplicable ; Inapplicable ; Inapplicable ; Inapplicable ; Pass      ; Inapplicable ; Inapplicable ; Inapplicable ; Inapplicable ; Inapplicable ; Inapplicable ; Inapplicable ; Inapplicable ; Inapplicable ; Inapplicable ; Inapplicable ; Inapplicable ; Inapplicable ; Inapplicable ; Inapplicable ; Inapplicable ; Inapplicable ; Inapplicable ; Inapplicable ; Pass      ; Pass      ; Inapplicable ;
; avs_writedata[23]  ; Inapplicable ; Inapplicable ; Inapplicable ; Inapplicable ; Inapplicable ; Pass      ; Inapplicable ; Inapplicable ; Inapplicable ; Inapplicable ; Inapplicable ; Inapplicable ; Inapplicable ; Inapplicable ; Inapplicable ; Inapplicable ; Inapplicable ; Inapplicable ; Inapplicable ; Inapplicable ; Inapplicable ; Inapplicable ; Inapplicable ; Inapplicable ; Inapplicable ; Pass      ; Pass      ; Inapplicable ;
; avs_writedata[19]  ; Inapplicable ; Inapplicable ; Inapplicable ; Inapplicable ; Inapplicable ; Pass      ; Inapplicable ; Inapplicable ; Inapplicable ; Inapplicable ; Inapplicable ; Inapplicable ; Inapplicable ; Inapplicable ; Inapplicable ; Inapplicable ; Inapplicable ; Inapplicable ; Inapplicable ; Inapplicable ; Inapplicable ; Inapplicable ; Inapplicable ; Inapplicable ; Inapplicable ; Pass      ; Pass      ; Inapplicable ;
; avs_writedata[25]  ; Inapplicable ; Inapplicable ; Inapplicable ; Inapplicable ; Inapplicable ; Pass      ; Inapplicable ; Inapplicable ; Inapplicable ; Inapplicable ; Inapplicable ; Inapplicable ; Inapplicable ; Inapplicable ; Inapplicable ; Inapplicable ; Inapplicable ; Inapplicable ; Inapplicable ; Inapplicable ; Inapplicable ; Inapplicable ; Inapplicable ; Inapplicable ; Inapplicable ; Pass      ; Pass      ; Inapplicable ;
; avs_writedata[7]   ; Inapplicable ; Inapplicable ; Inapplicable ; Inapplicable ; Inapplicable ; Pass      ; Inapplicable ; Inapplicable ; Inapplicable ; Inapplicable ; Inapplicable ; Inapplicable ; Inapplicable ; Inapplicable ; Inapplicable ; Inapplicable ; Inapplicable ; Inapplicable ; Inapplicable ; Inapplicable ; Inapplicable ; Inapplicable ; Inapplicable ; Inapplicable ; Inapplicable ; Pass      ; Pass      ; Inapplicable ;
; avs_writedata[13]  ; Inapplicable ; Inapplicable ; Inapplicable ; Inapplicable ; Inapplicable ; Pass      ; Inapplicable ; Inapplicable ; Inapplicable ; Inapplicable ; Inapplicable ; Inapplicable ; Inapplicable ; Inapplicable ; Inapplicable ; Inapplicable ; Inapplicable ; Inapplicable ; Inapplicable ; Inapplicable ; Inapplicable ; Inapplicable ; Inapplicable ; Inapplicable ; Inapplicable ; Pass      ; Pass      ; Inapplicable ;
; avs_byteenable[0]  ; Inapplicable ; Inapplicable ; Inapplicable ; Inapplicable ; Inapplicable ; Pass      ; Inapplicable ; Inapplicable ; Inapplicable ; Inapplicable ; Inapplicable ; Inapplicable ; Inapplicable ; Inapplicable ; Inapplicable ; Inapplicable ; Inapplicable ; Inapplicable ; Inapplicable ; Inapplicable ; Inapplicable ; Inapplicable ; Inapplicable ; Inapplicable ; Inapplicable ; Pass      ; Pass      ; Inapplicable ;
; avs_byteenable[2]  ; Inapplicable ; Inapplicable ; Inapplicable ; Inapplicable ; Inapplicable ; Pass      ; Inapplicable ; Inapplicable ; Inapplicable ; Inapplicable ; Inapplicable ; Inapplicable ; Inapplicable ; Inapplicable ; Inapplicable ; Inapplicable ; Inapplicable ; Inapplicable ; Inapplicable ; Inapplicable ; Inapplicable ; Inapplicable ; Inapplicable ; Inapplicable ; Inapplicable ; Pass      ; Pass      ; Inapplicable ;
; avs_byteenable[1]  ; Inapplicable ; Inapplicable ; Inapplicable ; Inapplicable ; Inapplicable ; Pass      ; Inapplicable ; Inapplicable ; Inapplicable ; Inapplicable ; Inapplicable ; Inapplicable ; Inapplicable ; Inapplicable ; Inapplicable ; Inapplicable ; Inapplicable ; Inapplicable ; Inapplicable ; Inapplicable ; Inapplicable ; Inapplicable ; Inapplicable ; Inapplicable ; Inapplicable ; Pass      ; Pass      ; Inapplicable ;
; avs_byteenable[3]  ; Inapplicable ; Inapplicable ; Inapplicable ; Inapplicable ; Inapplicable ; Pass      ; Inapplicable ; Inapplicable ; Inapplicable ; Inapplicable ; Inapplicable ; Inapplicable ; Inapplicable ; Inapplicable ; Inapplicable ; Inapplicable ; Inapplicable ; Inapplicable ; Inapplicable ; Inapplicable ; Inapplicable ; Inapplicable ; Inapplicable ; Inapplicable ; Inapplicable ; Pass      ; Pass      ; Inapplicable ;
; clk                ; Inapplicable ; Inapplicable ; Inapplicable ; Inapplicable ; Inapplicable ; Pass      ; Inapplicable ; Inapplicable ; Inapplicable ; Inapplicable ; Inapplicable ; Inapplicable ; Inapplicable ; Inapplicable ; Inapplicable ; Inapplicable ; Inapplicable ; Inapplicable ; Inapplicable ; Inapplicable ; Inapplicable ; Inapplicable ; Inapplicable ; Inapplicable ; Inapplicable ; Pass      ; Pass      ; Inapplicable ;
; reset_n            ; Inapplicable ; Inapplicable ; Inapplicable ; Inapplicable ; Inapplicable ; Pass      ; Inapplicable ; Inapplicable ; Inapplicable ; Inapplicable ; Inapplicable ; Inapplicable ; Inapplicable ; Inapplicable ; Inapplicable ; Inapplicable ; Inapplicable ; Inapplicable ; Inapplicable ; Inapplicable ; Inapplicable ; Inapplicable ; Inapplicable ; Inapplicable ; Inapplicable ; Pass      ; Pass      ; Inapplicable ;
+--------------------+--------------+--------------+--------------+--------------+--------------+-----------+--------------+--------------+--------------+--------------+--------------+--------------+--------------+--------------+--------------+--------------+--------------+--------------+--------------+--------------+--------------+--------------+--------------+--------------+--------------+-----------+-----------+--------------+


+------------------------------------------------------------------------------------------------+
; Fitter Device Options                                                                          ;
+------------------------------------------------------------------+-----------------------------+
; Option                                                           ; Setting                     ;
+------------------------------------------------------------------+-----------------------------+
; Enable user-supplied start-up clock (CLKUSR)                     ; Off                         ;
; Enable device-wide reset (DEV_CLRn)                              ; Off                         ;
; Enable device-wide output enable (DEV_OE)                        ; Off                         ;
; Enable INIT_DONE output                                          ; Off                         ;
; Configuration scheme                                             ; Passive Serial              ;
; Enable Error Detection CRC_ERROR pin                             ; Off                         ;
; Enable CvP_CONFDONE pin                                          ; Off                         ;
; Enable open drain on CRC_ERROR pin                               ; On                          ;
; Enable open drain on CvP_CONFDONE pin                            ; On                          ;
; Enable open drain on INIT_DONE pin                               ; On                          ;
; Enable open drain on Partial Reconfiguration pins                ; Off                         ;
; Enable open drain on nCEO pin                                    ; On                          ;
; Enable Partial Reconfiguration pins                              ; Off                         ;
; Enable input tri-state on active configuration pins in user mode ; Off                         ;
; Enable internal scrubbing                                        ; Off                         ;
; Active Serial clock source                                       ; 100 MHz Internal Oscillator ;
; Device initialization clock source                               ; Internal Oscillator         ;
; Configuration via Protocol                                       ; Off                         ;
; Configuration Voltage Level                                      ; Auto                        ;
; Force Configuration Voltage Level                                ; Off                         ;
; Enable nCEO output                                               ; Off                         ;
; Data[15..8]                                                      ; Unreserved                  ;
; Data[7..5]                                                       ; Unreserved                  ;
; Base pin-out file on sameframe device                            ; Off                         ;
+------------------------------------------------------------------+-----------------------------+


+------------------------------------+
; Operating Settings and Conditions  ;
+---------------------------+--------+
; Setting                   ; Value  ;
+---------------------------+--------+
; Nominal Core Voltage      ; 1.10 V ;
; Low Junction Temperature  ; -40 °C ;
; High Junction Temperature ; 100 °C ;
+---------------------------+--------+


+-----------------+
; Fitter Messages ;
+-----------------+
Warning (18236): Number of processors has not been specified which may cause overloading on shared machines.  Set the global assignment NUM_PARALLEL_PROCESSORS in your QSF to an appropriate value for best performance.
Info (20030): Parallel compilation is enabled and will use 4 of the 4 processors detected
Info (119006): Selected device 5CSEBA6U23I7 for design "TinySign"
Info (21076): High junction temperature operating condition is not set. Assuming a default value of '100'.
Info (21076): Low junction temperature operating condition is not set. Assuming a default value of '-40'.
Info (171003): Fitter is performing an Auto Fit compilation, which may decrease Fitter effort to reduce compilation time
Warning (292013): Feature LogicLock is only available with a valid subscription license. You can purchase a software subscription to gain full access to this feature.
Warning (15714): Some pins have incomplete I/O assignments. Refer to the I/O Assignment Warnings report for details
Critical Warning (169085): No exact pin location assignment(s) for 81 pins of 81 total pins. For the list of pins please refer to the I/O Assignment Warnings table in the fitter report.
Info (184020): Starting Fitter periphery placement operations
Info (11178): Promoted 1 clock (1 global)
    Info (11162): clk~inputCLKENA0 with 67887 fanout uses global clock CLKCTRL_G10
Info (11191): Automatically promoted 2 clocks (2 global)
    Info (11162): tinysign_core:u_core|ecdsa_signer:u_signer|core_rst_n~0CLKENA0 with 47845 fanout uses global clock CLKCTRL_G3
        Info (12525): This signal is driven by core routing -- it may be moved during placement to reduce routing delays
    Info (11162): reset_n~inputCLKENA0 with 3914 fanout uses global clock CLKCTRL_G11
Info (184021): Fitter periphery placement operations ending: elapsed time is 00:00:02
Info (176233): Starting register packing
Info (332104): Reading SDC File: 'TinySign.sdc'
Info (332143): No user constrained clock uncertainty found in the design. Calling "derive_clock_uncertainty"
Info (332123): Deriving Clock Uncertainty. Please refer to report_sdc in the Timing Analyzer to see clock uncertainties.
Info (332129): Detected timing requirements -- optimizing circuit to achieve only the specified requirements
Info (332111): Found 1 clocks
    Info (332111):   Period   Clock Name
    Info (332111): ======== ============
    Info (332111):   20.000          clk
Info (176235): Finished register packing
    Extra Info (176219): No registers were packed into other blocks
Info (11798): Fitter preparation operations ending: elapsed time is 00:00:30
Info (170189): Fitter placement preparation operations beginning
Info (14951): The Fitter is using Advanced Physical Optimization.
Error (170012): Fitter requires 4669 LABs to implement the design, but the device contains only 4191 LABs
Info (170190): Fitter placement preparation operations ending: elapsed time is 00:08:10
Info (11888): Total time spent on timing analysis during the Fitter is 31.09 seconds.
Warning (169069): Following 1 pins have nothing, GND, or VCC driving datain port -- changes to this connectivity may change fitting results
    Info (169070): Pin avs_waitrequest has GND driving its datain port File: /home/mateus/Documents/Peruri/TinySign_Verilog/rtl/platform/tinysign_de10nano.v Line: 12
Error (11802): Can't fit design in device. Modify your design to reduce resources, or choose a larger device. The Intel FPGA Knowledge Database contains many articles with specific details on how to resolve this error. Visit the Knowledge Database at https://www.altera.com/support/support-resources/knowledge-base/search.html and search for this specific error message number.
Info (144001): Generated suppressed messages file /home/mateus/Documents/Peruri/TinySign_Verilog/quartus/output_files/TinySign.fit.smsg
Error: Quartus Prime Fitter was unsuccessful. 2 errors, 5 warnings
    Error: Peak virtual memory: 3158 megabytes
    Error: Processing ended: Thu Oct  8 15:50:20 2026
    Error: Elapsed time: 00:09:23
    Error: Total CPU time (on all processors): 00:17:39


+----------------------------+
; Fitter Suppressed Messages ;
+----------------------------+
The suppressed messages can be found in /home/mateus/Documents/Peruri/TinySign_Verilog/quartus/output_files/TinySign.fit.smsg.


