Timing Analyzer report for TinySign
Thu Oct  8 20:18:11 2026
Quartus Prime Version 20.1.0 Build 711 06/05/2020 SJ Lite Edition


---------------------
; Table of Contents ;
---------------------
  1. Legal Notice
  2. Timing Analyzer Summary
  3. Parallel Compilation
  4. SDC File List
  5. Clocks
  6. Slow 1100mV 100C Model Fmax Summary
  7. Timing Closure Recommendations
  8. Slow 1100mV 100C Model Setup Summary
  9. Slow 1100mV 100C Model Hold Summary
 10. Slow 1100mV 100C Model Recovery Summary
 11. Slow 1100mV 100C Model Removal Summary
 12. Slow 1100mV 100C Model Minimum Pulse Width Summary
 13. Slow 1100mV 100C Model Metastability Summary
 14. Slow 1100mV -40C Model Fmax Summary
 15. Slow 1100mV -40C Model Setup Summary
 16. Slow 1100mV -40C Model Hold Summary
 17. Slow 1100mV -40C Model Recovery Summary
 18. Slow 1100mV -40C Model Removal Summary
 19. Slow 1100mV -40C Model Minimum Pulse Width Summary
 20. Slow 1100mV -40C Model Metastability Summary
 21. Fast 1100mV 100C Model Setup Summary
 22. Fast 1100mV 100C Model Hold Summary
 23. Fast 1100mV 100C Model Recovery Summary
 24. Fast 1100mV 100C Model Removal Summary
 25. Fast 1100mV 100C Model Minimum Pulse Width Summary
 26. Fast 1100mV 100C Model Metastability Summary
 27. Fast 1100mV -40C Model Setup Summary
 28. Fast 1100mV -40C Model Hold Summary
 29. Fast 1100mV -40C Model Recovery Summary
 30. Fast 1100mV -40C Model Removal Summary
 31. Fast 1100mV -40C Model Minimum Pulse Width Summary
 32. Fast 1100mV -40C Model Metastability Summary
 33. Multicorner Timing Analysis Summary
 34. Board Trace Model Assignments
 35. Input Transition Times
 36. Signal Integrity Metrics (Slow 1100mv n40c Model)
 37. Signal Integrity Metrics (Slow 1100mv 100c Model)
 38. Signal Integrity Metrics (Fast 1100mv n40c Model)
 39. Signal Integrity Metrics (Fast 1100mv 100c Model)
 40. Setup Transfers
 41. Hold Transfers
 42. Recovery Transfers
 43. Removal Transfers
 44. Report TCCS
 45. Report RSKM
 46. Unconstrained Paths Summary
 47. Clock Status Summary
 48. Unconstrained Input Ports
 49. Unconstrained Output Ports
 50. Unconstrained Input Ports
 51. Unconstrained Output Ports
 52. Timing Analyzer Messages



----------------
; Legal Notice ;
----------------
Copyright (C) 2020  Intel Corporation. All rights reserved.
Your use of Intel Corporation's design tools, logic functions 
and other software and tools, and any partner logic 
functions, and any output files from any of the foregoing 
(including device programming or simulation files), and any 
associated documentation or information are expressly subject 
to the terms and conditions of the Intel Program License 
Subscription Agreement, the Intel Quartus Prime License Agreement,
the Intel FPGA IP License Agreement, or other applicable license
agreement, including, without limitation, that your use is for
the sole purpose of programming logic devices manufactured by
Intel and sold by Intel or its authorized distributors.  Please
refer to the applicable agreement for further details, at
https://fpgasoftware.intel.com/eula.



+-----------------------------------------------------------------------------+
; Timing Analyzer Summary                                                     ;
+-----------------------+-----------------------------------------------------+
; Quartus Prime Version ; Version 20.1.0 Build 711 06/05/2020 SJ Lite Edition ;
; Timing Analyzer       ; Legacy Timing Analyzer                              ;
; Revision Name         ; TinySign                                            ;
; Device Family         ; Cyclone V                                           ;
; Device Name           ; 5CSEBA6U23I7                                        ;
; Timing Models         ; Final                                               ;
; Delay Model           ; Combined                                            ;
; Rise/Fall Delays      ; Enabled                                             ;
+-----------------------+-----------------------------------------------------+


+------------------------------------------+
; Parallel Compilation                     ;
+----------------------------+-------------+
; Processors                 ; Number      ;
+----------------------------+-------------+
; Number detected on machine ; 8           ;
; Maximum allowed            ; 4           ;
;                            ;             ;
; Average used               ; 3.25        ;
; Maximum used               ; 4           ;
;                            ;             ;
; Usage by Processor         ; % Time Used ;
;     Processor 1            ; 100.0%      ;
;     Processor 2            ;  75.4%      ;
;     Processor 3            ;  75.1%      ;
;     Processor 4            ;  75.0%      ;
+----------------------------+-------------+


+---------------------------------------------------+
; SDC File List                                     ;
+---------------+--------+--------------------------+
; SDC File Path ; Status ; Read at                  ;
+---------------+--------+--------------------------+
; TinySign.sdc  ; OK     ; Thu Oct  8 20:16:34 2026 ;
+---------------+--------+--------------------------+


+---------------------------------------------------------------------------------------------------------------------------------------------------------------------------------+
; Clocks                                                                                                                                                                          ;
+------------+------+--------+-----------+-------+--------+------------+-----------+-------------+-------+--------+-----------+------------+----------+--------+--------+---------+
; Clock Name ; Type ; Period ; Frequency ; Rise  ; Fall   ; Duty Cycle ; Divide by ; Multiply by ; Phase ; Offset ; Edge List ; Edge Shift ; Inverted ; Master ; Source ; Targets ;
+------------+------+--------+-----------+-------+--------+------------+-----------+-------------+-------+--------+-----------+------------+----------+--------+--------+---------+
; clk        ; Base ; 20.000 ; 50.0 MHz  ; 0.000 ; 10.000 ;            ;           ;             ;       ;        ;           ;            ;          ;        ;        ; { clk } ;
+------------+------+--------+-----------+-------+--------+------------+-----------+-------------+-------+--------+-----------+------------+----------+--------+--------+---------+


+-------------------------------------------------+
; Slow 1100mV 100C Model Fmax Summary             ;
+-----------+-----------------+------------+------+
; Fmax      ; Restricted Fmax ; Clock Name ; Note ;
+-----------+-----------------+------------+------+
; 39.99 MHz ; 39.99 MHz       ; clk        ;      ;
+-----------+-----------------+------------+------+
This panel reports FMAX for every clock in the design, regardless of the user-specified clock periods.  FMAX is only computed for paths where the source and destination registers or ports are driven by the same clock.  Paths of different clocks, including generated clocks, are ignored.  For paths between a clock and its inversion, FMAX is computed as if the rising and falling edges are scaled along with FMAX, such that the duty cycle (in terms of a percentage) is maintained. Altera recommends that you always use clock constraints and other slack reports for sign-off analysis.


----------------------------------
; Timing Closure Recommendations ;
----------------------------------
HTML report is unavailable in plain text report export.


+--------------------------------------+
; Slow 1100mV 100C Model Setup Summary ;
+-------+--------+---------------------+
; Clock ; Slack  ; End Point TNS       ;
+-------+--------+---------------------+
; clk   ; -5.006 ; -10080.117          ;
+-------+--------+---------------------+


+-------------------------------------+
; Slow 1100mV 100C Model Hold Summary ;
+-------+-------+---------------------+
; Clock ; Slack ; End Point TNS       ;
+-------+-------+---------------------+
; clk   ; 0.277 ; 0.000               ;
+-------+-------+---------------------+


+-----------------------------------------+
; Slow 1100mV 100C Model Recovery Summary ;
+-------+-------+-------------------------+
; Clock ; Slack ; End Point TNS           ;
+-------+-------+-------------------------+
; clk   ; 6.720 ; 0.000                   ;
+-------+-------+-------------------------+


+----------------------------------------+
; Slow 1100mV 100C Model Removal Summary ;
+-------+-------+------------------------+
; Clock ; Slack ; End Point TNS          ;
+-------+-------+------------------------+
; clk   ; 7.086 ; 0.000                  ;
+-------+-------+------------------------+


+----------------------------------------------------+
; Slow 1100mV 100C Model Minimum Pulse Width Summary ;
+-------+-------+------------------------------------+
; Clock ; Slack ; End Point TNS                      ;
+-------+-------+------------------------------------+
; clk   ; 9.278 ; 0.000                              ;
+-------+-------+------------------------------------+


------------------------------------------------
; Slow 1100mV 100C Model Metastability Summary ;
------------------------------------------------
No synchronizer chains to report.


+-------------------------------------------------+
; Slow 1100mV -40C Model Fmax Summary             ;
+-----------+-----------------+------------+------+
; Fmax      ; Restricted Fmax ; Clock Name ; Note ;
+-----------+-----------------+------------+------+
; 42.21 MHz ; 42.21 MHz       ; clk        ;      ;
+-----------+-----------------+------------+------+
This panel reports FMAX for every clock in the design, regardless of the user-specified clock periods.  FMAX is only computed for paths where the source and destination registers or ports are driven by the same clock.  Paths of different clocks, including generated clocks, are ignored.  For paths between a clock and its inversion, FMAX is computed as if the rising and falling edges are scaled along with FMAX, such that the duty cycle (in terms of a percentage) is maintained. Altera recommends that you always use clock constraints and other slack reports for sign-off analysis.


+--------------------------------------+
; Slow 1100mV -40C Model Setup Summary ;
+-------+--------+---------------------+
; Clock ; Slack  ; End Point TNS       ;
+-------+--------+---------------------+
; clk   ; -3.693 ; -6234.867           ;
+-------+--------+---------------------+


+-------------------------------------+
; Slow 1100mV -40C Model Hold Summary ;
+-------+-------+---------------------+
; Clock ; Slack ; End Point TNS       ;
+-------+-------+---------------------+
; clk   ; 0.203 ; 0.000               ;
+-------+-------+---------------------+


+-----------------------------------------+
; Slow 1100mV -40C Model Recovery Summary ;
+-------+-------+-------------------------+
; Clock ; Slack ; End Point TNS           ;
+-------+-------+-------------------------+
; clk   ; 7.048 ; 0.000                   ;
+-------+-------+-------------------------+


+----------------------------------------+
; Slow 1100mV -40C Model Removal Summary ;
+-------+-------+------------------------+
; Clock ; Slack ; End Point TNS          ;
+-------+-------+------------------------+
; clk   ; 6.916 ; 0.000                  ;
+-------+-------+------------------------+


+----------------------------------------------------+
; Slow 1100mV -40C Model Minimum Pulse Width Summary ;
+-------+-------+------------------------------------+
; Clock ; Slack ; End Point TNS                      ;
+-------+-------+------------------------------------+
; clk   ; 9.142 ; 0.000                              ;
+-------+-------+------------------------------------+


------------------------------------------------
; Slow 1100mV -40C Model Metastability Summary ;
------------------------------------------------
No synchronizer chains to report.


+--------------------------------------+
; Fast 1100mV 100C Model Setup Summary ;
+-------+-------+----------------------+
; Clock ; Slack ; End Point TNS        ;
+-------+-------+----------------------+
; clk   ; 7.180 ; 0.000                ;
+-------+-------+----------------------+


+-------------------------------------+
; Fast 1100mV 100C Model Hold Summary ;
+-------+-------+---------------------+
; Clock ; Slack ; End Point TNS       ;
+-------+-------+---------------------+
; clk   ; 0.149 ; 0.000               ;
+-------+-------+---------------------+


+-----------------------------------------+
; Fast 1100mV 100C Model Recovery Summary ;
+-------+--------+------------------------+
; Clock ; Slack  ; End Point TNS          ;
+-------+--------+------------------------+
; clk   ; 12.474 ; 0.000                  ;
+-------+--------+------------------------+


+----------------------------------------+
; Fast 1100mV 100C Model Removal Summary ;
+-------+-------+------------------------+
; Clock ; Slack ; End Point TNS          ;
+-------+-------+------------------------+
; clk   ; 3.928 ; 0.000                  ;
+-------+-------+------------------------+


+----------------------------------------------------+
; Fast 1100mV 100C Model Minimum Pulse Width Summary ;
+-------+-------+------------------------------------+
; Clock ; Slack ; End Point TNS                      ;
+-------+-------+------------------------------------+
; clk   ; 9.413 ; 0.000                              ;
+-------+-------+------------------------------------+


------------------------------------------------
; Fast 1100mV 100C Model Metastability Summary ;
------------------------------------------------
No synchronizer chains to report.


+--------------------------------------+
; Fast 1100mV -40C Model Setup Summary ;
+-------+-------+----------------------+
; Clock ; Slack ; End Point TNS        ;
+-------+-------+----------------------+
; clk   ; 9.035 ; 0.000                ;
+-------+-------+----------------------+


+-------------------------------------+
; Fast 1100mV -40C Model Hold Summary ;
+-------+-------+---------------------+
; Clock ; Slack ; End Point TNS       ;
+-------+-------+---------------------+
; clk   ; 0.113 ; 0.000               ;
+-------+-------+---------------------+


+-----------------------------------------+
; Fast 1100mV -40C Model Recovery Summary ;
+-------+--------+------------------------+
; Clock ; Slack  ; End Point TNS          ;
+-------+--------+------------------------+
; clk   ; 13.503 ; 0.000                  ;
+-------+--------+------------------------+


+----------------------------------------+
; Fast 1100mV -40C Model Removal Summary ;
+-------+-------+------------------------+
; Clock ; Slack ; End Point TNS          ;
+-------+-------+------------------------+
; clk   ; 3.420 ; 0.000                  ;
+-------+-------+------------------------+


+----------------------------------------------------+
; Fast 1100mV -40C Model Minimum Pulse Width Summary ;
+-------+-------+------------------------------------+
; Clock ; Slack ; End Point TNS                      ;
+-------+-------+------------------------------------+
; clk   ; 9.415 ; 0.000                              ;
+-------+-------+------------------------------------+


------------------------------------------------
; Fast 1100mV -40C Model Metastability Summary ;
------------------------------------------------
No synchronizer chains to report.


+----------------------------------------------------------------------------------+
; Multicorner Timing Analysis Summary                                              ;
+------------------+------------+-------+----------+---------+---------------------+
; Clock            ; Setup      ; Hold  ; Recovery ; Removal ; Minimum Pulse Width ;
+------------------+------------+-------+----------+---------+---------------------+
; Worst-case Slack ; -5.006     ; 0.113 ; 6.720    ; 3.420   ; 9.142               ;
;  clk             ; -5.006     ; 0.113 ; 6.720    ; 3.420   ; 9.142               ;
; Design-wide TNS  ; -10080.117 ; 0.0   ; 0.0      ; 0.0     ; 0.0                 ;
;  clk             ; -10080.117 ; 0.000 ; 0.000    ; 0.000   ; 0.000               ;
+------------------+------------+-------+----------+---------+---------------------+


+---------------------------------------------------------------------------------------------------------------------------------------------------------------------------------------------------------------------------------------------------------------------------------------------------------------------------------------------------------------------------------------------------------------------+
; Board Trace Model Assignments                                                                                                                                                                                                                                                                                                                                                                                       ;
+------------------+--------------+-------------------+-------------------------+-------------------------+---------------+---------------------+----------------+------------------+--------+------------------+------------------------+------------------------+--------------+---------------+-----------------+-------+---------------------+--------------------+---------------+-----------------+-------------+
; Pin              ; I/O Standard ; Near Tline Length ; Near Tline L per Length ; Near Tline C per Length ; Near Series R ; Near Differential R ; Near Pull-up R ; Near Pull-down R ; Near C ; Far Tline Length ; Far Tline L per Length ; Far Tline C per Length ; Far Series R ; Far Pull-up R ; Far Pull-down R ; Far C ; Termination Voltage ; Far Differential R ; EBD File Name ; EBD Signal Name ; EBD Far-end ;
+------------------+--------------+-------------------+-------------------------+-------------------------+---------------+---------------------+----------------+------------------+--------+------------------+------------------------+------------------------+--------------+---------------+-----------------+-------+---------------------+--------------------+---------------+-----------------+-------------+
; avs_readdata[0]  ; 2.5 V        ; 0 in              ; 0 H/in                  ; 0 F/in                  ; short         ; -                   ; open           ; open             ; open   ; 0 in             ; 0 H/in                 ; 0 F/in                 ; short        ; open          ; open            ; open  ; 0 V                 ; -                  ; n/a           ; n/a             ; n/a         ;
; avs_readdata[1]  ; 2.5 V        ; 0 in              ; 0 H/in                  ; 0 F/in                  ; short         ; -                   ; open           ; open             ; open   ; 0 in             ; 0 H/in                 ; 0 F/in                 ; short        ; open          ; open            ; open  ; 0 V                 ; -                  ; n/a           ; n/a             ; n/a         ;
; avs_readdata[2]  ; 2.5 V        ; 0 in              ; 0 H/in                  ; 0 F/in                  ; short         ; -                   ; open           ; open             ; open   ; 0 in             ; 0 H/in                 ; 0 F/in                 ; short        ; open          ; open            ; open  ; 0 V                 ; -                  ; n/a           ; n/a             ; n/a         ;
; avs_readdata[3]  ; 2.5 V        ; 0 in              ; 0 H/in                  ; 0 F/in                  ; short         ; -                   ; open           ; open             ; open   ; 0 in             ; 0 H/in                 ; 0 F/in                 ; short        ; open          ; open            ; open  ; 0 V                 ; -                  ; n/a           ; n/a             ; n/a         ;
; avs_readdata[4]  ; 2.5 V        ; 0 in              ; 0 H/in                  ; 0 F/in                  ; short         ; -                   ; open           ; open             ; open   ; 0 in             ; 0 H/in                 ; 0 F/in                 ; short        ; open          ; open            ; open  ; 0 V                 ; -                  ; n/a           ; n/a             ; n/a         ;
; avs_readdata[5]  ; 2.5 V        ; 0 in              ; 0 H/in                  ; 0 F/in                  ; short         ; -                   ; open           ; open             ; open   ; 0 in             ; 0 H/in                 ; 0 F/in                 ; short        ; open          ; open            ; open  ; 0 V                 ; -                  ; n/a           ; n/a             ; n/a         ;
; avs_readdata[6]  ; 2.5 V        ; 0 in              ; 0 H/in                  ; 0 F/in                  ; short         ; -                   ; open           ; open             ; open   ; 0 in             ; 0 H/in                 ; 0 F/in                 ; short        ; open          ; open            ; open  ; 0 V                 ; -                  ; n/a           ; n/a             ; n/a         ;
; avs_readdata[7]  ; 2.5 V        ; 0 in              ; 0 H/in                  ; 0 F/in                  ; short         ; -                   ; open           ; open             ; open   ; 0 in             ; 0 H/in                 ; 0 F/in                 ; short        ; open          ; open            ; open  ; 0 V                 ; -                  ; n/a           ; n/a             ; n/a         ;
; avs_readdata[8]  ; 2.5 V        ; 0 in              ; 0 H/in                  ; 0 F/in                  ; short         ; -                   ; open           ; open             ; open   ; 0 in             ; 0 H/in                 ; 0 F/in                 ; short        ; open          ; open            ; open  ; 0 V                 ; -                  ; n/a           ; n/a             ; n/a         ;
; avs_readdata[9]  ; 2.5 V        ; 0 in              ; 0 H/in                  ; 0 F/in                  ; short         ; -                   ; open           ; open             ; open   ; 0 in             ; 0 H/in                 ; 0 F/in                 ; short        ; open          ; open            ; open  ; 0 V                 ; -                  ; n/a           ; n/a             ; n/a         ;
; avs_readdata[10] ; 2.5 V        ; 0 in              ; 0 H/in                  ; 0 F/in                  ; short         ; -                   ; open           ; open             ; open   ; 0 in             ; 0 H/in                 ; 0 F/in                 ; short        ; open          ; open            ; open  ; 0 V                 ; -                  ; n/a           ; n/a             ; n/a         ;
; avs_readdata[11] ; 2.5 V        ; 0 in              ; 0 H/in                  ; 0 F/in                  ; short         ; -                   ; open           ; open             ; open   ; 0 in             ; 0 H/in                 ; 0 F/in                 ; short        ; open          ; open            ; open  ; 0 V                 ; -                  ; n/a           ; n/a             ; n/a         ;
; avs_readdata[12] ; 2.5 V        ; 0 in              ; 0 H/in                  ; 0 F/in                  ; short         ; -                   ; open           ; open             ; open   ; 0 in             ; 0 H/in                 ; 0 F/in                 ; short        ; open          ; open            ; open  ; 0 V                 ; -                  ; n/a           ; n/a             ; n/a         ;
; avs_readdata[13] ; 2.5 V        ; 0 in              ; 0 H/in                  ; 0 F/in                  ; short         ; -                   ; open           ; open             ; open   ; 0 in             ; 0 H/in                 ; 0 F/in                 ; short        ; open          ; open            ; open  ; 0 V                 ; -                  ; n/a           ; n/a             ; n/a         ;
; avs_readdata[14] ; 2.5 V        ; 0 in              ; 0 H/in                  ; 0 F/in                  ; short         ; -                   ; open           ; open             ; open   ; 0 in             ; 0 H/in                 ; 0 F/in                 ; short        ; open          ; open            ; open  ; 0 V                 ; -                  ; n/a           ; n/a             ; n/a         ;
; avs_readdata[15] ; 2.5 V        ; 0 in              ; 0 H/in                  ; 0 F/in                  ; short         ; -                   ; open           ; open             ; open   ; 0 in             ; 0 H/in                 ; 0 F/in                 ; short        ; open          ; open            ; open  ; 0 V                 ; -                  ; n/a           ; n/a             ; n/a         ;
; avs_readdata[16] ; 2.5 V        ; 0 in              ; 0 H/in                  ; 0 F/in                  ; short         ; -                   ; open           ; open             ; open   ; 0 in             ; 0 H/in                 ; 0 F/in                 ; short        ; open          ; open            ; open  ; 0 V                 ; -                  ; n/a           ; n/a             ; n/a         ;
; avs_readdata[17] ; 2.5 V        ; 0 in              ; 0 H/in                  ; 0 F/in                  ; short         ; -                   ; open           ; open             ; open   ; 0 in             ; 0 H/in                 ; 0 F/in                 ; short        ; open          ; open            ; open  ; 0 V                 ; -                  ; n/a           ; n/a             ; n/a         ;
; avs_readdata[18] ; 2.5 V        ; 0 in              ; 0 H/in                  ; 0 F/in                  ; short         ; -                   ; open           ; open             ; open   ; 0 in             ; 0 H/in                 ; 0 F/in                 ; short        ; open          ; open            ; open  ; 0 V                 ; -                  ; n/a           ; n/a             ; n/a         ;
; avs_readdata[19] ; 2.5 V        ; 0 in              ; 0 H/in                  ; 0 F/in                  ; short         ; -                   ; open           ; open             ; open   ; 0 in             ; 0 H/in                 ; 0 F/in                 ; short        ; open          ; open            ; open  ; 0 V                 ; -                  ; n/a           ; n/a             ; n/a         ;
; avs_readdata[20] ; 2.5 V        ; 0 in              ; 0 H/in                  ; 0 F/in                  ; short         ; -                   ; open           ; open             ; open   ; 0 in             ; 0 H/in                 ; 0 F/in                 ; short        ; open          ; open            ; open  ; 0 V                 ; -                  ; n/a           ; n/a             ; n/a         ;
; avs_readdata[21] ; 2.5 V        ; 0 in              ; 0 H/in                  ; 0 F/in                  ; short         ; -                   ; open           ; open             ; open   ; 0 in             ; 0 H/in                 ; 0 F/in                 ; short        ; open          ; open            ; open  ; 0 V                 ; -                  ; n/a           ; n/a             ; n/a         ;
; avs_readdata[22] ; 2.5 V        ; 0 in              ; 0 H/in                  ; 0 F/in                  ; short         ; -                   ; open           ; open             ; open   ; 0 in             ; 0 H/in                 ; 0 F/in                 ; short        ; open          ; open            ; open  ; 0 V                 ; -                  ; n/a           ; n/a             ; n/a         ;
; avs_readdata[23] ; 2.5 V        ; 0 in              ; 0 H/in                  ; 0 F/in                  ; short         ; -                   ; open           ; open             ; open   ; 0 in             ; 0 H/in                 ; 0 F/in                 ; short        ; open          ; open            ; open  ; 0 V                 ; -                  ; n/a           ; n/a             ; n/a         ;
; avs_readdata[24] ; 2.5 V        ; 0 in              ; 0 H/in                  ; 0 F/in                  ; short         ; -                   ; open           ; open             ; open   ; 0 in             ; 0 H/in                 ; 0 F/in                 ; short        ; open          ; open            ; open  ; 0 V                 ; -                  ; n/a           ; n/a             ; n/a         ;
; avs_readdata[25] ; 2.5 V        ; 0 in              ; 0 H/in                  ; 0 F/in                  ; short         ; -                   ; open           ; open             ; open   ; 0 in             ; 0 H/in                 ; 0 F/in                 ; short        ; open          ; open            ; open  ; 0 V                 ; -                  ; n/a           ; n/a             ; n/a         ;
; avs_readdata[26] ; 2.5 V        ; 0 in              ; 0 H/in                  ; 0 F/in                  ; short         ; -                   ; open           ; open             ; open   ; 0 in             ; 0 H/in                 ; 0 F/in                 ; short        ; open          ; open            ; open  ; 0 V                 ; -                  ; n/a           ; n/a             ; n/a         ;
; avs_readdata[27] ; 2.5 V        ; 0 in              ; 0 H/in                  ; 0 F/in                  ; short         ; -                   ; open           ; open             ; open   ; 0 in             ; 0 H/in                 ; 0 F/in                 ; short        ; open          ; open            ; open  ; 0 V                 ; -                  ; n/a           ; n/a             ; n/a         ;
; avs_readdata[28] ; 2.5 V        ; 0 in              ; 0 H/in                  ; 0 F/in                  ; short         ; -                   ; open           ; open             ; open   ; 0 in             ; 0 H/in                 ; 0 F/in                 ; short        ; open          ; open            ; open  ; 0 V                 ; -                  ; n/a           ; n/a             ; n/a         ;
; avs_readdata[29] ; 2.5 V        ; 0 in              ; 0 H/in                  ; 0 F/in                  ; short         ; -                   ; open           ; open             ; open   ; 0 in             ; 0 H/in                 ; 0 F/in                 ; short        ; open          ; open            ; open  ; 0 V                 ; -                  ; n/a           ; n/a             ; n/a         ;
; avs_readdata[30] ; 2.5 V        ; 0 in              ; 0 H/in                  ; 0 F/in                  ; short         ; -                   ; open           ; open             ; open   ; 0 in             ; 0 H/in                 ; 0 F/in                 ; short        ; open          ; open            ; open  ; 0 V                 ; -                  ; n/a           ; n/a             ; n/a         ;
; avs_readdata[31] ; 2.5 V        ; 0 in              ; 0 H/in                  ; 0 F/in                  ; short         ; -                   ; open           ; open             ; open   ; 0 in             ; 0 H/in                 ; 0 F/in                 ; short        ; open          ; open            ; open  ; 0 V                 ; -                  ; n/a           ; n/a             ; n/a         ;
; avs_waitrequest  ; 2.5 V        ; 0 in              ; 0 H/in                  ; 0 F/in                  ; short         ; -                   ; open           ; open             ; open   ; 0 in             ; 0 H/in                 ; 0 F/in                 ; short        ; open          ; open            ; open  ; 0 V                 ; -                  ; n/a           ; n/a             ; n/a         ;
+------------------+--------------+-------------------+-------------------------+-------------------------+---------------+---------------------+----------------+------------------+--------+------------------+------------------------+------------------------+--------------+---------------+-----------------+-------+---------------------+--------------------+---------------+-----------------+-------------+


+----------------------------------------------------------------------+
; Input Transition Times                                               ;
+-------------------+--------------+-----------------+-----------------+
; Pin               ; I/O Standard ; 10-90 Rise Time ; 90-10 Fall Time ;
+-------------------+--------------+-----------------+-----------------+
; avs_read          ; 2.5 V        ; 2000 ps         ; 2000 ps         ;
; avs_address[6]    ; 2.5 V        ; 2000 ps         ; 2000 ps         ;
; avs_address[4]    ; 2.5 V        ; 2000 ps         ; 2000 ps         ;
; avs_address[5]    ; 2.5 V        ; 2000 ps         ; 2000 ps         ;
; avs_address[7]    ; 2.5 V        ; 2000 ps         ; 2000 ps         ;
; avs_address[0]    ; 2.5 V        ; 2000 ps         ; 2000 ps         ;
; avs_address[1]    ; 2.5 V        ; 2000 ps         ; 2000 ps         ;
; avs_address[2]    ; 2.5 V        ; 2000 ps         ; 2000 ps         ;
; avs_address[3]    ; 2.5 V        ; 2000 ps         ; 2000 ps         ;
; avs_write         ; 2.5 V        ; 2000 ps         ; 2000 ps         ;
; avs_byteenable[0] ; 2.5 V        ; 2000 ps         ; 2000 ps         ;
; avs_byteenable[2] ; 2.5 V        ; 2000 ps         ; 2000 ps         ;
; avs_byteenable[1] ; 2.5 V        ; 2000 ps         ; 2000 ps         ;
; avs_byteenable[3] ; 2.5 V        ; 2000 ps         ; 2000 ps         ;
; avs_writedata[1]  ; 2.5 V        ; 2000 ps         ; 2000 ps         ;
; avs_writedata[2]  ; 2.5 V        ; 2000 ps         ; 2000 ps         ;
; avs_writedata[0]  ; 2.5 V        ; 2000 ps         ; 2000 ps         ;
; avs_writedata[22] ; 2.5 V        ; 2000 ps         ; 2000 ps         ;
; avs_writedata[24] ; 2.5 V        ; 2000 ps         ; 2000 ps         ;
; avs_writedata[12] ; 2.5 V        ; 2000 ps         ; 2000 ps         ;
; avs_writedata[26] ; 2.5 V        ; 2000 ps         ; 2000 ps         ;
; avs_writedata[4]  ; 2.5 V        ; 2000 ps         ; 2000 ps         ;
; avs_writedata[6]  ; 2.5 V        ; 2000 ps         ; 2000 ps         ;
; avs_writedata[11] ; 2.5 V        ; 2000 ps         ; 2000 ps         ;
; avs_writedata[3]  ; 2.5 V        ; 2000 ps         ; 2000 ps         ;
; avs_writedata[9]  ; 2.5 V        ; 2000 ps         ; 2000 ps         ;
; avs_writedata[5]  ; 2.5 V        ; 2000 ps         ; 2000 ps         ;
; avs_writedata[17] ; 2.5 V        ; 2000 ps         ; 2000 ps         ;
; avs_writedata[20] ; 2.5 V        ; 2000 ps         ; 2000 ps         ;
; avs_writedata[27] ; 2.5 V        ; 2000 ps         ; 2000 ps         ;
; avs_writedata[18] ; 2.5 V        ; 2000 ps         ; 2000 ps         ;
; avs_writedata[29] ; 2.5 V        ; 2000 ps         ; 2000 ps         ;
; avs_writedata[10] ; 2.5 V        ; 2000 ps         ; 2000 ps         ;
; avs_writedata[15] ; 2.5 V        ; 2000 ps         ; 2000 ps         ;
; avs_writedata[28] ; 2.5 V        ; 2000 ps         ; 2000 ps         ;
; avs_writedata[30] ; 2.5 V        ; 2000 ps         ; 2000 ps         ;
; avs_writedata[16] ; 2.5 V        ; 2000 ps         ; 2000 ps         ;
; avs_writedata[31] ; 2.5 V        ; 2000 ps         ; 2000 ps         ;
; avs_writedata[8]  ; 2.5 V        ; 2000 ps         ; 2000 ps         ;
; avs_writedata[14] ; 2.5 V        ; 2000 ps         ; 2000 ps         ;
; avs_writedata[21] ; 2.5 V        ; 2000 ps         ; 2000 ps         ;
; avs_writedata[23] ; 2.5 V        ; 2000 ps         ; 2000 ps         ;
; avs_writedata[19] ; 2.5 V        ; 2000 ps         ; 2000 ps         ;
; avs_writedata[25] ; 2.5 V        ; 2000 ps         ; 2000 ps         ;
; avs_writedata[7]  ; 2.5 V        ; 2000 ps         ; 2000 ps         ;
; avs_writedata[13] ; 2.5 V        ; 2000 ps         ; 2000 ps         ;
; clk               ; 2.5 V        ; 2000 ps         ; 2000 ps         ;
; reset_n           ; 2.5 V        ; 2000 ps         ; 2000 ps         ;
+-------------------+--------------+-----------------+-----------------+


+-----------------------------------------------------------------------------------------------------------------------------------------------------------------------------------------------------------------------------------------------------------------------------------------------------------------------------------------------------------------------------------------------------------------------------------------------------------------------------------------------------------------------------------------------------------------------------------------------------------------------------------------------------------------------------------------------+
; Signal Integrity Metrics (Slow 1100mv n40c Model)                                                                                                                                                                                                                                                                                                                                                                                                                                                                                                                                                                                                                                             ;
+------------------+--------------+---------------------+---------------------+------------------------------+------------------------------+---------------------+---------------------+--------------------------------------+--------------------------------------+-----------------------------+-----------------------------+----------------------------+----------------------------+-----------------------------+-----------------------------+--------------------+--------------------+-------------------------------------+-------------------------------------+----------------------------+----------------------------+---------------------------+---------------------------+
; Pin              ; I/O Standard ; Board Delay on Rise ; Board Delay on Fall ; Steady State Voh at FPGA Pin ; Steady State Vol at FPGA Pin ; Voh Max at FPGA Pin ; Vol Min at FPGA Pin ; Ringback Voltage on Rise at FPGA Pin ; Ringback Voltage on Fall at FPGA Pin ; 10-90 Rise Time at FPGA Pin ; 90-10 Fall Time at FPGA Pin ; Monotonic Rise at FPGA Pin ; Monotonic Fall at FPGA Pin ; Steady State Voh at Far-end ; Steady State Vol at Far-end ; Voh Max at Far-end ; Vol Min at Far-end ; Ringback Voltage on Rise at Far-end ; Ringback Voltage on Fall at Far-end ; 10-90 Rise Time at Far-end ; 90-10 Fall Time at Far-end ; Monotonic Rise at Far-end ; Monotonic Fall at Far-end ;
+------------------+--------------+---------------------+---------------------+------------------------------+------------------------------+---------------------+---------------------+--------------------------------------+--------------------------------------+-----------------------------+-----------------------------+----------------------------+----------------------------+-----------------------------+-----------------------------+--------------------+--------------------+-------------------------------------+-------------------------------------+----------------------------+----------------------------+---------------------------+---------------------------+
; avs_readdata[0]  ; 2.5 V        ; 0 s                 ; 0 s                 ; 2.32 V                       ; 1.6e-08 V                    ; 2.42 V              ; -0.0509 V           ; 0.197 V                              ; 0.118 V                              ; 4.57e-10 s                  ; 4.47e-10 s                  ; No                         ; Yes                        ; 2.32 V                      ; 1.6e-08 V                   ; 2.42 V             ; -0.0509 V          ; 0.197 V                             ; 0.118 V                             ; 4.57e-10 s                 ; 4.47e-10 s                 ; No                        ; Yes                       ;
; avs_readdata[1]  ; 2.5 V        ; 0 s                 ; 0 s                 ; 2.32 V                       ; 1.33e-08 V                   ; 2.36 V              ; -0.0253 V           ; 0.132 V                              ; 0.078 V                              ; 4.45e-10 s                  ; 4.26e-10 s                  ; No                         ; Yes                        ; 2.32 V                      ; 1.33e-08 V                  ; 2.36 V             ; -0.0253 V          ; 0.132 V                             ; 0.078 V                             ; 4.45e-10 s                 ; 4.26e-10 s                 ; No                        ; Yes                       ;
; avs_readdata[2]  ; 2.5 V        ; 0 s                 ; 0 s                 ; 2.32 V                       ; 1.56e-08 V                   ; 2.43 V              ; -0.0607 V           ; 0.35 V                               ; 0.108 V                              ; 3.1e-10 s                   ; 4.28e-10 s                  ; No                         ; No                         ; 2.32 V                      ; 1.56e-08 V                  ; 2.43 V             ; -0.0607 V          ; 0.35 V                              ; 0.108 V                             ; 3.1e-10 s                  ; 4.28e-10 s                 ; No                        ; No                        ;
; avs_readdata[3]  ; 2.5 V        ; 0 s                 ; 0 s                 ; 2.32 V                       ; 1.56e-08 V                   ; 2.43 V              ; -0.0607 V           ; 0.35 V                               ; 0.108 V                              ; 3.1e-10 s                   ; 4.28e-10 s                  ; No                         ; No                         ; 2.32 V                      ; 1.56e-08 V                  ; 2.43 V             ; -0.0607 V          ; 0.35 V                              ; 0.108 V                             ; 3.1e-10 s                  ; 4.28e-10 s                 ; No                        ; No                        ;
; avs_readdata[4]  ; 2.5 V        ; 0 s                 ; 0 s                 ; 2.32 V                       ; 1.56e-08 V                   ; 2.43 V              ; -0.0617 V           ; 0.35 V                               ; 0.107 V                              ; 3.1e-10 s                   ; 4.28e-10 s                  ; No                         ; No                         ; 2.32 V                      ; 1.56e-08 V                  ; 2.43 V             ; -0.0617 V          ; 0.35 V                              ; 0.107 V                             ; 3.1e-10 s                  ; 4.28e-10 s                 ; No                        ; No                        ;
; avs_readdata[5]  ; 2.5 V        ; 0 s                 ; 0 s                 ; 2.32 V                       ; 1.6e-08 V                    ; 2.42 V              ; -0.0509 V           ; 0.197 V                              ; 0.118 V                              ; 4.57e-10 s                  ; 4.47e-10 s                  ; No                         ; Yes                        ; 2.32 V                      ; 1.6e-08 V                   ; 2.42 V             ; -0.0509 V          ; 0.197 V                             ; 0.118 V                             ; 4.57e-10 s                 ; 4.47e-10 s                 ; No                        ; Yes                       ;
; avs_readdata[6]  ; 2.5 V        ; 0 s                 ; 0 s                 ; 2.32 V                       ; 1.56e-08 V                   ; 2.43 V              ; -0.0617 V           ; 0.35 V                               ; 0.107 V                              ; 3.1e-10 s                   ; 4.28e-10 s                  ; No                         ; No                         ; 2.32 V                      ; 1.56e-08 V                  ; 2.43 V             ; -0.0617 V          ; 0.35 V                              ; 0.107 V                             ; 3.1e-10 s                  ; 4.28e-10 s                 ; No                        ; No                        ;
; avs_readdata[7]  ; 2.5 V        ; 0 s                 ; 0 s                 ; 2.32 V                       ; 1.56e-08 V                   ; 2.43 V              ; -0.0607 V           ; 0.35 V                               ; 0.108 V                              ; 3.1e-10 s                   ; 4.28e-10 s                  ; No                         ; No                         ; 2.32 V                      ; 1.56e-08 V                  ; 2.43 V             ; -0.0607 V          ; 0.35 V                              ; 0.108 V                             ; 3.1e-10 s                  ; 4.28e-10 s                 ; No                        ; No                        ;
; avs_readdata[8]  ; 2.5 V        ; 0 s                 ; 0 s                 ; 2.32 V                       ; 1.6e-08 V                    ; 2.42 V              ; -0.0509 V           ; 0.197 V                              ; 0.118 V                              ; 4.57e-10 s                  ; 4.47e-10 s                  ; No                         ; Yes                        ; 2.32 V                      ; 1.6e-08 V                   ; 2.42 V             ; -0.0509 V          ; 0.197 V                             ; 0.118 V                             ; 4.57e-10 s                 ; 4.47e-10 s                 ; No                        ; Yes                       ;
; avs_readdata[9]  ; 2.5 V        ; 0 s                 ; 0 s                 ; 2.32 V                       ; 1.33e-08 V                   ; 2.36 V              ; -0.0253 V           ; 0.132 V                              ; 0.078 V                              ; 4.45e-10 s                  ; 4.26e-10 s                  ; No                         ; Yes                        ; 2.32 V                      ; 1.33e-08 V                  ; 2.36 V             ; -0.0253 V          ; 0.132 V                             ; 0.078 V                             ; 4.45e-10 s                 ; 4.26e-10 s                 ; No                        ; Yes                       ;
; avs_readdata[10] ; 2.5 V        ; 0 s                 ; 0 s                 ; 2.32 V                       ; 1.56e-08 V                   ; 2.43 V              ; -0.0607 V           ; 0.35 V                               ; 0.108 V                              ; 3.1e-10 s                   ; 4.28e-10 s                  ; No                         ; No                         ; 2.32 V                      ; 1.56e-08 V                  ; 2.43 V             ; -0.0607 V          ; 0.35 V                              ; 0.108 V                             ; 3.1e-10 s                  ; 4.28e-10 s                 ; No                        ; No                        ;
; avs_readdata[11] ; 2.5 V        ; 0 s                 ; 0 s                 ; 2.32 V                       ; 1.56e-08 V                   ; 2.43 V              ; -0.0617 V           ; 0.35 V                               ; 0.107 V                              ; 3.1e-10 s                   ; 4.28e-10 s                  ; No                         ; No                         ; 2.32 V                      ; 1.56e-08 V                  ; 2.43 V             ; -0.0617 V          ; 0.35 V                              ; 0.107 V                             ; 3.1e-10 s                  ; 4.28e-10 s                 ; No                        ; No                        ;
; avs_readdata[12] ; 2.5 V        ; 0 s                 ; 0 s                 ; 2.32 V                       ; 1.6e-08 V                    ; 2.42 V              ; -0.0509 V           ; 0.197 V                              ; 0.118 V                              ; 4.57e-10 s                  ; 4.47e-10 s                  ; No                         ; Yes                        ; 2.32 V                      ; 1.6e-08 V                   ; 2.42 V             ; -0.0509 V          ; 0.197 V                             ; 0.118 V                             ; 4.57e-10 s                 ; 4.47e-10 s                 ; No                        ; Yes                       ;
; avs_readdata[13] ; 2.5 V        ; 0 s                 ; 0 s                 ; 2.32 V                       ; 1.6e-08 V                    ; 2.42 V              ; -0.0509 V           ; 0.197 V                              ; 0.118 V                              ; 4.57e-10 s                  ; 4.47e-10 s                  ; No                         ; Yes                        ; 2.32 V                      ; 1.6e-08 V                   ; 2.42 V             ; -0.0509 V          ; 0.197 V                             ; 0.118 V                             ; 4.57e-10 s                 ; 4.47e-10 s                 ; No                        ; Yes                       ;
; avs_readdata[14] ; 2.5 V        ; 0 s                 ; 0 s                 ; 2.32 V                       ; 1.33e-08 V                   ; 2.36 V              ; -0.0253 V           ; 0.132 V                              ; 0.078 V                              ; 4.45e-10 s                  ; 4.26e-10 s                  ; No                         ; Yes                        ; 2.32 V                      ; 1.33e-08 V                  ; 2.36 V             ; -0.0253 V          ; 0.132 V                             ; 0.078 V                             ; 4.45e-10 s                 ; 4.26e-10 s                 ; No                        ; Yes                       ;
; avs_readdata[15] ; 2.5 V        ; 0 s                 ; 0 s                 ; 2.32 V                       ; 1.56e-08 V                   ; 2.43 V              ; -0.0617 V           ; 0.35 V                               ; 0.107 V                              ; 3.1e-10 s                   ; 4.28e-10 s                  ; No                         ; No                         ; 2.32 V                      ; 1.56e-08 V                  ; 2.43 V             ; -0.0617 V          ; 0.35 V                              ; 0.107 V                             ; 3.1e-10 s                  ; 4.28e-10 s                 ; No                        ; No                        ;
; avs_readdata[16] ; 2.5 V        ; 0 s                 ; 0 s                 ; 2.32 V                       ; 1.33e-08 V                   ; 2.36 V              ; -0.0253 V           ; 0.132 V                              ; 0.078 V                              ; 4.45e-10 s                  ; 4.26e-10 s                  ; No                         ; Yes                        ; 2.32 V                      ; 1.33e-08 V                  ; 2.36 V             ; -0.0253 V          ; 0.132 V                             ; 0.078 V                             ; 4.45e-10 s                 ; 4.26e-10 s                 ; No                        ; Yes                       ;
; avs_readdata[17] ; 2.5 V        ; 0 s                 ; 0 s                 ; 2.32 V                       ; 1.56e-08 V                   ; 2.43 V              ; -0.0617 V           ; 0.35 V                               ; 0.107 V                              ; 3.1e-10 s                   ; 4.28e-10 s                  ; No                         ; No                         ; 2.32 V                      ; 1.56e-08 V                  ; 2.43 V             ; -0.0617 V          ; 0.35 V                              ; 0.107 V                             ; 3.1e-10 s                  ; 4.28e-10 s                 ; No                        ; No                        ;
; avs_readdata[18] ; 2.5 V        ; 0 s                 ; 0 s                 ; 2.32 V                       ; 1.56e-08 V                   ; 2.43 V              ; -0.0617 V           ; 0.35 V                               ; 0.107 V                              ; 3.1e-10 s                   ; 4.28e-10 s                  ; No                         ; No                         ; 2.32 V                      ; 1.56e-08 V                  ; 2.43 V             ; -0.0617 V          ; 0.35 V                              ; 0.107 V                             ; 3.1e-10 s                  ; 4.28e-10 s                 ; No                        ; No                        ;
; avs_readdata[19] ; 2.5 V        ; 0 s                 ; 0 s                 ; 2.32 V                       ; 1.56e-08 V                   ; 2.43 V              ; -0.0607 V           ; 0.35 V                               ; 0.108 V                              ; 3.1e-10 s                   ; 4.28e-10 s                  ; No                         ; No                         ; 2.32 V                      ; 1.56e-08 V                  ; 2.43 V             ; -0.0607 V          ; 0.35 V                              ; 0.108 V                             ; 3.1e-10 s                  ; 4.28e-10 s                 ; No                        ; No                        ;
; avs_readdata[20] ; 2.5 V        ; 0 s                 ; 0 s                 ; 2.32 V                       ; 1.56e-08 V                   ; 2.43 V              ; -0.0607 V           ; 0.35 V                               ; 0.108 V                              ; 3.1e-10 s                   ; 4.28e-10 s                  ; No                         ; No                         ; 2.32 V                      ; 1.56e-08 V                  ; 2.43 V             ; -0.0607 V          ; 0.35 V                              ; 0.108 V                             ; 3.1e-10 s                  ; 4.28e-10 s                 ; No                        ; No                        ;
; avs_readdata[21] ; 2.5 V        ; 0 s                 ; 0 s                 ; 2.32 V                       ; 1.56e-08 V                   ; 2.43 V              ; -0.0617 V           ; 0.35 V                               ; 0.107 V                              ; 3.1e-10 s                   ; 4.28e-10 s                  ; No                         ; No                         ; 2.32 V                      ; 1.56e-08 V                  ; 2.43 V             ; -0.0617 V          ; 0.35 V                              ; 0.107 V                             ; 3.1e-10 s                  ; 4.28e-10 s                 ; No                        ; No                        ;
; avs_readdata[22] ; 2.5 V        ; 0 s                 ; 0 s                 ; 2.32 V                       ; 1.56e-08 V                   ; 2.43 V              ; -0.0617 V           ; 0.35 V                               ; 0.107 V                              ; 3.1e-10 s                   ; 4.28e-10 s                  ; No                         ; No                         ; 2.32 V                      ; 1.56e-08 V                  ; 2.43 V             ; -0.0617 V          ; 0.35 V                              ; 0.107 V                             ; 3.1e-10 s                  ; 4.28e-10 s                 ; No                        ; No                        ;
; avs_readdata[23] ; 2.5 V        ; 0 s                 ; 0 s                 ; 2.32 V                       ; 1.56e-08 V                   ; 2.43 V              ; -0.0617 V           ; 0.35 V                               ; 0.107 V                              ; 3.1e-10 s                   ; 4.28e-10 s                  ; No                         ; No                         ; 2.32 V                      ; 1.56e-08 V                  ; 2.43 V             ; -0.0617 V          ; 0.35 V                              ; 0.107 V                             ; 3.1e-10 s                  ; 4.28e-10 s                 ; No                        ; No                        ;
; avs_readdata[24] ; 2.5 V        ; 0 s                 ; 0 s                 ; 2.32 V                       ; 1.6e-08 V                    ; 2.42 V              ; -0.0509 V           ; 0.197 V                              ; 0.118 V                              ; 4.57e-10 s                  ; 4.47e-10 s                  ; No                         ; Yes                        ; 2.32 V                      ; 1.6e-08 V                   ; 2.42 V             ; -0.0509 V          ; 0.197 V                             ; 0.118 V                             ; 4.57e-10 s                 ; 4.47e-10 s                 ; No                        ; Yes                       ;
; avs_readdata[25] ; 2.5 V        ; 0 s                 ; 0 s                 ; 2.32 V                       ; 1.6e-08 V                    ; 2.42 V              ; -0.0509 V           ; 0.197 V                              ; 0.118 V                              ; 4.57e-10 s                  ; 4.47e-10 s                  ; No                         ; Yes                        ; 2.32 V                      ; 1.6e-08 V                   ; 2.42 V             ; -0.0509 V          ; 0.197 V                             ; 0.118 V                             ; 4.57e-10 s                 ; 4.47e-10 s                 ; No                        ; Yes                       ;
; avs_readdata[26] ; 2.5 V        ; 0 s                 ; 0 s                 ; 2.32 V                       ; 1.33e-08 V                   ; 2.36 V              ; -0.0253 V           ; 0.132 V                              ; 0.078 V                              ; 4.45e-10 s                  ; 4.26e-10 s                  ; No                         ; Yes                        ; 2.32 V                      ; 1.33e-08 V                  ; 2.36 V             ; -0.0253 V          ; 0.132 V                             ; 0.078 V                             ; 4.45e-10 s                 ; 4.26e-10 s                 ; No                        ; Yes                       ;
; avs_readdata[27] ; 2.5 V        ; 0 s                 ; 0 s                 ; 2.32 V                       ; 1.56e-08 V                   ; 2.43 V              ; -0.0607 V           ; 0.35 V                               ; 0.108 V                              ; 3.1e-10 s                   ; 4.28e-10 s                  ; No                         ; No                         ; 2.32 V                      ; 1.56e-08 V                  ; 2.43 V             ; -0.0607 V          ; 0.35 V                              ; 0.108 V                             ; 3.1e-10 s                  ; 4.28e-10 s                 ; No                        ; No                        ;
; avs_readdata[28] ; 2.5 V        ; 0 s                 ; 0 s                 ; 2.32 V                       ; 1.56e-08 V                   ; 2.43 V              ; -0.0607 V           ; 0.35 V                               ; 0.108 V                              ; 3.1e-10 s                   ; 4.28e-10 s                  ; No                         ; No                         ; 2.32 V                      ; 1.56e-08 V                  ; 2.43 V             ; -0.0607 V          ; 0.35 V                              ; 0.108 V                             ; 3.1e-10 s                  ; 4.28e-10 s                 ; No                        ; No                        ;
; avs_readdata[29] ; 2.5 V        ; 0 s                 ; 0 s                 ; 2.32 V                       ; 1.56e-08 V                   ; 2.43 V              ; -0.0607 V           ; 0.35 V                               ; 0.108 V                              ; 3.1e-10 s                   ; 4.28e-10 s                  ; No                         ; No                         ; 2.32 V                      ; 1.56e-08 V                  ; 2.43 V             ; -0.0607 V          ; 0.35 V                              ; 0.108 V                             ; 3.1e-10 s                  ; 4.28e-10 s                 ; No                        ; No                        ;
; avs_readdata[30] ; 2.5 V        ; 0 s                 ; 0 s                 ; 2.32 V                       ; 1.33e-08 V                   ; 2.36 V              ; -0.0253 V           ; 0.132 V                              ; 0.078 V                              ; 4.45e-10 s                  ; 4.26e-10 s                  ; No                         ; Yes                        ; 2.32 V                      ; 1.33e-08 V                  ; 2.36 V             ; -0.0253 V          ; 0.132 V                             ; 0.078 V                             ; 4.45e-10 s                 ; 4.26e-10 s                 ; No                        ; Yes                       ;
; avs_readdata[31] ; 2.5 V        ; 0 s                 ; 0 s                 ; 2.32 V                       ; 1.6e-08 V                    ; 2.42 V              ; -0.0509 V           ; 0.197 V                              ; 0.118 V                              ; 4.57e-10 s                  ; 4.47e-10 s                  ; No                         ; Yes                        ; 2.32 V                      ; 1.6e-08 V                   ; 2.42 V             ; -0.0509 V          ; 0.197 V                             ; 0.118 V                             ; 4.57e-10 s                 ; 4.47e-10 s                 ; No                        ; Yes                       ;
; avs_waitrequest  ; 2.5 V        ; 0 s                 ; 0 s                 ; 2.32 V                       ; 1.56e-08 V                   ; 2.43 V              ; -0.0617 V           ; 0.35 V                               ; 0.107 V                              ; 3.1e-10 s                   ; 4.28e-10 s                  ; No                         ; No                         ; 2.32 V                      ; 1.56e-08 V                  ; 2.43 V             ; -0.0617 V          ; 0.35 V                              ; 0.107 V                             ; 3.1e-10 s                  ; 4.28e-10 s                 ; No                        ; No                        ;
+------------------+--------------+---------------------+---------------------+------------------------------+------------------------------+---------------------+---------------------+--------------------------------------+--------------------------------------+-----------------------------+-----------------------------+----------------------------+----------------------------+-----------------------------+-----------------------------+--------------------+--------------------+-------------------------------------+-------------------------------------+----------------------------+----------------------------+---------------------------+---------------------------+


+-----------------------------------------------------------------------------------------------------------------------------------------------------------------------------------------------------------------------------------------------------------------------------------------------------------------------------------------------------------------------------------------------------------------------------------------------------------------------------------------------------------------------------------------------------------------------------------------------------------------------------------------------------------------------------------------------+
; Signal Integrity Metrics (Slow 1100mv 100c Model)                                                                                                                                                                                                                                                                                                                                                                                                                                                                                                                                                                                                                                             ;
+------------------+--------------+---------------------+---------------------+------------------------------+------------------------------+---------------------+---------------------+--------------------------------------+--------------------------------------+-----------------------------+-----------------------------+----------------------------+----------------------------+-----------------------------+-----------------------------+--------------------+--------------------+-------------------------------------+-------------------------------------+----------------------------+----------------------------+---------------------------+---------------------------+
; Pin              ; I/O Standard ; Board Delay on Rise ; Board Delay on Fall ; Steady State Voh at FPGA Pin ; Steady State Vol at FPGA Pin ; Voh Max at FPGA Pin ; Vol Min at FPGA Pin ; Ringback Voltage on Rise at FPGA Pin ; Ringback Voltage on Fall at FPGA Pin ; 10-90 Rise Time at FPGA Pin ; 90-10 Fall Time at FPGA Pin ; Monotonic Rise at FPGA Pin ; Monotonic Fall at FPGA Pin ; Steady State Voh at Far-end ; Steady State Vol at Far-end ; Voh Max at Far-end ; Vol Min at Far-end ; Ringback Voltage on Rise at Far-end ; Ringback Voltage on Fall at Far-end ; 10-90 Rise Time at Far-end ; 90-10 Fall Time at Far-end ; Monotonic Rise at Far-end ; Monotonic Fall at Far-end ;
+------------------+--------------+---------------------+---------------------+------------------------------+------------------------------+---------------------+---------------------+--------------------------------------+--------------------------------------+-----------------------------+-----------------------------+----------------------------+----------------------------+-----------------------------+-----------------------------+--------------------+--------------------+-------------------------------------+-------------------------------------+----------------------------+----------------------------+---------------------------+---------------------------+
; avs_readdata[0]  ; 2.5 V        ; 0 s                 ; 0 s                 ; 2.32 V                       ; 4.81e-05 V                   ; 2.37 V              ; -0.0242 V           ; 0.257 V                              ; 0.097 V                              ; 5.03e-10 s                  ; 6.18e-10 s                  ; No                         ; Yes                        ; 2.32 V                      ; 4.81e-05 V                  ; 2.37 V             ; -0.0242 V          ; 0.257 V                             ; 0.097 V                             ; 5.03e-10 s                 ; 6.18e-10 s                 ; No                        ; Yes                       ;
; avs_readdata[1]  ; 2.5 V        ; 0 s                 ; 0 s                 ; 2.32 V                       ; 4.28e-05 V                   ; 2.34 V              ; -0.00773 V          ; 0.214 V                              ; 0.065 V                              ; 5.06e-10 s                  ; 5.4e-10 s                   ; Yes                        ; Yes                        ; 2.32 V                      ; 4.28e-05 V                  ; 2.34 V             ; -0.00773 V         ; 0.214 V                             ; 0.065 V                             ; 5.06e-10 s                 ; 5.4e-10 s                  ; Yes                       ; Yes                       ;
; avs_readdata[2]  ; 2.5 V        ; 0 s                 ; 0 s                 ; 2.32 V                       ; 4.73e-05 V                   ; 2.38 V              ; -0.0297 V           ; 0.21 V                               ; 0.199 V                              ; 4.77e-10 s                  ; 4.97e-10 s                  ; No                         ; Yes                        ; 2.32 V                      ; 4.73e-05 V                  ; 2.38 V             ; -0.0297 V          ; 0.21 V                              ; 0.199 V                             ; 4.77e-10 s                 ; 4.97e-10 s                 ; No                        ; Yes                       ;
; avs_readdata[3]  ; 2.5 V        ; 0 s                 ; 0 s                 ; 2.32 V                       ; 4.73e-05 V                   ; 2.38 V              ; -0.0297 V           ; 0.21 V                               ; 0.199 V                              ; 4.77e-10 s                  ; 4.97e-10 s                  ; No                         ; Yes                        ; 2.32 V                      ; 4.73e-05 V                  ; 2.38 V             ; -0.0297 V          ; 0.21 V                              ; 0.199 V                             ; 4.77e-10 s                 ; 4.97e-10 s                 ; No                        ; Yes                       ;
; avs_readdata[4]  ; 2.5 V        ; 0 s                 ; 0 s                 ; 2.32 V                       ; 4.73e-05 V                   ; 2.38 V              ; -0.0301 V           ; 0.21 V                               ; 0.2 V                                ; 4.78e-10 s                  ; 4.96e-10 s                  ; No                         ; Yes                        ; 2.32 V                      ; 4.73e-05 V                  ; 2.38 V             ; -0.0301 V          ; 0.21 V                              ; 0.2 V                               ; 4.78e-10 s                 ; 4.96e-10 s                 ; No                        ; Yes                       ;
; avs_readdata[5]  ; 2.5 V        ; 0 s                 ; 0 s                 ; 2.32 V                       ; 4.81e-05 V                   ; 2.37 V              ; -0.0242 V           ; 0.257 V                              ; 0.097 V                              ; 5.03e-10 s                  ; 6.18e-10 s                  ; No                         ; Yes                        ; 2.32 V                      ; 4.81e-05 V                  ; 2.37 V             ; -0.0242 V          ; 0.257 V                             ; 0.097 V                             ; 5.03e-10 s                 ; 6.18e-10 s                 ; No                        ; Yes                       ;
; avs_readdata[6]  ; 2.5 V        ; 0 s                 ; 0 s                 ; 2.32 V                       ; 4.73e-05 V                   ; 2.38 V              ; -0.0301 V           ; 0.21 V                               ; 0.2 V                                ; 4.78e-10 s                  ; 4.96e-10 s                  ; No                         ; Yes                        ; 2.32 V                      ; 4.73e-05 V                  ; 2.38 V             ; -0.0301 V          ; 0.21 V                              ; 0.2 V                               ; 4.78e-10 s                 ; 4.96e-10 s                 ; No                        ; Yes                       ;
; avs_readdata[7]  ; 2.5 V        ; 0 s                 ; 0 s                 ; 2.32 V                       ; 4.73e-05 V                   ; 2.38 V              ; -0.0297 V           ; 0.21 V                               ; 0.199 V                              ; 4.77e-10 s                  ; 4.97e-10 s                  ; No                         ; Yes                        ; 2.32 V                      ; 4.73e-05 V                  ; 2.38 V             ; -0.0297 V          ; 0.21 V                              ; 0.199 V                             ; 4.77e-10 s                 ; 4.97e-10 s                 ; No                        ; Yes                       ;
; avs_readdata[8]  ; 2.5 V        ; 0 s                 ; 0 s                 ; 2.32 V                       ; 4.81e-05 V                   ; 2.37 V              ; -0.0242 V           ; 0.257 V                              ; 0.097 V                              ; 5.03e-10 s                  ; 6.18e-10 s                  ; No                         ; Yes                        ; 2.32 V                      ; 4.81e-05 V                  ; 2.37 V             ; -0.0242 V          ; 0.257 V                             ; 0.097 V                             ; 5.03e-10 s                 ; 6.18e-10 s                 ; No                        ; Yes                       ;
; avs_readdata[9]  ; 2.5 V        ; 0 s                 ; 0 s                 ; 2.32 V                       ; 4.28e-05 V                   ; 2.34 V              ; -0.00773 V          ; 0.214 V                              ; 0.065 V                              ; 5.06e-10 s                  ; 5.4e-10 s                   ; Yes                        ; Yes                        ; 2.32 V                      ; 4.28e-05 V                  ; 2.34 V             ; -0.00773 V         ; 0.214 V                             ; 0.065 V                             ; 5.06e-10 s                 ; 5.4e-10 s                  ; Yes                       ; Yes                       ;
; avs_readdata[10] ; 2.5 V        ; 0 s                 ; 0 s                 ; 2.32 V                       ; 4.73e-05 V                   ; 2.38 V              ; -0.0297 V           ; 0.21 V                               ; 0.199 V                              ; 4.77e-10 s                  ; 4.97e-10 s                  ; No                         ; Yes                        ; 2.32 V                      ; 4.73e-05 V                  ; 2.38 V             ; -0.0297 V          ; 0.21 V                              ; 0.199 V                             ; 4.77e-10 s                 ; 4.97e-10 s                 ; No                        ; Yes                       ;
; avs_readdata[11] ; 2.5 V        ; 0 s                 ; 0 s                 ; 2.32 V                       ; 4.73e-05 V                   ; 2.38 V              ; -0.0301 V           ; 0.21 V                               ; 0.2 V                                ; 4.78e-10 s                  ; 4.96e-10 s                  ; No                         ; Yes                        ; 2.32 V                      ; 4.73e-05 V                  ; 2.38 V             ; -0.0301 V          ; 0.21 V                              ; 0.2 V                               ; 4.78e-10 s                 ; 4.96e-10 s                 ; No                        ; Yes                       ;
; avs_readdata[12] ; 2.5 V        ; 0 s                 ; 0 s                 ; 2.32 V                       ; 4.81e-05 V                   ; 2.37 V              ; -0.0242 V           ; 0.257 V                              ; 0.097 V                              ; 5.03e-10 s                  ; 6.18e-10 s                  ; No                         ; Yes                        ; 2.32 V                      ; 4.81e-05 V                  ; 2.37 V             ; -0.0242 V          ; 0.257 V                             ; 0.097 V                             ; 5.03e-10 s                 ; 6.18e-10 s                 ; No                        ; Yes                       ;
; avs_readdata[13] ; 2.5 V        ; 0 s                 ; 0 s                 ; 2.32 V                       ; 4.81e-05 V                   ; 2.37 V              ; -0.0242 V           ; 0.257 V                              ; 0.097 V                              ; 5.03e-10 s                  ; 6.18e-10 s                  ; No                         ; Yes                        ; 2.32 V                      ; 4.81e-05 V                  ; 2.37 V             ; -0.0242 V          ; 0.257 V                             ; 0.097 V                             ; 5.03e-10 s                 ; 6.18e-10 s                 ; No                        ; Yes                       ;
; avs_readdata[14] ; 2.5 V        ; 0 s                 ; 0 s                 ; 2.32 V                       ; 4.28e-05 V                   ; 2.34 V              ; -0.00773 V          ; 0.214 V                              ; 0.065 V                              ; 5.06e-10 s                  ; 5.4e-10 s                   ; Yes                        ; Yes                        ; 2.32 V                      ; 4.28e-05 V                  ; 2.34 V             ; -0.00773 V         ; 0.214 V                             ; 0.065 V                             ; 5.06e-10 s                 ; 5.4e-10 s                  ; Yes                       ; Yes                       ;
; avs_readdata[15] ; 2.5 V        ; 0 s                 ; 0 s                 ; 2.32 V                       ; 4.73e-05 V                   ; 2.38 V              ; -0.0301 V           ; 0.21 V                               ; 0.2 V                                ; 4.78e-10 s                  ; 4.96e-10 s                  ; No                         ; Yes                        ; 2.32 V                      ; 4.73e-05 V                  ; 2.38 V             ; -0.0301 V          ; 0.21 V                              ; 0.2 V                               ; 4.78e-10 s                 ; 4.96e-10 s                 ; No                        ; Yes                       ;
; avs_readdata[16] ; 2.5 V        ; 0 s                 ; 0 s                 ; 2.32 V                       ; 4.28e-05 V                   ; 2.34 V              ; -0.00773 V          ; 0.214 V                              ; 0.065 V                              ; 5.06e-10 s                  ; 5.4e-10 s                   ; Yes                        ; Yes                        ; 2.32 V                      ; 4.28e-05 V                  ; 2.34 V             ; -0.00773 V         ; 0.214 V                             ; 0.065 V                             ; 5.06e-10 s                 ; 5.4e-10 s                  ; Yes                       ; Yes                       ;
; avs_readdata[17] ; 2.5 V        ; 0 s                 ; 0 s                 ; 2.32 V                       ; 4.73e-05 V                   ; 2.38 V              ; -0.0301 V           ; 0.21 V                               ; 0.2 V                                ; 4.78e-10 s                  ; 4.96e-10 s                  ; No                         ; Yes                        ; 2.32 V                      ; 4.73e-05 V                  ; 2.38 V             ; -0.0301 V          ; 0.21 V                              ; 0.2 V                               ; 4.78e-10 s                 ; 4.96e-10 s                 ; No                        ; Yes                       ;
; avs_readdata[18] ; 2.5 V        ; 0 s                 ; 0 s                 ; 2.32 V                       ; 4.73e-05 V                   ; 2.38 V              ; -0.0301 V           ; 0.21 V                               ; 0.2 V                                ; 4.78e-10 s                  ; 4.96e-10 s                  ; No                         ; Yes                        ; 2.32 V                      ; 4.73e-05 V                  ; 2.38 V             ; -0.0301 V          ; 0.21 V                              ; 0.2 V                               ; 4.78e-10 s                 ; 4.96e-10 s                 ; No                        ; Yes                       ;
; avs_readdata[19] ; 2.5 V        ; 0 s                 ; 0 s                 ; 2.32 V                       ; 4.73e-05 V                   ; 2.38 V              ; -0.0297 V           ; 0.21 V                               ; 0.199 V                              ; 4.77e-10 s                  ; 4.97e-10 s                  ; No                         ; Yes                        ; 2.32 V                      ; 4.73e-05 V                  ; 2.38 V             ; -0.0297 V          ; 0.21 V                              ; 0.199 V                             ; 4.77e-10 s                 ; 4.97e-10 s                 ; No                        ; Yes                       ;
; avs_readdata[20] ; 2.5 V        ; 0 s                 ; 0 s                 ; 2.32 V                       ; 4.73e-05 V                   ; 2.38 V              ; -0.0297 V           ; 0.21 V                               ; 0.199 V                              ; 4.77e-10 s                  ; 4.97e-10 s                  ; No                         ; Yes                        ; 2.32 V                      ; 4.73e-05 V                  ; 2.38 V             ; -0.0297 V          ; 0.21 V                              ; 0.199 V                             ; 4.77e-10 s                 ; 4.97e-10 s                 ; No                        ; Yes                       ;
; avs_readdata[21] ; 2.5 V        ; 0 s                 ; 0 s                 ; 2.32 V                       ; 4.73e-05 V                   ; 2.38 V              ; -0.0301 V           ; 0.21 V                               ; 0.2 V                                ; 4.78e-10 s                  ; 4.96e-10 s                  ; No                         ; Yes                        ; 2.32 V                      ; 4.73e-05 V                  ; 2.38 V             ; -0.0301 V          ; 0.21 V                              ; 0.2 V                               ; 4.78e-10 s                 ; 4.96e-10 s                 ; No                        ; Yes                       ;
; avs_readdata[22] ; 2.5 V        ; 0 s                 ; 0 s                 ; 2.32 V                       ; 4.73e-05 V                   ; 2.38 V              ; -0.0301 V           ; 0.21 V                               ; 0.2 V                                ; 4.78e-10 s                  ; 4.96e-10 s                  ; No                         ; Yes                        ; 2.32 V                      ; 4.73e-05 V                  ; 2.38 V             ; -0.0301 V          ; 0.21 V                              ; 0.2 V                               ; 4.78e-10 s                 ; 4.96e-10 s                 ; No                        ; Yes                       ;
; avs_readdata[23] ; 2.5 V        ; 0 s                 ; 0 s                 ; 2.32 V                       ; 4.73e-05 V                   ; 2.38 V              ; -0.0301 V           ; 0.21 V                               ; 0.2 V                                ; 4.78e-10 s                  ; 4.96e-10 s                  ; No                         ; Yes                        ; 2.32 V                      ; 4.73e-05 V                  ; 2.38 V             ; -0.0301 V          ; 0.21 V                              ; 0.2 V                               ; 4.78e-10 s                 ; 4.96e-10 s                 ; No                        ; Yes                       ;
; avs_readdata[24] ; 2.5 V        ; 0 s                 ; 0 s                 ; 2.32 V                       ; 4.81e-05 V                   ; 2.37 V              ; -0.0242 V           ; 0.257 V                              ; 0.097 V                              ; 5.03e-10 s                  ; 6.18e-10 s                  ; No                         ; Yes                        ; 2.32 V                      ; 4.81e-05 V                  ; 2.37 V             ; -0.0242 V          ; 0.257 V                             ; 0.097 V                             ; 5.03e-10 s                 ; 6.18e-10 s                 ; No                        ; Yes                       ;
; avs_readdata[25] ; 2.5 V        ; 0 s                 ; 0 s                 ; 2.32 V                       ; 4.81e-05 V                   ; 2.37 V              ; -0.0242 V           ; 0.257 V                              ; 0.097 V                              ; 5.03e-10 s                  ; 6.18e-10 s                  ; No                         ; Yes                        ; 2.32 V                      ; 4.81e-05 V                  ; 2.37 V             ; -0.0242 V          ; 0.257 V                             ; 0.097 V                             ; 5.03e-10 s                 ; 6.18e-10 s                 ; No                        ; Yes                       ;
; avs_readdata[26] ; 2.5 V        ; 0 s                 ; 0 s                 ; 2.32 V                       ; 4.28e-05 V                   ; 2.34 V              ; -0.00773 V          ; 0.214 V                              ; 0.065 V                              ; 5.06e-10 s                  ; 5.4e-10 s                   ; Yes                        ; Yes                        ; 2.32 V                      ; 4.28e-05 V                  ; 2.34 V             ; -0.00773 V         ; 0.214 V                             ; 0.065 V                             ; 5.06e-10 s                 ; 5.4e-10 s                  ; Yes                       ; Yes                       ;
; avs_readdata[27] ; 2.5 V        ; 0 s                 ; 0 s                 ; 2.32 V                       ; 4.73e-05 V                   ; 2.38 V              ; -0.0297 V           ; 0.21 V                               ; 0.199 V                              ; 4.77e-10 s                  ; 4.97e-10 s                  ; No                         ; Yes                        ; 2.32 V                      ; 4.73e-05 V                  ; 2.38 V             ; -0.0297 V          ; 0.21 V                              ; 0.199 V                             ; 4.77e-10 s                 ; 4.97e-10 s                 ; No                        ; Yes                       ;
; avs_readdata[28] ; 2.5 V        ; 0 s                 ; 0 s                 ; 2.32 V                       ; 4.73e-05 V                   ; 2.38 V              ; -0.0297 V           ; 0.21 V                               ; 0.199 V                              ; 4.77e-10 s                  ; 4.97e-10 s                  ; No                         ; Yes                        ; 2.32 V                      ; 4.73e-05 V                  ; 2.38 V             ; -0.0297 V          ; 0.21 V                              ; 0.199 V                             ; 4.77e-10 s                 ; 4.97e-10 s                 ; No                        ; Yes                       ;
; avs_readdata[29] ; 2.5 V        ; 0 s                 ; 0 s                 ; 2.32 V                       ; 4.73e-05 V                   ; 2.38 V              ; -0.0297 V           ; 0.21 V                               ; 0.199 V                              ; 4.77e-10 s                  ; 4.97e-10 s                  ; No                         ; Yes                        ; 2.32 V                      ; 4.73e-05 V                  ; 2.38 V             ; -0.0297 V          ; 0.21 V                              ; 0.199 V                             ; 4.77e-10 s                 ; 4.97e-10 s                 ; No                        ; Yes                       ;
; avs_readdata[30] ; 2.5 V        ; 0 s                 ; 0 s                 ; 2.32 V                       ; 4.28e-05 V                   ; 2.34 V              ; -0.00773 V          ; 0.214 V                              ; 0.065 V                              ; 5.06e-10 s                  ; 5.4e-10 s                   ; Yes                        ; Yes                        ; 2.32 V                      ; 4.28e-05 V                  ; 2.34 V             ; -0.00773 V         ; 0.214 V                             ; 0.065 V                             ; 5.06e-10 s                 ; 5.4e-10 s                  ; Yes                       ; Yes                       ;
; avs_readdata[31] ; 2.5 V        ; 0 s                 ; 0 s                 ; 2.32 V                       ; 4.81e-05 V                   ; 2.37 V              ; -0.0242 V           ; 0.257 V                              ; 0.097 V                              ; 5.03e-10 s                  ; 6.18e-10 s                  ; No                         ; Yes                        ; 2.32 V                      ; 4.81e-05 V                  ; 2.37 V             ; -0.0242 V          ; 0.257 V                             ; 0.097 V                             ; 5.03e-10 s                 ; 6.18e-10 s                 ; No                        ; Yes                       ;
; avs_waitrequest  ; 2.5 V        ; 0 s                 ; 0 s                 ; 2.32 V                       ; 4.73e-05 V                   ; 2.38 V              ; -0.0301 V           ; 0.21 V                               ; 0.2 V                                ; 4.78e-10 s                  ; 4.96e-10 s                  ; No                         ; Yes                        ; 2.32 V                      ; 4.73e-05 V                  ; 2.38 V             ; -0.0301 V          ; 0.21 V                              ; 0.2 V                               ; 4.78e-10 s                 ; 4.96e-10 s                 ; No                        ; Yes                       ;
+------------------+--------------+---------------------+---------------------+------------------------------+------------------------------+---------------------+---------------------+--------------------------------------+--------------------------------------+-----------------------------+-----------------------------+----------------------------+----------------------------+-----------------------------+-----------------------------+--------------------+--------------------+-------------------------------------+-------------------------------------+----------------------------+----------------------------+---------------------------+---------------------------+


+-----------------------------------------------------------------------------------------------------------------------------------------------------------------------------------------------------------------------------------------------------------------------------------------------------------------------------------------------------------------------------------------------------------------------------------------------------------------------------------------------------------------------------------------------------------------------------------------------------------------------------------------------------------------------------------------------+
; Signal Integrity Metrics (Fast 1100mv n40c Model)                                                                                                                                                                                                                                                                                                                                                                                                                                                                                                                                                                                                                                             ;
+------------------+--------------+---------------------+---------------------+------------------------------+------------------------------+---------------------+---------------------+--------------------------------------+--------------------------------------+-----------------------------+-----------------------------+----------------------------+----------------------------+-----------------------------+-----------------------------+--------------------+--------------------+-------------------------------------+-------------------------------------+----------------------------+----------------------------+---------------------------+---------------------------+
; Pin              ; I/O Standard ; Board Delay on Rise ; Board Delay on Fall ; Steady State Voh at FPGA Pin ; Steady State Vol at FPGA Pin ; Voh Max at FPGA Pin ; Vol Min at FPGA Pin ; Ringback Voltage on Rise at FPGA Pin ; Ringback Voltage on Fall at FPGA Pin ; 10-90 Rise Time at FPGA Pin ; 90-10 Fall Time at FPGA Pin ; Monotonic Rise at FPGA Pin ; Monotonic Fall at FPGA Pin ; Steady State Voh at Far-end ; Steady State Vol at Far-end ; Voh Max at Far-end ; Vol Min at Far-end ; Ringback Voltage on Rise at Far-end ; Ringback Voltage on Fall at Far-end ; 10-90 Rise Time at Far-end ; 90-10 Fall Time at Far-end ; Monotonic Rise at Far-end ; Monotonic Fall at Far-end ;
+------------------+--------------+---------------------+---------------------+------------------------------+------------------------------+---------------------+---------------------+--------------------------------------+--------------------------------------+-----------------------------+-----------------------------+----------------------------+----------------------------+-----------------------------+-----------------------------+--------------------+--------------------+-------------------------------------+-------------------------------------+----------------------------+----------------------------+---------------------------+---------------------------+
; avs_readdata[0]  ; 2.5 V        ; 0 s                 ; 0 s                 ; 2.75 V                       ; 2.45e-07 V                   ; 2.93 V              ; -0.127 V            ; 0.351 V                              ; 0.317 V                              ; 2.74e-10 s                  ; 2.82e-10 s                  ; No                         ; No                         ; 2.75 V                      ; 2.45e-07 V                  ; 2.93 V             ; -0.127 V           ; 0.351 V                             ; 0.317 V                             ; 2.74e-10 s                 ; 2.82e-10 s                 ; No                        ; No                        ;
; avs_readdata[1]  ; 2.5 V        ; 0 s                 ; 0 s                 ; 2.75 V                       ; 1.99e-07 V                   ; 2.83 V              ; -0.0718 V           ; 0.269 V                              ; 0.234 V                              ; 2.77e-10 s                  ; 2.75e-10 s                  ; Yes                        ; Yes                        ; 2.75 V                      ; 1.99e-07 V                  ; 2.83 V             ; -0.0718 V          ; 0.269 V                             ; 0.234 V                             ; 2.77e-10 s                 ; 2.75e-10 s                 ; Yes                       ; Yes                       ;
; avs_readdata[2]  ; 2.5 V        ; 0 s                 ; 0 s                 ; 2.75 V                       ; 2.38e-07 V                   ; 2.94 V              ; -0.139 V            ; 0.31 V                               ; 0.268 V                              ; 2.65e-10 s                  ; 2.63e-10 s                  ; No                         ; Yes                        ; 2.75 V                      ; 2.38e-07 V                  ; 2.94 V             ; -0.139 V           ; 0.31 V                              ; 0.268 V                             ; 2.65e-10 s                 ; 2.63e-10 s                 ; No                        ; Yes                       ;
; avs_readdata[3]  ; 2.5 V        ; 0 s                 ; 0 s                 ; 2.75 V                       ; 2.38e-07 V                   ; 2.94 V              ; -0.139 V            ; 0.31 V                               ; 0.268 V                              ; 2.65e-10 s                  ; 2.63e-10 s                  ; No                         ; Yes                        ; 2.75 V                      ; 2.38e-07 V                  ; 2.94 V             ; -0.139 V           ; 0.31 V                              ; 0.268 V                             ; 2.65e-10 s                 ; 2.63e-10 s                 ; No                        ; Yes                       ;
; avs_readdata[4]  ; 2.5 V        ; 0 s                 ; 0 s                 ; 2.75 V                       ; 2.38e-07 V                   ; 2.94 V              ; -0.135 V            ; 0.31 V                               ; 0.268 V                              ; 2.65e-10 s                  ; 2.64e-10 s                  ; No                         ; Yes                        ; 2.75 V                      ; 2.38e-07 V                  ; 2.94 V             ; -0.135 V           ; 0.31 V                              ; 0.268 V                             ; 2.65e-10 s                 ; 2.64e-10 s                 ; No                        ; Yes                       ;
; avs_readdata[5]  ; 2.5 V        ; 0 s                 ; 0 s                 ; 2.75 V                       ; 2.45e-07 V                   ; 2.93 V              ; -0.127 V            ; 0.351 V                              ; 0.317 V                              ; 2.74e-10 s                  ; 2.82e-10 s                  ; No                         ; No                         ; 2.75 V                      ; 2.45e-07 V                  ; 2.93 V             ; -0.127 V           ; 0.351 V                             ; 0.317 V                             ; 2.74e-10 s                 ; 2.82e-10 s                 ; No                        ; No                        ;
; avs_readdata[6]  ; 2.5 V        ; 0 s                 ; 0 s                 ; 2.75 V                       ; 2.38e-07 V                   ; 2.94 V              ; -0.135 V            ; 0.31 V                               ; 0.268 V                              ; 2.65e-10 s                  ; 2.64e-10 s                  ; No                         ; Yes                        ; 2.75 V                      ; 2.38e-07 V                  ; 2.94 V             ; -0.135 V           ; 0.31 V                              ; 0.268 V                             ; 2.65e-10 s                 ; 2.64e-10 s                 ; No                        ; Yes                       ;
; avs_readdata[7]  ; 2.5 V        ; 0 s                 ; 0 s                 ; 2.75 V                       ; 2.38e-07 V                   ; 2.94 V              ; -0.139 V            ; 0.31 V                               ; 0.268 V                              ; 2.65e-10 s                  ; 2.63e-10 s                  ; No                         ; Yes                        ; 2.75 V                      ; 2.38e-07 V                  ; 2.94 V             ; -0.139 V           ; 0.31 V                              ; 0.268 V                             ; 2.65e-10 s                 ; 2.63e-10 s                 ; No                        ; Yes                       ;
; avs_readdata[8]  ; 2.5 V        ; 0 s                 ; 0 s                 ; 2.75 V                       ; 2.45e-07 V                   ; 2.93 V              ; -0.127 V            ; 0.351 V                              ; 0.317 V                              ; 2.74e-10 s                  ; 2.82e-10 s                  ; No                         ; No                         ; 2.75 V                      ; 2.45e-07 V                  ; 2.93 V             ; -0.127 V           ; 0.351 V                             ; 0.317 V                             ; 2.74e-10 s                 ; 2.82e-10 s                 ; No                        ; No                        ;
; avs_readdata[9]  ; 2.5 V        ; 0 s                 ; 0 s                 ; 2.75 V                       ; 1.99e-07 V                   ; 2.83 V              ; -0.0718 V           ; 0.269 V                              ; 0.234 V                              ; 2.77e-10 s                  ; 2.75e-10 s                  ; Yes                        ; Yes                        ; 2.75 V                      ; 1.99e-07 V                  ; 2.83 V             ; -0.0718 V          ; 0.269 V                             ; 0.234 V                             ; 2.77e-10 s                 ; 2.75e-10 s                 ; Yes                       ; Yes                       ;
; avs_readdata[10] ; 2.5 V        ; 0 s                 ; 0 s                 ; 2.75 V                       ; 2.38e-07 V                   ; 2.94 V              ; -0.139 V            ; 0.31 V                               ; 0.268 V                              ; 2.65e-10 s                  ; 2.63e-10 s                  ; No                         ; Yes                        ; 2.75 V                      ; 2.38e-07 V                  ; 2.94 V             ; -0.139 V           ; 0.31 V                              ; 0.268 V                             ; 2.65e-10 s                 ; 2.63e-10 s                 ; No                        ; Yes                       ;
; avs_readdata[11] ; 2.5 V        ; 0 s                 ; 0 s                 ; 2.75 V                       ; 2.38e-07 V                   ; 2.94 V              ; -0.135 V            ; 0.31 V                               ; 0.268 V                              ; 2.65e-10 s                  ; 2.64e-10 s                  ; No                         ; Yes                        ; 2.75 V                      ; 2.38e-07 V                  ; 2.94 V             ; -0.135 V           ; 0.31 V                              ; 0.268 V                             ; 2.65e-10 s                 ; 2.64e-10 s                 ; No                        ; Yes                       ;
; avs_readdata[12] ; 2.5 V        ; 0 s                 ; 0 s                 ; 2.75 V                       ; 2.45e-07 V                   ; 2.93 V              ; -0.127 V            ; 0.351 V                              ; 0.317 V                              ; 2.74e-10 s                  ; 2.82e-10 s                  ; No                         ; No                         ; 2.75 V                      ; 2.45e-07 V                  ; 2.93 V             ; -0.127 V           ; 0.351 V                             ; 0.317 V                             ; 2.74e-10 s                 ; 2.82e-10 s                 ; No                        ; No                        ;
; avs_readdata[13] ; 2.5 V        ; 0 s                 ; 0 s                 ; 2.75 V                       ; 2.45e-07 V                   ; 2.93 V              ; -0.127 V            ; 0.351 V                              ; 0.317 V                              ; 2.74e-10 s                  ; 2.82e-10 s                  ; No                         ; No                         ; 2.75 V                      ; 2.45e-07 V                  ; 2.93 V             ; -0.127 V           ; 0.351 V                             ; 0.317 V                             ; 2.74e-10 s                 ; 2.82e-10 s                 ; No                        ; No                        ;
; avs_readdata[14] ; 2.5 V        ; 0 s                 ; 0 s                 ; 2.75 V                       ; 1.99e-07 V                   ; 2.83 V              ; -0.0718 V           ; 0.269 V                              ; 0.234 V                              ; 2.77e-10 s                  ; 2.75e-10 s                  ; Yes                        ; Yes                        ; 2.75 V                      ; 1.99e-07 V                  ; 2.83 V             ; -0.0718 V          ; 0.269 V                             ; 0.234 V                             ; 2.77e-10 s                 ; 2.75e-10 s                 ; Yes                       ; Yes                       ;
; avs_readdata[15] ; 2.5 V        ; 0 s                 ; 0 s                 ; 2.75 V                       ; 2.38e-07 V                   ; 2.94 V              ; -0.135 V            ; 0.31 V                               ; 0.268 V                              ; 2.65e-10 s                  ; 2.64e-10 s                  ; No                         ; Yes                        ; 2.75 V                      ; 2.38e-07 V                  ; 2.94 V             ; -0.135 V           ; 0.31 V                              ; 0.268 V                             ; 2.65e-10 s                 ; 2.64e-10 s                 ; No                        ; Yes                       ;
; avs_readdata[16] ; 2.5 V        ; 0 s                 ; 0 s                 ; 2.75 V                       ; 1.99e-07 V                   ; 2.83 V              ; -0.0718 V           ; 0.269 V                              ; 0.234 V                              ; 2.77e-10 s                  ; 2.75e-10 s                  ; Yes                        ; Yes                        ; 2.75 V                      ; 1.99e-07 V                  ; 2.83 V             ; -0.0718 V          ; 0.269 V                             ; 0.234 V                             ; 2.77e-10 s                 ; 2.75e-10 s                 ; Yes                       ; Yes                       ;
; avs_readdata[17] ; 2.5 V        ; 0 s                 ; 0 s                 ; 2.75 V                       ; 2.38e-07 V                   ; 2.94 V              ; -0.135 V            ; 0.31 V                               ; 0.268 V                              ; 2.65e-10 s                  ; 2.64e-10 s                  ; No                         ; Yes                        ; 2.75 V                      ; 2.38e-07 V                  ; 2.94 V             ; -0.135 V           ; 0.31 V                              ; 0.268 V                             ; 2.65e-10 s                 ; 2.64e-10 s                 ; No                        ; Yes                       ;
; avs_readdata[18] ; 2.5 V        ; 0 s                 ; 0 s                 ; 2.75 V                       ; 2.38e-07 V                   ; 2.94 V              ; -0.135 V            ; 0.31 V                               ; 0.268 V                              ; 2.65e-10 s                  ; 2.64e-10 s                  ; No                         ; Yes                        ; 2.75 V                      ; 2.38e-07 V                  ; 2.94 V             ; -0.135 V           ; 0.31 V                              ; 0.268 V                             ; 2.65e-10 s                 ; 2.64e-10 s                 ; No                        ; Yes                       ;
; avs_readdata[19] ; 2.5 V        ; 0 s                 ; 0 s                 ; 2.75 V                       ; 2.38e-07 V                   ; 2.94 V              ; -0.139 V            ; 0.31 V                               ; 0.268 V                              ; 2.65e-10 s                  ; 2.63e-10 s                  ; No                         ; Yes                        ; 2.75 V                      ; 2.38e-07 V                  ; 2.94 V             ; -0.139 V           ; 0.31 V                              ; 0.268 V                             ; 2.65e-10 s                 ; 2.63e-10 s                 ; No                        ; Yes                       ;
; avs_readdata[20] ; 2.5 V        ; 0 s                 ; 0 s                 ; 2.75 V                       ; 2.38e-07 V                   ; 2.94 V              ; -0.139 V            ; 0.31 V                               ; 0.268 V                              ; 2.65e-10 s                  ; 2.63e-10 s                  ; No                         ; Yes                        ; 2.75 V                      ; 2.38e-07 V                  ; 2.94 V             ; -0.139 V           ; 0.31 V                              ; 0.268 V                             ; 2.65e-10 s                 ; 2.63e-10 s                 ; No                        ; Yes                       ;
; avs_readdata[21] ; 2.5 V        ; 0 s                 ; 0 s                 ; 2.75 V                       ; 2.38e-07 V                   ; 2.94 V              ; -0.135 V            ; 0.31 V                               ; 0.268 V                              ; 2.65e-10 s                  ; 2.64e-10 s                  ; No                         ; Yes                        ; 2.75 V                      ; 2.38e-07 V                  ; 2.94 V             ; -0.135 V           ; 0.31 V                              ; 0.268 V                             ; 2.65e-10 s                 ; 2.64e-10 s                 ; No                        ; Yes                       ;
; avs_readdata[22] ; 2.5 V        ; 0 s                 ; 0 s                 ; 2.75 V                       ; 2.38e-07 V                   ; 2.94 V              ; -0.135 V            ; 0.31 V                               ; 0.268 V                              ; 2.65e-10 s                  ; 2.64e-10 s                  ; No                         ; Yes                        ; 2.75 V                      ; 2.38e-07 V                  ; 2.94 V             ; -0.135 V           ; 0.31 V                              ; 0.268 V                             ; 2.65e-10 s                 ; 2.64e-10 s                 ; No                        ; Yes                       ;
; avs_readdata[23] ; 2.5 V        ; 0 s                 ; 0 s                 ; 2.75 V                       ; 2.38e-07 V                   ; 2.94 V              ; -0.135 V            ; 0.31 V                               ; 0.268 V                              ; 2.65e-10 s                  ; 2.64e-10 s                  ; No                         ; Yes                        ; 2.75 V                      ; 2.38e-07 V                  ; 2.94 V             ; -0.135 V           ; 0.31 V                              ; 0.268 V                             ; 2.65e-10 s                 ; 2.64e-10 s                 ; No                        ; Yes                       ;
; avs_readdata[24] ; 2.5 V        ; 0 s                 ; 0 s                 ; 2.75 V                       ; 2.45e-07 V                   ; 2.93 V              ; -0.127 V            ; 0.351 V                              ; 0.317 V                              ; 2.74e-10 s                  ; 2.82e-10 s                  ; No                         ; No                         ; 2.75 V                      ; 2.45e-07 V                  ; 2.93 V             ; -0.127 V           ; 0.351 V                             ; 0.317 V                             ; 2.74e-10 s                 ; 2.82e-10 s                 ; No                        ; No                        ;
; avs_readdata[25] ; 2.5 V        ; 0 s                 ; 0 s                 ; 2.75 V                       ; 2.45e-07 V                   ; 2.93 V              ; -0.127 V            ; 0.351 V                              ; 0.317 V                              ; 2.74e-10 s                  ; 2.82e-10 s                  ; No                         ; No                         ; 2.75 V                      ; 2.45e-07 V                  ; 2.93 V             ; -0.127 V           ; 0.351 V                             ; 0.317 V                             ; 2.74e-10 s                 ; 2.82e-10 s                 ; No                        ; No                        ;
; avs_readdata[26] ; 2.5 V        ; 0 s                 ; 0 s                 ; 2.75 V                       ; 1.99e-07 V                   ; 2.83 V              ; -0.0718 V           ; 0.269 V                              ; 0.234 V                              ; 2.77e-10 s                  ; 2.75e-10 s                  ; Yes                        ; Yes                        ; 2.75 V                      ; 1.99e-07 V                  ; 2.83 V             ; -0.0718 V          ; 0.269 V                             ; 0.234 V                             ; 2.77e-10 s                 ; 2.75e-10 s                 ; Yes                       ; Yes                       ;
; avs_readdata[27] ; 2.5 V        ; 0 s                 ; 0 s                 ; 2.75 V                       ; 2.38e-07 V                   ; 2.94 V              ; -0.139 V            ; 0.31 V                               ; 0.268 V                              ; 2.65e-10 s                  ; 2.63e-10 s                  ; No                         ; Yes                        ; 2.75 V                      ; 2.38e-07 V                  ; 2.94 V             ; -0.139 V           ; 0.31 V                              ; 0.268 V                             ; 2.65e-10 s                 ; 2.63e-10 s                 ; No                        ; Yes                       ;
; avs_readdata[28] ; 2.5 V        ; 0 s                 ; 0 s                 ; 2.75 V                       ; 2.38e-07 V                   ; 2.94 V              ; -0.139 V            ; 0.31 V                               ; 0.268 V                              ; 2.65e-10 s                  ; 2.63e-10 s                  ; No                         ; Yes                        ; 2.75 V                      ; 2.38e-07 V                  ; 2.94 V             ; -0.139 V           ; 0.31 V                              ; 0.268 V                             ; 2.65e-10 s                 ; 2.63e-10 s                 ; No                        ; Yes                       ;
; avs_readdata[29] ; 2.5 V        ; 0 s                 ; 0 s                 ; 2.75 V                       ; 2.38e-07 V                   ; 2.94 V              ; -0.139 V            ; 0.31 V                               ; 0.268 V                              ; 2.65e-10 s                  ; 2.63e-10 s                  ; No                         ; Yes                        ; 2.75 V                      ; 2.38e-07 V                  ; 2.94 V             ; -0.139 V           ; 0.31 V                              ; 0.268 V                             ; 2.65e-10 s                 ; 2.63e-10 s                 ; No                        ; Yes                       ;
; avs_readdata[30] ; 2.5 V        ; 0 s                 ; 0 s                 ; 2.75 V                       ; 1.99e-07 V                   ; 2.83 V              ; -0.0718 V           ; 0.269 V                              ; 0.234 V                              ; 2.77e-10 s                  ; 2.75e-10 s                  ; Yes                        ; Yes                        ; 2.75 V                      ; 1.99e-07 V                  ; 2.83 V             ; -0.0718 V          ; 0.269 V                             ; 0.234 V                             ; 2.77e-10 s                 ; 2.75e-10 s                 ; Yes                       ; Yes                       ;
; avs_readdata[31] ; 2.5 V        ; 0 s                 ; 0 s                 ; 2.75 V                       ; 2.45e-07 V                   ; 2.93 V              ; -0.127 V            ; 0.351 V                              ; 0.317 V                              ; 2.74e-10 s                  ; 2.82e-10 s                  ; No                         ; No                         ; 2.75 V                      ; 2.45e-07 V                  ; 2.93 V             ; -0.127 V           ; 0.351 V                             ; 0.317 V                             ; 2.74e-10 s                 ; 2.82e-10 s                 ; No                        ; No                        ;
; avs_waitrequest  ; 2.5 V        ; 0 s                 ; 0 s                 ; 2.75 V                       ; 2.38e-07 V                   ; 2.94 V              ; -0.135 V            ; 0.31 V                               ; 0.268 V                              ; 2.65e-10 s                  ; 2.64e-10 s                  ; No                         ; Yes                        ; 2.75 V                      ; 2.38e-07 V                  ; 2.94 V             ; -0.135 V           ; 0.31 V                              ; 0.268 V                             ; 2.65e-10 s                 ; 2.64e-10 s                 ; No                        ; Yes                       ;
+------------------+--------------+---------------------+---------------------+------------------------------+------------------------------+---------------------+---------------------+--------------------------------------+--------------------------------------+-----------------------------+-----------------------------+----------------------------+----------------------------+-----------------------------+-----------------------------+--------------------+--------------------+-------------------------------------+-------------------------------------+----------------------------+----------------------------+---------------------------+---------------------------+


+-----------------------------------------------------------------------------------------------------------------------------------------------------------------------------------------------------------------------------------------------------------------------------------------------------------------------------------------------------------------------------------------------------------------------------------------------------------------------------------------------------------------------------------------------------------------------------------------------------------------------------------------------------------------------------------------------+
; Signal Integrity Metrics (Fast 1100mv 100c Model)                                                                                                                                                                                                                                                                                                                                                                                                                                                                                                                                                                                                                                             ;
+------------------+--------------+---------------------+---------------------+------------------------------+------------------------------+---------------------+---------------------+--------------------------------------+--------------------------------------+-----------------------------+-----------------------------+----------------------------+----------------------------+-----------------------------+-----------------------------+--------------------+--------------------+-------------------------------------+-------------------------------------+----------------------------+----------------------------+---------------------------+---------------------------+
; Pin              ; I/O Standard ; Board Delay on Rise ; Board Delay on Fall ; Steady State Voh at FPGA Pin ; Steady State Vol at FPGA Pin ; Voh Max at FPGA Pin ; Vol Min at FPGA Pin ; Ringback Voltage on Rise at FPGA Pin ; Ringback Voltage on Fall at FPGA Pin ; 10-90 Rise Time at FPGA Pin ; 90-10 Fall Time at FPGA Pin ; Monotonic Rise at FPGA Pin ; Monotonic Fall at FPGA Pin ; Steady State Voh at Far-end ; Steady State Vol at Far-end ; Voh Max at Far-end ; Vol Min at Far-end ; Ringback Voltage on Rise at Far-end ; Ringback Voltage on Fall at Far-end ; 10-90 Rise Time at Far-end ; 90-10 Fall Time at Far-end ; Monotonic Rise at Far-end ; Monotonic Fall at Far-end ;
+------------------+--------------+---------------------+---------------------+------------------------------+------------------------------+---------------------+---------------------+--------------------------------------+--------------------------------------+-----------------------------+-----------------------------+----------------------------+----------------------------+-----------------------------+-----------------------------+--------------------+--------------------+-------------------------------------+-------------------------------------+----------------------------+----------------------------+---------------------------+---------------------------+
; avs_readdata[0]  ; 2.5 V        ; 0 s                 ; 0 s                 ; 2.75 V                       ; 0.000419 V                   ; 2.85 V              ; -0.0671 V           ; 0.203 V                              ; 0.19 V                               ; 4.57e-10 s                  ; 4.54e-10 s                  ; No                         ; No                         ; 2.75 V                      ; 0.000419 V                  ; 2.85 V             ; -0.0671 V          ; 0.203 V                             ; 0.19 V                              ; 4.57e-10 s                 ; 4.54e-10 s                 ; No                        ; No                        ;
; avs_readdata[1]  ; 2.5 V        ; 0 s                 ; 0 s                 ; 2.75 V                       ; 0.000362 V                   ; 2.79 V              ; -0.0303 V           ; 0.139 V                              ; 0.127 V                              ; 4.44e-10 s                  ; 4.38e-10 s                  ; No                         ; Yes                        ; 2.75 V                      ; 0.000362 V                  ; 2.79 V             ; -0.0303 V          ; 0.139 V                             ; 0.127 V                             ; 4.44e-10 s                 ; 4.38e-10 s                 ; No                        ; Yes                       ;
; avs_readdata[2]  ; 2.5 V        ; 0 s                 ; 0 s                 ; 2.75 V                       ; 0.00041 V                    ; 2.85 V              ; -0.0763 V           ; 0.365 V                              ; 0.161 V                              ; 3.08e-10 s                  ; 4.37e-10 s                  ; No                         ; No                         ; 2.75 V                      ; 0.00041 V                   ; 2.85 V             ; -0.0763 V          ; 0.365 V                             ; 0.161 V                             ; 3.08e-10 s                 ; 4.37e-10 s                 ; No                        ; No                        ;
; avs_readdata[3]  ; 2.5 V        ; 0 s                 ; 0 s                 ; 2.75 V                       ; 0.00041 V                    ; 2.85 V              ; -0.0763 V           ; 0.365 V                              ; 0.161 V                              ; 3.08e-10 s                  ; 4.37e-10 s                  ; No                         ; No                         ; 2.75 V                      ; 0.00041 V                   ; 2.85 V             ; -0.0763 V          ; 0.365 V                             ; 0.161 V                             ; 3.08e-10 s                 ; 4.37e-10 s                 ; No                        ; No                        ;
; avs_readdata[4]  ; 2.5 V        ; 0 s                 ; 0 s                 ; 2.75 V                       ; 0.00041 V                    ; 2.85 V              ; -0.076 V            ; 0.363 V                              ; 0.16 V                               ; 3.08e-10 s                  ; 4.37e-10 s                  ; No                         ; No                         ; 2.75 V                      ; 0.00041 V                   ; 2.85 V             ; -0.076 V           ; 0.363 V                             ; 0.16 V                              ; 3.08e-10 s                 ; 4.37e-10 s                 ; No                        ; No                        ;
; avs_readdata[5]  ; 2.5 V        ; 0 s                 ; 0 s                 ; 2.75 V                       ; 0.000419 V                   ; 2.85 V              ; -0.0671 V           ; 0.203 V                              ; 0.19 V                               ; 4.57e-10 s                  ; 4.54e-10 s                  ; No                         ; No                         ; 2.75 V                      ; 0.000419 V                  ; 2.85 V             ; -0.0671 V          ; 0.203 V                             ; 0.19 V                              ; 4.57e-10 s                 ; 4.54e-10 s                 ; No                        ; No                        ;
; avs_readdata[6]  ; 2.5 V        ; 0 s                 ; 0 s                 ; 2.75 V                       ; 0.00041 V                    ; 2.85 V              ; -0.076 V            ; 0.363 V                              ; 0.16 V                               ; 3.08e-10 s                  ; 4.37e-10 s                  ; No                         ; No                         ; 2.75 V                      ; 0.00041 V                   ; 2.85 V             ; -0.076 V           ; 0.363 V                             ; 0.16 V                              ; 3.08e-10 s                 ; 4.37e-10 s                 ; No                        ; No                        ;
; avs_readdata[7]  ; 2.5 V        ; 0 s                 ; 0 s                 ; 2.75 V                       ; 0.00041 V                    ; 2.85 V              ; -0.0763 V           ; 0.365 V                              ; 0.161 V                              ; 3.08e-10 s                  ; 4.37e-10 s                  ; No                         ; No                         ; 2.75 V                      ; 0.00041 V                   ; 2.85 V             ; -0.0763 V          ; 0.365 V                             ; 0.161 V                             ; 3.08e-10 s                 ; 4.37e-10 s                 ; No                        ; No                        ;
; avs_readdata[8]  ; 2.5 V        ; 0 s                 ; 0 s                 ; 2.75 V                       ; 0.000419 V                   ; 2.85 V              ; -0.0671 V           ; 0.203 V                              ; 0.19 V                               ; 4.57e-10 s                  ; 4.54e-10 s                  ; No                         ; No                         ; 2.75 V                      ; 0.000419 V                  ; 2.85 V             ; -0.0671 V          ; 0.203 V                             ; 0.19 V                              ; 4.57e-10 s                 ; 4.54e-10 s                 ; No                        ; No                        ;
; avs_readdata[9]  ; 2.5 V        ; 0 s                 ; 0 s                 ; 2.75 V                       ; 0.000362 V                   ; 2.79 V              ; -0.0303 V           ; 0.139 V                              ; 0.127 V                              ; 4.44e-10 s                  ; 4.38e-10 s                  ; No                         ; Yes                        ; 2.75 V                      ; 0.000362 V                  ; 2.79 V             ; -0.0303 V          ; 0.139 V                             ; 0.127 V                             ; 4.44e-10 s                 ; 4.38e-10 s                 ; No                        ; Yes                       ;
; avs_readdata[10] ; 2.5 V        ; 0 s                 ; 0 s                 ; 2.75 V                       ; 0.00041 V                    ; 2.85 V              ; -0.0763 V           ; 0.365 V                              ; 0.161 V                              ; 3.08e-10 s                  ; 4.37e-10 s                  ; No                         ; No                         ; 2.75 V                      ; 0.00041 V                   ; 2.85 V             ; -0.0763 V          ; 0.365 V                             ; 0.161 V                             ; 3.08e-10 s                 ; 4.37e-10 s                 ; No                        ; No                        ;
; avs_readdata[11] ; 2.5 V        ; 0 s                 ; 0 s                 ; 2.75 V                       ; 0.00041 V                    ; 2.85 V              ; -0.076 V            ; 0.363 V                              ; 0.16 V                               ; 3.08e-10 s                  ; 4.37e-10 s                  ; No                         ; No                         ; 2.75 V                      ; 0.00041 V                   ; 2.85 V             ; -0.076 V           ; 0.363 V                             ; 0.16 V                              ; 3.08e-10 s                 ; 4.37e-10 s                 ; No                        ; No                        ;
; avs_readdata[12] ; 2.5 V        ; 0 s                 ; 0 s                 ; 2.75 V                       ; 0.000419 V                   ; 2.85 V              ; -0.0671 V           ; 0.203 V                              ; 0.19 V                               ; 4.57e-10 s                  ; 4.54e-10 s                  ; No                         ; No                         ; 2.75 V                      ; 0.000419 V                  ; 2.85 V             ; -0.0671 V          ; 0.203 V                             ; 0.19 V                              ; 4.57e-10 s                 ; 4.54e-10 s                 ; No                        ; No                        ;
; avs_readdata[13] ; 2.5 V        ; 0 s                 ; 0 s                 ; 2.75 V                       ; 0.000419 V                   ; 2.85 V              ; -0.0671 V           ; 0.203 V                              ; 0.19 V                               ; 4.57e-10 s                  ; 4.54e-10 s                  ; No                         ; No                         ; 2.75 V                      ; 0.000419 V                  ; 2.85 V             ; -0.0671 V          ; 0.203 V                             ; 0.19 V                              ; 4.57e-10 s                 ; 4.54e-10 s                 ; No                        ; No                        ;
; avs_readdata[14] ; 2.5 V        ; 0 s                 ; 0 s                 ; 2.75 V                       ; 0.000362 V                   ; 2.79 V              ; -0.0303 V           ; 0.139 V                              ; 0.127 V                              ; 4.44e-10 s                  ; 4.38e-10 s                  ; No                         ; Yes                        ; 2.75 V                      ; 0.000362 V                  ; 2.79 V             ; -0.0303 V          ; 0.139 V                             ; 0.127 V                             ; 4.44e-10 s                 ; 4.38e-10 s                 ; No                        ; Yes                       ;
; avs_readdata[15] ; 2.5 V        ; 0 s                 ; 0 s                 ; 2.75 V                       ; 0.00041 V                    ; 2.85 V              ; -0.076 V            ; 0.363 V                              ; 0.16 V                               ; 3.08e-10 s                  ; 4.37e-10 s                  ; No                         ; No                         ; 2.75 V                      ; 0.00041 V                   ; 2.85 V             ; -0.076 V           ; 0.363 V                             ; 0.16 V                              ; 3.08e-10 s                 ; 4.37e-10 s                 ; No                        ; No                        ;
; avs_readdata[16] ; 2.5 V        ; 0 s                 ; 0 s                 ; 2.75 V                       ; 0.000362 V                   ; 2.79 V              ; -0.0303 V           ; 0.139 V                              ; 0.127 V                              ; 4.44e-10 s                  ; 4.38e-10 s                  ; No                         ; Yes                        ; 2.75 V                      ; 0.000362 V                  ; 2.79 V             ; -0.0303 V          ; 0.139 V                             ; 0.127 V                             ; 4.44e-10 s                 ; 4.38e-10 s                 ; No                        ; Yes                       ;
; avs_readdata[17] ; 2.5 V        ; 0 s                 ; 0 s                 ; 2.75 V                       ; 0.00041 V                    ; 2.85 V              ; -0.076 V            ; 0.363 V                              ; 0.16 V                               ; 3.08e-10 s                  ; 4.37e-10 s                  ; No                         ; No                         ; 2.75 V                      ; 0.00041 V                   ; 2.85 V             ; -0.076 V           ; 0.363 V                             ; 0.16 V                              ; 3.08e-10 s                 ; 4.37e-10 s                 ; No                        ; No                        ;
; avs_readdata[18] ; 2.5 V        ; 0 s                 ; 0 s                 ; 2.75 V                       ; 0.00041 V                    ; 2.85 V              ; -0.076 V            ; 0.363 V                              ; 0.16 V                               ; 3.08e-10 s                  ; 4.37e-10 s                  ; No                         ; No                         ; 2.75 V                      ; 0.00041 V                   ; 2.85 V             ; -0.076 V           ; 0.363 V                             ; 0.16 V                              ; 3.08e-10 s                 ; 4.37e-10 s                 ; No                        ; No                        ;
; avs_readdata[19] ; 2.5 V        ; 0 s                 ; 0 s                 ; 2.75 V                       ; 0.00041 V                    ; 2.85 V              ; -0.0763 V           ; 0.365 V                              ; 0.161 V                              ; 3.08e-10 s                  ; 4.37e-10 s                  ; No                         ; No                         ; 2.75 V                      ; 0.00041 V                   ; 2.85 V             ; -0.0763 V          ; 0.365 V                             ; 0.161 V                             ; 3.08e-10 s                 ; 4.37e-10 s                 ; No                        ; No                        ;
; avs_readdata[20] ; 2.5 V        ; 0 s                 ; 0 s                 ; 2.75 V                       ; 0.00041 V                    ; 2.85 V              ; -0.0763 V           ; 0.365 V                              ; 0.161 V                              ; 3.08e-10 s                  ; 4.37e-10 s                  ; No                         ; No                         ; 2.75 V                      ; 0.00041 V                   ; 2.85 V             ; -0.0763 V          ; 0.365 V                             ; 0.161 V                             ; 3.08e-10 s                 ; 4.37e-10 s                 ; No                        ; No                        ;
; avs_readdata[21] ; 2.5 V        ; 0 s                 ; 0 s                 ; 2.75 V                       ; 0.00041 V                    ; 2.85 V              ; -0.076 V            ; 0.363 V                              ; 0.16 V                               ; 3.08e-10 s                  ; 4.37e-10 s                  ; No                         ; No                         ; 2.75 V                      ; 0.00041 V                   ; 2.85 V             ; -0.076 V           ; 0.363 V                             ; 0.16 V                              ; 3.08e-10 s                 ; 4.37e-10 s                 ; No                        ; No                        ;
; avs_readdata[22] ; 2.5 V        ; 0 s                 ; 0 s                 ; 2.75 V                       ; 0.00041 V                    ; 2.85 V              ; -0.076 V            ; 0.363 V                              ; 0.16 V                               ; 3.08e-10 s                  ; 4.37e-10 s                  ; No                         ; No                         ; 2.75 V                      ; 0.00041 V                   ; 2.85 V             ; -0.076 V           ; 0.363 V                             ; 0.16 V                              ; 3.08e-10 s                 ; 4.37e-10 s                 ; No                        ; No                        ;
; avs_readdata[23] ; 2.5 V        ; 0 s                 ; 0 s                 ; 2.75 V                       ; 0.00041 V                    ; 2.85 V              ; -0.076 V            ; 0.363 V                              ; 0.16 V                               ; 3.08e-10 s                  ; 4.37e-10 s                  ; No                         ; No                         ; 2.75 V                      ; 0.00041 V                   ; 2.85 V             ; -0.076 V           ; 0.363 V                             ; 0.16 V                              ; 3.08e-10 s                 ; 4.37e-10 s                 ; No                        ; No                        ;
; avs_readdata[24] ; 2.5 V        ; 0 s                 ; 0 s                 ; 2.75 V                       ; 0.000419 V                   ; 2.85 V              ; -0.0671 V           ; 0.203 V                              ; 0.19 V                               ; 4.57e-10 s                  ; 4.54e-10 s                  ; No                         ; No                         ; 2.75 V                      ; 0.000419 V                  ; 2.85 V             ; -0.0671 V          ; 0.203 V                             ; 0.19 V                              ; 4.57e-10 s                 ; 4.54e-10 s                 ; No                        ; No                        ;
; avs_readdata[25] ; 2.5 V        ; 0 s                 ; 0 s                 ; 2.75 V                       ; 0.000419 V                   ; 2.85 V              ; -0.0671 V           ; 0.203 V                              ; 0.19 V                               ; 4.57e-10 s                  ; 4.54e-10 s                  ; No                         ; No                         ; 2.75 V                      ; 0.000419 V                  ; 2.85 V             ; -0.0671 V          ; 0.203 V                             ; 0.19 V                              ; 4.57e-10 s                 ; 4.54e-10 s                 ; No                        ; No                        ;
; avs_readdata[26] ; 2.5 V        ; 0 s                 ; 0 s                 ; 2.75 V                       ; 0.000362 V                   ; 2.79 V              ; -0.0303 V           ; 0.139 V                              ; 0.127 V                              ; 4.44e-10 s                  ; 4.38e-10 s                  ; No                         ; Yes                        ; 2.75 V                      ; 0.000362 V                  ; 2.79 V             ; -0.0303 V          ; 0.139 V                             ; 0.127 V                             ; 4.44e-10 s                 ; 4.38e-10 s                 ; No                        ; Yes                       ;
; avs_readdata[27] ; 2.5 V        ; 0 s                 ; 0 s                 ; 2.75 V                       ; 0.00041 V                    ; 2.85 V              ; -0.0763 V           ; 0.365 V                              ; 0.161 V                              ; 3.08e-10 s                  ; 4.37e-10 s                  ; No                         ; No                         ; 2.75 V                      ; 0.00041 V                   ; 2.85 V             ; -0.0763 V          ; 0.365 V                             ; 0.161 V                             ; 3.08e-10 s                 ; 4.37e-10 s                 ; No                        ; No                        ;
; avs_readdata[28] ; 2.5 V        ; 0 s                 ; 0 s                 ; 2.75 V                       ; 0.00041 V                    ; 2.85 V              ; -0.0763 V           ; 0.365 V                              ; 0.161 V                              ; 3.08e-10 s                  ; 4.37e-10 s                  ; No                         ; No                         ; 2.75 V                      ; 0.00041 V                   ; 2.85 V             ; -0.0763 V          ; 0.365 V                             ; 0.161 V                             ; 3.08e-10 s                 ; 4.37e-10 s                 ; No                        ; No                        ;
; avs_readdata[29] ; 2.5 V        ; 0 s                 ; 0 s                 ; 2.75 V                       ; 0.00041 V                    ; 2.85 V              ; -0.0763 V           ; 0.365 V                              ; 0.161 V                              ; 3.08e-10 s                  ; 4.37e-10 s                  ; No                         ; No                         ; 2.75 V                      ; 0.00041 V                   ; 2.85 V             ; -0.0763 V          ; 0.365 V                             ; 0.161 V                             ; 3.08e-10 s                 ; 4.37e-10 s                 ; No                        ; No                        ;
; avs_readdata[30] ; 2.5 V        ; 0 s                 ; 0 s                 ; 2.75 V                       ; 0.000362 V                   ; 2.79 V              ; -0.0303 V           ; 0.139 V                              ; 0.127 V                              ; 4.44e-10 s                  ; 4.38e-10 s                  ; No                         ; Yes                        ; 2.75 V                      ; 0.000362 V                  ; 2.79 V             ; -0.0303 V          ; 0.139 V                             ; 0.127 V                             ; 4.44e-10 s                 ; 4.38e-10 s                 ; No                        ; Yes                       ;
; avs_readdata[31] ; 2.5 V        ; 0 s                 ; 0 s                 ; 2.75 V                       ; 0.000419 V                   ; 2.85 V              ; -0.0671 V           ; 0.203 V                              ; 0.19 V                               ; 4.57e-10 s                  ; 4.54e-10 s                  ; No                         ; No                         ; 2.75 V                      ; 0.000419 V                  ; 2.85 V             ; -0.0671 V          ; 0.203 V                             ; 0.19 V                              ; 4.57e-10 s                 ; 4.54e-10 s                 ; No                        ; No                        ;
; avs_waitrequest  ; 2.5 V        ; 0 s                 ; 0 s                 ; 2.75 V                       ; 0.00041 V                    ; 2.85 V              ; -0.076 V            ; 0.363 V                              ; 0.16 V                               ; 3.08e-10 s                  ; 4.37e-10 s                  ; No                         ; No                         ; 2.75 V                      ; 0.00041 V                   ; 2.85 V             ; -0.076 V           ; 0.363 V                             ; 0.16 V                              ; 3.08e-10 s                 ; 4.37e-10 s                 ; No                        ; No                        ;
+------------------+--------------+---------------------+---------------------+------------------------------+------------------------------+---------------------+---------------------+--------------------------------------+--------------------------------------+-----------------------------+-----------------------------+----------------------------+----------------------------+-----------------------------+-----------------------------+--------------------+--------------------+-------------------------------------+-------------------------------------+----------------------------+----------------------------+---------------------------+---------------------------+


+-----------------------------------------------------------------------+
; Setup Transfers                                                       ;
+------------+----------+--------------+----------+----------+----------+
; From Clock ; To Clock ; RR Paths     ; FR Paths ; RF Paths ; FF Paths ;
+------------+----------+--------------+----------+----------+----------+
; clk        ; clk      ; > 2147483647 ; 0        ; 0        ; 0        ;
+------------+----------+--------------+----------+----------+----------+
Entries labeled "false path" only account for clock-to-clock false paths and not path-based false paths. As a result, actual path counts may be lower than reported.


+-----------------------------------------------------------------------+
; Hold Transfers                                                        ;
+------------+----------+--------------+----------+----------+----------+
; From Clock ; To Clock ; RR Paths     ; FR Paths ; RF Paths ; FF Paths ;
+------------+----------+--------------+----------+----------+----------+
; clk        ; clk      ; > 2147483647 ; 0        ; 0        ; 0        ;
+------------+----------+--------------+----------+----------+----------+
Entries labeled "false path" only account for clock-to-clock false paths and not path-based false paths. As a result, actual path counts may be lower than reported.


+-------------------------------------------------------------------+
; Recovery Transfers                                                ;
+------------+----------+----------+----------+----------+----------+
; From Clock ; To Clock ; RR Paths ; FR Paths ; RF Paths ; FF Paths ;
+------------+----------+----------+----------+----------+----------+
; clk        ; clk      ; 32972    ; 0        ; 0        ; 0        ;
+------------+----------+----------+----------+----------+----------+
Entries labeled "false path" only account for clock-to-clock false paths and not path-based false paths. As a result, actual path counts may be lower than reported.


+-------------------------------------------------------------------+
; Removal Transfers                                                 ;
+------------+----------+----------+----------+----------+----------+
; From Clock ; To Clock ; RR Paths ; FR Paths ; RF Paths ; FF Paths ;
+------------+----------+----------+----------+----------+----------+
; clk        ; clk      ; 32972    ; 0        ; 0        ; 0        ;
+------------+----------+----------+----------+----------+----------+
Entries labeled "false path" only account for clock-to-clock false paths and not path-based false paths. As a result, actual path counts may be lower than reported.


---------------
; Report TCCS ;
---------------
No dedicated SERDES Transmitter circuitry present in device or used in design


---------------
; Report RSKM ;
---------------
No non-DPA dedicated SERDES Receiver circuitry present in device or used in design


+-------------------------------------------------+
; Unconstrained Paths Summary                     ;
+---------------------------------+-------+-------+
; Property                        ; Setup ; Hold  ;
+---------------------------------+-------+-------+
; Illegal Clocks                  ; 0     ; 0     ;
; Unconstrained Clocks            ; 0     ; 0     ;
; Unconstrained Input Ports       ; 46    ; 46    ;
; Unconstrained Input Port Paths  ; 82398 ; 82398 ;
; Unconstrained Output Ports      ; 32    ; 32    ;
; Unconstrained Output Port Paths ; 1291  ; 1291  ;
+---------------------------------+-------+-------+


+-------------------------------------+
; Clock Status Summary                ;
+--------+-------+------+-------------+
; Target ; Clock ; Type ; Status      ;
+--------+-------+------+-------------+
; clk    ; clk   ; Base ; Constrained ;
+--------+-------+------+-------------+


+----------------------------------------------------------------------------------------------------------+
; Unconstrained Input Ports                                                                                ;
+-------------------+--------------------------------------------------------------------------------------+
; Input Port        ; Comment                                                                              ;
+-------------------+--------------------------------------------------------------------------------------+
; avs_address[0]    ; No input delay, min/max delays, false-path exceptions, or max skew assignments found ;
; avs_address[1]    ; No input delay, min/max delays, false-path exceptions, or max skew assignments found ;
; avs_address[2]    ; No input delay, min/max delays, false-path exceptions, or max skew assignments found ;
; avs_address[3]    ; No input delay, min/max delays, false-path exceptions, or max skew assignments found ;
; avs_address[4]    ; No input delay, min/max delays, false-path exceptions, or max skew assignments found ;
; avs_address[5]    ; No input delay, min/max delays, false-path exceptions, or max skew assignments found ;
; avs_address[6]    ; No input delay, min/max delays, false-path exceptions, or max skew assignments found ;
; avs_address[7]    ; No input delay, min/max delays, false-path exceptions, or max skew assignments found ;
; avs_byteenable[0] ; No input delay, min/max delays, false-path exceptions, or max skew assignments found ;
; avs_byteenable[1] ; No input delay, min/max delays, false-path exceptions, or max skew assignments found ;
; avs_byteenable[2] ; No input delay, min/max delays, false-path exceptions, or max skew assignments found ;
; avs_byteenable[3] ; No input delay, min/max delays, false-path exceptions, or max skew assignments found ;
; avs_write         ; No input delay, min/max delays, false-path exceptions, or max skew assignments found ;
; avs_writedata[0]  ; No input delay, min/max delays, false-path exceptions, or max skew assignments found ;
; avs_writedata[1]  ; No input delay, min/max delays, false-path exceptions, or max skew assignments found ;
; avs_writedata[2]  ; No input delay, min/max delays, false-path exceptions, or max skew assignments found ;
; avs_writedata[3]  ; No input delay, min/max delays, false-path exceptions, or max skew assignments found ;
; avs_writedata[4]  ; No input delay, min/max delays, false-path exceptions, or max skew assignments found ;
; avs_writedata[5]  ; No input delay, min/max delays, false-path exceptions, or max skew assignments found ;
; avs_writedata[6]  ; No input delay, min/max delays, false-path exceptions, or max skew assignments found ;
; avs_writedata[7]  ; No input delay, min/max delays, false-path exceptions, or max skew assignments found ;
; avs_writedata[8]  ; No input delay, min/max delays, false-path exceptions, or max skew assignments found ;
; avs_writedata[9]  ; No input delay, min/max delays, false-path exceptions, or max skew assignments found ;
; avs_writedata[10] ; No input delay, min/max delays, false-path exceptions, or max skew assignments found ;
; avs_writedata[11] ; No input delay, min/max delays, false-path exceptions, or max skew assignments found ;
; avs_writedata[12] ; No input delay, min/max delays, false-path exceptions, or max skew assignments found ;
; avs_writedata[13] ; No input delay, min/max delays, false-path exceptions, or max skew assignments found ;
; avs_writedata[14] ; No input delay, min/max delays, false-path exceptions, or max skew assignments found ;
; avs_writedata[15] ; No input delay, min/max delays, false-path exceptions, or max skew assignments found ;
; avs_writedata[16] ; No input delay, min/max delays, false-path exceptions, or max skew assignments found ;
; avs_writedata[17] ; No input delay, min/max delays, false-path exceptions, or max skew assignments found ;
; avs_writedata[18] ; No input delay, min/max delays, false-path exceptions, or max skew assignments found ;
; avs_writedata[19] ; No input delay, min/max delays, false-path exceptions, or max skew assignments found ;
; avs_writedata[20] ; No input delay, min/max delays, false-path exceptions, or max skew assignments found ;
; avs_writedata[21] ; No input delay, min/max delays, false-path exceptions, or max skew assignments found ;
; avs_writedata[22] ; No input delay, min/max delays, false-path exceptions, or max skew assignments found ;
; avs_writedata[23] ; No input delay, min/max delays, false-path exceptions, or max skew assignments found ;
; avs_writedata[24] ; No input delay, min/max delays, false-path exceptions, or max skew assignments found ;
; avs_writedata[25] ; No input delay, min/max delays, false-path exceptions, or max skew assignments found ;
; avs_writedata[26] ; No input delay, min/max delays, false-path exceptions, or max skew assignments found ;
; avs_writedata[27] ; No input delay, min/max delays, false-path exceptions, or max skew assignments found ;
; avs_writedata[28] ; No input delay, min/max delays, false-path exceptions, or max skew assignments found ;
; avs_writedata[29] ; No input delay, min/max delays, false-path exceptions, or max skew assignments found ;
; avs_writedata[30] ; No input delay, min/max delays, false-path exceptions, or max skew assignments found ;
; avs_writedata[31] ; No input delay, min/max delays, false-path exceptions, or max skew assignments found ;
; reset_n           ; No input delay, min/max delays, false-path exceptions, or max skew assignments found ;
+-------------------+--------------------------------------------------------------------------------------+


+----------------------------------------------------------------------------------------------------------+
; Unconstrained Output Ports                                                                               ;
+------------------+---------------------------------------------------------------------------------------+
; Output Port      ; Comment                                                                               ;
+------------------+---------------------------------------------------------------------------------------+
; avs_readdata[0]  ; No output delay, min/max delays, false-path exceptions, or max skew assignments found ;
; avs_readdata[1]  ; No output delay, min/max delays, false-path exceptions, or max skew assignments found ;
; avs_readdata[2]  ; No output delay, min/max delays, false-path exceptions, or max skew assignments found ;
; avs_readdata[3]  ; No output delay, min/max delays, false-path exceptions, or max skew assignments found ;
; avs_readdata[4]  ; No output delay, min/max delays, false-path exceptions, or max skew assignments found ;
; avs_readdata[5]  ; No output delay, min/max delays, false-path exceptions, or max skew assignments found ;
; avs_readdata[6]  ; No output delay, min/max delays, false-path exceptions, or max skew assignments found ;
; avs_readdata[7]  ; No output delay, min/max delays, false-path exceptions, or max skew assignments found ;
; avs_readdata[8]  ; No output delay, min/max delays, false-path exceptions, or max skew assignments found ;
; avs_readdata[9]  ; No output delay, min/max delays, false-path exceptions, or max skew assignments found ;
; avs_readdata[10] ; No output delay, min/max delays, false-path exceptions, or max skew assignments found ;
; avs_readdata[11] ; No output delay, min/max delays, false-path exceptions, or max skew assignments found ;
; avs_readdata[12] ; No output delay, min/max delays, false-path exceptions, or max skew assignments found ;
; avs_readdata[13] ; No output delay, min/max delays, false-path exceptions, or max skew assignments found ;
; avs_readdata[14] ; No output delay, min/max delays, false-path exceptions, or max skew assignments found ;
; avs_readdata[15] ; No output delay, min/max delays, false-path exceptions, or max skew assignments found ;
; avs_readdata[16] ; No output delay, min/max delays, false-path exceptions, or max skew assignments found ;
; avs_readdata[17] ; No output delay, min/max delays, false-path exceptions, or max skew assignments found ;
; avs_readdata[18] ; No output delay, min/max delays, false-path exceptions, or max skew assignments found ;
; avs_readdata[19] ; No output delay, min/max delays, false-path exceptions, or max skew assignments found ;
; avs_readdata[20] ; No output delay, min/max delays, false-path exceptions, or max skew assignments found ;
; avs_readdata[21] ; No output delay, min/max delays, false-path exceptions, or max skew assignments found ;
; avs_readdata[22] ; No output delay, min/max delays, false-path exceptions, or max skew assignments found ;
; avs_readdata[23] ; No output delay, min/max delays, false-path exceptions, or max skew assignments found ;
; avs_readdata[24] ; No output delay, min/max delays, false-path exceptions, or max skew assignments found ;
; avs_readdata[25] ; No output delay, min/max delays, false-path exceptions, or max skew assignments found ;
; avs_readdata[26] ; No output delay, min/max delays, false-path exceptions, or max skew assignments found ;
; avs_readdata[27] ; No output delay, min/max delays, false-path exceptions, or max skew assignments found ;
; avs_readdata[28] ; No output delay, min/max delays, false-path exceptions, or max skew assignments found ;
; avs_readdata[29] ; No output delay, min/max delays, false-path exceptions, or max skew assignments found ;
; avs_readdata[30] ; No output delay, min/max delays, false-path exceptions, or max skew assignments found ;
; avs_readdata[31] ; No output delay, min/max delays, false-path exceptions, or max skew assignments found ;
+------------------+---------------------------------------------------------------------------------------+


+----------------------------------------------------------------------------------------------------------+
; Unconstrained Input Ports                                                                                ;
+-------------------+--------------------------------------------------------------------------------------+
; Input Port        ; Comment                                                                              ;
+-------------------+--------------------------------------------------------------------------------------+
; avs_address[0]    ; No input delay, min/max delays, false-path exceptions, or max skew assignments found ;
; avs_address[1]    ; No input delay, min/max delays, false-path exceptions, or max skew assignments found ;
; avs_address[2]    ; No input delay, min/max delays, false-path exceptions, or max skew assignments found ;
; avs_address[3]    ; No input delay, min/max delays, false-path exceptions, or max skew assignments found ;
; avs_address[4]    ; No input delay, min/max delays, false-path exceptions, or max skew assignments found ;
; avs_address[5]    ; No input delay, min/max delays, false-path exceptions, or max skew assignments found ;
; avs_address[6]    ; No input delay, min/max delays, false-path exceptions, or max skew assignments found ;
; avs_address[7]    ; No input delay, min/max delays, false-path exceptions, or max skew assignments found ;
; avs_byteenable[0] ; No input delay, min/max delays, false-path exceptions, or max skew assignments found ;
; avs_byteenable[1] ; No input delay, min/max delays, false-path exceptions, or max skew assignments found ;
; avs_byteenable[2] ; No input delay, min/max delays, false-path exceptions, or max skew assignments found ;
; avs_byteenable[3] ; No input delay, min/max delays, false-path exceptions, or max skew assignments found ;
; avs_write         ; No input delay, min/max delays, false-path exceptions, or max skew assignments found ;
; avs_writedata[0]  ; No input delay, min/max delays, false-path exceptions, or max skew assignments found ;
; avs_writedata[1]  ; No input delay, min/max delays, false-path exceptions, or max skew assignments found ;
; avs_writedata[2]  ; No input delay, min/max delays, false-path exceptions, or max skew assignments found ;
; avs_writedata[3]  ; No input delay, min/max delays, false-path exceptions, or max skew assignments found ;
; avs_writedata[4]  ; No input delay, min/max delays, false-path exceptions, or max skew assignments found ;
; avs_writedata[5]  ; No input delay, min/max delays, false-path exceptions, or max skew assignments found ;
; avs_writedata[6]  ; No input delay, min/max delays, false-path exceptions, or max skew assignments found ;
; avs_writedata[7]  ; No input delay, min/max delays, false-path exceptions, or max skew assignments found ;
; avs_writedata[8]  ; No input delay, min/max delays, false-path exceptions, or max skew assignments found ;
; avs_writedata[9]  ; No input delay, min/max delays, false-path exceptions, or max skew assignments found ;
; avs_writedata[10] ; No input delay, min/max delays, false-path exceptions, or max skew assignments found ;
; avs_writedata[11] ; No input delay, min/max delays, false-path exceptions, or max skew assignments found ;
; avs_writedata[12] ; No input delay, min/max delays, false-path exceptions, or max skew assignments found ;
; avs_writedata[13] ; No input delay, min/max delays, false-path exceptions, or max skew assignments found ;
; avs_writedata[14] ; No input delay, min/max delays, false-path exceptions, or max skew assignments found ;
; avs_writedata[15] ; No input delay, min/max delays, false-path exceptions, or max skew assignments found ;
; avs_writedata[16] ; No input delay, min/max delays, false-path exceptions, or max skew assignments found ;
; avs_writedata[17] ; No input delay, min/max delays, false-path exceptions, or max skew assignments found ;
; avs_writedata[18] ; No input delay, min/max delays, false-path exceptions, or max skew assignments found ;
; avs_writedata[19] ; No input delay, min/max delays, false-path exceptions, or max skew assignments found ;
; avs_writedata[20] ; No input delay, min/max delays, false-path exceptions, or max skew assignments found ;
; avs_writedata[21] ; No input delay, min/max delays, false-path exceptions, or max skew assignments found ;
; avs_writedata[22] ; No input delay, min/max delays, false-path exceptions, or max skew assignments found ;
; avs_writedata[23] ; No input delay, min/max delays, false-path exceptions, or max skew assignments found ;
; avs_writedata[24] ; No input delay, min/max delays, false-path exceptions, or max skew assignments found ;
; avs_writedata[25] ; No input delay, min/max delays, false-path exceptions, or max skew assignments found ;
; avs_writedata[26] ; No input delay, min/max delays, false-path exceptions, or max skew assignments found ;
; avs_writedata[27] ; No input delay, min/max delays, false-path exceptions, or max skew assignments found ;
; avs_writedata[28] ; No input delay, min/max delays, false-path exceptions, or max skew assignments found ;
; avs_writedata[29] ; No input delay, min/max delays, false-path exceptions, or max skew assignments found ;
; avs_writedata[30] ; No input delay, min/max delays, false-path exceptions, or max skew assignments found ;
; avs_writedata[31] ; No input delay, min/max delays, false-path exceptions, or max skew assignments found ;
; reset_n           ; No input delay, min/max delays, false-path exceptions, or max skew assignments found ;
+-------------------+--------------------------------------------------------------------------------------+


+----------------------------------------------------------------------------------------------------------+
; Unconstrained Output Ports                                                                               ;
+------------------+---------------------------------------------------------------------------------------+
; Output Port      ; Comment                                                                               ;
+------------------+---------------------------------------------------------------------------------------+
; avs_readdata[0]  ; No output delay, min/max delays, false-path exceptions, or max skew assignments found ;
; avs_readdata[1]  ; No output delay, min/max delays, false-path exceptions, or max skew assignments found ;
; avs_readdata[2]  ; No output delay, min/max delays, false-path exceptions, or max skew assignments found ;
; avs_readdata[3]  ; No output delay, min/max delays, false-path exceptions, or max skew assignments found ;
; avs_readdata[4]  ; No output delay, min/max delays, false-path exceptions, or max skew assignments found ;
; avs_readdata[5]  ; No output delay, min/max delays, false-path exceptions, or max skew assignments found ;
; avs_readdata[6]  ; No output delay, min/max delays, false-path exceptions, or max skew assignments found ;
; avs_readdata[7]  ; No output delay, min/max delays, false-path exceptions, or max skew assignments found ;
; avs_readdata[8]  ; No output delay, min/max delays, false-path exceptions, or max skew assignments found ;
; avs_readdata[9]  ; No output delay, min/max delays, false-path exceptions, or max skew assignments found ;
; avs_readdata[10] ; No output delay, min/max delays, false-path exceptions, or max skew assignments found ;
; avs_readdata[11] ; No output delay, min/max delays, false-path exceptions, or max skew assignments found ;
; avs_readdata[12] ; No output delay, min/max delays, false-path exceptions, or max skew assignments found ;
; avs_readdata[13] ; No output delay, min/max delays, false-path exceptions, or max skew assignments found ;
; avs_readdata[14] ; No output delay, min/max delays, false-path exceptions, or max skew assignments found ;
; avs_readdata[15] ; No output delay, min/max delays, false-path exceptions, or max skew assignments found ;
; avs_readdata[16] ; No output delay, min/max delays, false-path exceptions, or max skew assignments found ;
; avs_readdata[17] ; No output delay, min/max delays, false-path exceptions, or max skew assignments found ;
; avs_readdata[18] ; No output delay, min/max delays, false-path exceptions, or max skew assignments found ;
; avs_readdata[19] ; No output delay, min/max delays, false-path exceptions, or max skew assignments found ;
; avs_readdata[20] ; No output delay, min/max delays, false-path exceptions, or max skew assignments found ;
; avs_readdata[21] ; No output delay, min/max delays, false-path exceptions, or max skew assignments found ;
; avs_readdata[22] ; No output delay, min/max delays, false-path exceptions, or max skew assignments found ;
; avs_readdata[23] ; No output delay, min/max delays, false-path exceptions, or max skew assignments found ;
; avs_readdata[24] ; No output delay, min/max delays, false-path exceptions, or max skew assignments found ;
; avs_readdata[25] ; No output delay, min/max delays, false-path exceptions, or max skew assignments found ;
; avs_readdata[26] ; No output delay, min/max delays, false-path exceptions, or max skew assignments found ;
; avs_readdata[27] ; No output delay, min/max delays, false-path exceptions, or max skew assignments found ;
; avs_readdata[28] ; No output delay, min/max delays, false-path exceptions, or max skew assignments found ;
; avs_readdata[29] ; No output delay, min/max delays, false-path exceptions, or max skew assignments found ;
; avs_readdata[30] ; No output delay, min/max delays, false-path exceptions, or max skew assignments found ;
; avs_readdata[31] ; No output delay, min/max delays, false-path exceptions, or max skew assignments found ;
+------------------+---------------------------------------------------------------------------------------+


+--------------------------+
; Timing Analyzer Messages ;
+--------------------------+
Info: *******************************************************************
Info: Running Quartus Prime Timing Analyzer
    Info: Version 20.1.0 Build 711 06/05/2020 SJ Lite Edition
    Info: Processing started: Thu Oct  8 20:16:26 2026
Info: Command: quartus_sta TinySign -c TinySign
Info: qsta_default_script.tcl version: #1
Warning (18236): Number of processors has not been specified which may cause overloading on shared machines.  Set the global assignment NUM_PARALLEL_PROCESSORS in your QSF to an appropriate value for best performance.
Info (20030): Parallel compilation is enabled and will use 4 of the 4 processors detected
Info (21076): High junction temperature operating condition is not set. Assuming a default value of '100'.
Info (21076): Low junction temperature operating condition is not set. Assuming a default value of '-40'.
Info (332104): Reading SDC File: 'TinySign.sdc'
Info (332143): No user constrained clock uncertainty found in the design. Calling "derive_clock_uncertainty"
Info (332123): Deriving Clock Uncertainty. Please refer to report_sdc in the Timing Analyzer to see clock uncertainties.
Info: Found TIMING_ANALYZER_REPORT_SCRIPT_INCLUDE_DEFAULT_ANALYSIS = ON
Info: Analyzing Slow 1100mV 100C Model
Critical Warning (332148): Timing requirements not met
    Info (11105): For recommendations on closing timing, run Report Timing Closure Recommendations in the Timing Analyzer.
Info (332146): Worst-case setup slack is -5.006
    Info (332119):     Slack       End Point TNS Clock 
    Info (332119): ========= =================== =====================
    Info (332119):    -5.006          -10080.117 clk 
Info (332146): Worst-case hold slack is 0.277
    Info (332119):     Slack       End Point TNS Clock 
    Info (332119): ========= =================== =====================
    Info (332119):     0.277               0.000 clk 
Info (332146): Worst-case recovery slack is 6.720
    Info (332119):     Slack       End Point TNS Clock 
    Info (332119): ========= =================== =====================
    Info (332119):     6.720               0.000 clk 
Info (332146): Worst-case removal slack is 7.086
    Info (332119):     Slack       End Point TNS Clock 
    Info (332119): ========= =================== =====================
    Info (332119):     7.086               0.000 clk 
Info (332146): Worst-case minimum pulse width slack is 9.278
    Info (332119):     Slack       End Point TNS Clock 
    Info (332119): ========= =================== =====================
    Info (332119):     9.278               0.000 clk 
Info: Analyzing Slow 1100mV -40C Model
Info (334003): Started post-fitting delay annotation
Info (334004): Delay annotation completed successfully
Info (332123): Deriving Clock Uncertainty. Please refer to report_sdc in the Timing Analyzer to see clock uncertainties.
Critical Warning (332148): Timing requirements not met
    Info (11105): For recommendations on closing timing, run Report Timing Closure Recommendations in the Timing Analyzer.
Info (332146): Worst-case setup slack is -3.693
    Info (332119):     Slack       End Point TNS Clock 
    Info (332119): ========= =================== =====================
    Info (332119):    -3.693           -6234.867 clk 
Info (332146): Worst-case hold slack is 0.203
    Info (332119):     Slack       End Point TNS Clock 
    Info (332119): ========= =================== =====================
    Info (332119):     0.203               0.000 clk 
Info (332146): Worst-case recovery slack is 7.048
    Info (332119):     Slack       End Point TNS Clock 
    Info (332119): ========= =================== =====================
    Info (332119):     7.048               0.000 clk 
Info (332146): Worst-case removal slack is 6.916
    Info (332119):     Slack       End Point TNS Clock 
    Info (332119): ========= =================== =====================
    Info (332119):     6.916               0.000 clk 
Info (332146): Worst-case minimum pulse width slack is 9.142
    Info (332119):     Slack       End Point TNS Clock 
    Info (332119): ========= =================== =====================
    Info (332119):     9.142               0.000 clk 
Info: Analyzing Fast 1100mV 100C Model
Info (334003): Started post-fitting delay annotation
Info (334004): Delay annotation completed successfully
Info (332123): Deriving Clock Uncertainty. Please refer to report_sdc in the Timing Analyzer to see clock uncertainties.
Info (332146): Worst-case setup slack is 7.180
    Info (332119):     Slack       End Point TNS Clock 
    Info (332119): ========= =================== =====================
    Info (332119):     7.180               0.000 clk 
Info (332146): Worst-case hold slack is 0.149
    Info (332119):     Slack       End Point TNS Clock 
    Info (332119): ========= =================== =====================
    Info (332119):     0.149               0.000 clk 
Info (332146): Worst-case recovery slack is 12.474
    Info (332119):     Slack       End Point TNS Clock 
    Info (332119): ========= =================== =====================
    Info (332119):    12.474               0.000 clk 
Info (332146): Worst-case removal slack is 3.928
    Info (332119):     Slack       End Point TNS Clock 
    Info (332119): ========= =================== =====================
    Info (332119):     3.928               0.000 clk 
Info (332146): Worst-case minimum pulse width slack is 9.413
    Info (332119):     Slack       End Point TNS Clock 
    Info (332119): ========= =================== =====================
    Info (332119):     9.413               0.000 clk 
Info: Analyzing Fast 1100mV -40C Model
Info (332123): Deriving Clock Uncertainty. Please refer to report_sdc in the Timing Analyzer to see clock uncertainties.
Info (332146): Worst-case setup slack is 9.035
    Info (332119):     Slack       End Point TNS Clock 
    Info (332119): ========= =================== =====================
    Info (332119):     9.035               0.000 clk 
Info (332146): Worst-case hold slack is 0.113
    Info (332119):     Slack       End Point TNS Clock 
    Info (332119): ========= =================== =====================
    Info (332119):     0.113               0.000 clk 
Info (332146): Worst-case recovery slack is 13.503
    Info (332119):     Slack       End Point TNS Clock 
    Info (332119): ========= =================== =====================
    Info (332119):    13.503               0.000 clk 
Info (332146): Worst-case removal slack is 3.420
    Info (332119):     Slack       End Point TNS Clock 
    Info (332119): ========= =================== =====================
    Info (332119):     3.420               0.000 clk 
Info (332146): Worst-case minimum pulse width slack is 9.415
    Info (332119):     Slack       End Point TNS Clock 
    Info (332119): ========= =================== =====================
    Info (332119):     9.415               0.000 clk 
Info (332102): Design is not fully constrained for setup requirements
Info (332102): Design is not fully constrained for hold requirements
Info: Quartus Prime Timing Analyzer was successful. 0 errors, 3 warnings
    Info: Peak virtual memory: 2013 megabytes
    Info: Processing ended: Thu Oct  8 20:18:11 2026
    Info: Elapsed time: 00:01:45
    Info: Total CPU time (on all processors): 00:05:25


